Sno,Tsc No,Idnum,Name,Station,Mobile no.,Category,County,Region
1,794807,26194303,"Kimani, Faith Njeri",Bahati Uhuru Primary School,729526472,KNUT,Nairobi,Nairobi
2,603161,24022634,"Omulama, Frankline Mukolwe",A.E.F. Reuben Primary School,564790,KNUT,Nairobi,Nairobi
3,425303,22014234,"Mbogo, Magdaline Wanjiru",Dagoretti Muslim Pri Sch,22014234,KNUT,Nairobi,Nairobi
4,946242,25959719,"Njoroge, Mary Wandia",Dagoreti North Primary School,25959719,KNUT,Nairobi,Nairobi
5,451925,21890616,"Boru, Hadija Dida",Moi Forces Acadamy Primary,71310903,KNUT,Nairobi,Nairobi
6,572271,27447025,"Nzue, Racheal Eunice",Ndururuno Primary School,71326614,KNUT,Nairobi,Nairobi
7,354336,9972015,"Ogeisia, Josephine Moraa",Bondeni Primary School,71406194,KNUT,Nairobi,Nairobi
8,718012,25848804,"Oracha, Ron Dancan",Zawadi Primary School,71487565,KNUT,Nairobi,Nairobi
9,710614,0,Thomas Nyakundi,A.E.F. Reuben Primary School,71505716,KNUT,Nairobi,Nairobi
10,612521,27969583,"Liyengwa, Elizabeth Atema",Peter Kibukosya Primary School,71514385,KNUT,Nairobi,Nairobi
11,907085,25843234,"Ameyo, Paul Chanzu",St. Patricks Primary School,71797565,KNUT,Nairobi,Nairobi
12,625992,27219305,"Mulili, Florence Ndunge",Muthangari Primary School,72119305,KNUT,Nairobi,Nairobi
13,382709,13059799,"Ngugi, Peter Ndungu",Riruta Satellite Primary School,72247365,KNUT,Nairobi,Nairobi
14,423831,12637210,"Nyawawa, Susan Awiti",Zawadi Primary School,72272659,KNUT,Nairobi,Nairobi
15,549968,24419065,"Muoki, Joseph Kioko",Wangu Primary School,72305036,KNUT,Nairobi,Nairobi
16,728495,24763192,"Ngugi, Magdaline Waceke",Roysambu Primary School,72374769,KNUT,Nairobi,Nairobi
17,425101,21240048,"Kerore, Macyline Nyanchama",Kinyanjui Road Primary School(Gichagi),72381968,KNUT,Nairobi,Nairobi
18,321197,9370101,"Ombuya, Margaret ",Ainsworth Primary School,72475155,KNUT,Nairobi,Nairobi
19,426642,20663491,"Maina, Florence Mukami",New Eastleigh Primary School,72543070,KNUT,Nairobi,Nairobi
20,1047337,0,CHEPKEMOI DORCAS,KIWANJA PRI,74283883,KNUT,Nairobi,Nairobi
21,369223,12450295,"Kimanzi, Annitah Kasyoka",Baba Dogo Primary School,98576383,KNUT,Nairobi,Nairobi
22,887838,31672301,"Kamau, Eva Mukui",Shadrack Kimalel Primary School,105902905,KNUT,Nairobi,Nairobi
23,657586,23251939,"Shiracko, Chrispine Wanyande",Arya Girls Primary School,112996479,KNUT,Nairobi,Nairobi
24,1111600,39207764,eunice nzisa mwikali,Huruma Estate Primary School,113000664,KNUT,Nairobi,Nairobi
25,685709,26221246,"Akinyi, Erick Oluoch",Harambee Estate Primary School,115080293,KNUT,Nairobi,Nairobi
26,414660,14540682,"Biomndo, Evaline Chepngetich",Visa Oshwal Primary School,115708318,KNUT,Nairobi,Nairobi
27,659307,27532904,"Muema, Mwanzia Moses",Mukuru Primary School,117327576,KNUT,Nairobi,Nairobi
28,815911,31431504,Catherine Musyoka,Embakasi Garrision Primary School,700025567,KNUT,Nairobi,Nairobi
29,745715,26217711,"Wainaina, Jane Wanjiru",Salama Primary School,700072750,KNUT,Nairobi,Nairobi
30,720039,28426631,"Kang'ethe, Benson Ngigi",Dandora 1 Primary School,700112406,KNUT,Nairobi,Nairobi
31,559804,22157043,"Mutuku, Bernard Mwai",Raila Educational Centre Primary School,700113533,KNUT,Nairobi,Nairobi
32,664442,27687206,"Nyongesa, Titus Wekesa",Wangu Primary School,700179763,KNUT,Nairobi,Nairobi
33,658504,28757308,"Muthama, Elizabeth Mwikali",Gatoto Primary School,700198633,KNUT,Nairobi,Nairobi
34,670011,30061673,"Ireri, Samuel Muriithi",Our Lady Of Nazareth Primary School,700276071,KNUT,Nairobi,Nairobi
35,548918,13619115,"Kimathi, Robert ",Gitiba Primary School,700331584,KNUT,Nairobi,Nairobi
36,802121,32218365,"Kimani, Sandra Nyokabi",Baba Dogo Primary School,700332930,KNUT,Nairobi,Nairobi
37,869833,34096910,"Mihari, Bonface Ndungu",St. Anne's Primary School,700353949,KNUT,Nairobi,Nairobi
38,1038934,21517676,"Mariko, Cyrus Ontomwo",Ngong Forest Primary School,700408038,KNUT,Nairobi,Nairobi
39,680668,25276863,"Magai, Lynder Achieng",Joseph Kangethe Primary School,700476051,KNUT,Nairobi,Nairobi
40,755427,24718095,"Waswa, Jackline Nasambu",Ruai Primary School,700522592,KNUT,Nairobi,Nairobi
41,792177,28602255,"Okoth, David Onyango",Kayole 1 Primary School,700528796,KNUT,Nairobi,Nairobi
42,860084,31420060,"Yegon, Kipkoech ",Heshima Road Primary School,700537869,KNUT,Nairobi,Nairobi
43,946786,33288004,"Munji, Maureen Wambui",St. Anne's Primary School,700583945,KNUT,Nairobi,Nairobi
44,931408,27550842,"Modi, George Otieno",Moi Avenue Primary School,700585659,KNUT,Nairobi,Nairobi
45,676512,21639645,"Nzolea, Justus Mwema",Canon Apolo Primary School,700591875,KNUT,Nairobi,Nairobi
46,739909,27888008,"Etyang, Mildred Idekure",Hospital Hill Primary School,700621125,KNUT,Nairobi,Nairobi
47,387778,12811200,"Masikini, Jesse Maragi",Ngong Forest Primary School,700641376,KNUT,Nairobi,Nairobi
48,792176,33451829,"Kimondo, Faith Karingo",Nairobi South Primary School,700666276,KNUT,Nairobi,Nairobi
49,444384,22144876,"Namunyu, Adam Khaemba",Valley Bridge Primary School,700712700,KNUT,Nairobi,Nairobi
50,563224,26476911,"Opemi, Phyllis Namukhula",City Primary School,700757737,KNUT,Nairobi,Nairobi
51,1010900,24777924,"Alukumu, Erick Khamasi",Kilimani Primary School,700787774,KNUT,Nairobi,Nairobi
52,868555,30395127,"Wakaba, Faith Wangari",Ngei Primary School,700850237,KNUT,Nairobi,Nairobi
53,505072,24670978,"Odhiambo, Washington Alvans",River Bank Primary School,700918855,KNUT,Nairobi,Nairobi
54,963524,28130864,"Ndemwa, Eunice Ngwio",Roysambu Primary School,701069385,KNUT,Nairobi,Nairobi
55,867109,28064508,"Bangi, Richard Bisera",Muthangari Primary School,701099556,KNUT,Nairobi,Nairobi
56,590426,26657746,"Nyambeki, Trizah Kwamboka",Moi Airbase Primary School,701170102,KNUT,Nairobi,Nairobi
57,488794,23490057,"Ondara, Jonadab Nyakweba",Visa Oshwal Primary School,701173978,KNUT,Nairobi,Nairobi
58,796951,32476660,"Njoroge, Alex Macharia",Baraka Primary School,701277703,KNUT,Nairobi,Nairobi
59,794751,23148181,"Masila, Veronicah Muoti",Salama Primary School,701281629,KNUT,Nairobi,Nairobi
60,630405,24719802,"Musee, Dominic Muthini",Highway Manyatta Primary School,701300254,KNUT,Nairobi,Nairobi
61,425946,22406638,"Njeru, Frida Mukami",Nembu Primary School,701340313,KNUT,Nairobi,Nairobi
62,520524,22304475,"Chepkurui, Mercy Chemjor",Moi Airbase Primary School,701355388,KNUT,Nairobi,Nairobi
63,926807,22812588,"Nyaga, Roseline Wangui",Dr. Livingstone Primary School,701366810,KNUT,Nairobi,Nairobi
64,684984,27476522,"Kasuki, Catherine Mbithe",O.L.M. South B. Primary School,701401037,KNUT,Nairobi,Nairobi
65,640667,29124209,"Wairimu, Kennedy Kihumba",North Highridge Primary School,701415765,KNUT,Nairobi,Nairobi
66,782055,28745792,Peter Kipkurui,Embakasi Garrision Primary School,701417722,KNUT,Nairobi,Nairobi
67,653427,28205825,"Dulo, June Adhiambo",Zawadi Primary School,701423177,KNUT,Nairobi,Nairobi
68,540699,24458047,"Maneno, Aggrey Opati",Dagoretti Muslim Pri Sch,701525935,KNUT,Nairobi,Nairobi
69,659438,25017326,"Ligolo, Steven Ochieng",Gatoto Primary School,701592367,KNUT,Nairobi,Nairobi
70,838892,31276947,"Wanjiru, Virginia Nduta",Embakasi Primary School,701790380,KNUT,Nairobi,Nairobi
71,598116,20727400,"Otundo, John Bosco",Milimani Primary School,701846680,KNUT,Nairobi,Nairobi
72,763198,31403700,"Njoki, Mary Wanjiru",Kenyatta University Primary School,701853564,KNUT,Nairobi,Nairobi
73,751114,26428357,"Imunya, Jane Makena",Uhuru Gardens Primary School,702036277,KNUT,Nairobi,Nairobi
74,709582,30667511,"Ngina, Irene Nduta",Kenyatta University Primary School,702059729,KNUT,Nairobi,Nairobi
75,783641,20371170,"Njeru, Mary Wanjiru",Rabai Road Primary School,702083035,KNUT,Nairobi,Nairobi
76,749925,31715410,"Ng'ang'a, Esther Njeri",Aga Khan Primary School,702144986,KNUT,Nairobi,Nairobi
77,691361,23923165,"Mackmbiti, Benard Mulandi",Baba Dogo Primary School,702149586,KNUT,Nairobi,Nairobi
78,1050599,24792025,"Mutua, Jane Mutile",Umoja Estate Primary School,702179675,KNUT,Nairobi,Nairobi
79,812812,33166897,"Kimwamu, Dennis Ouma",Huruma Estate Primary School,702191481,KNUT,Nairobi,Nairobi
80,930575,27097947,"Ndege, Moses Owili",Olympic Estate Primary School,702194124,KNUT,Nairobi,Nairobi
81,838112,32038151,"Mbugua, Eunice Njoki",Canon Apolo Primary School,702254027,KNUT,Nairobi,Nairobi
82,846735,29948575,"Wambua, Stella Mwende",Bakhita Primary School,702266948,KNUT,Nairobi,Nairobi
83,395492,20208422,"Njue, Linet Muthoni",Imara Primary School,702321377,KNUT,Nairobi,Nairobi
84,452342,22459984,"Macharia, Teresiah Njeri",Muthaiga Primary School,702368742,KNUT,Nairobi,Nairobi
85,676602,29418635,"Nduta, Keziah Nduta",St. Teresa's Primary School,702410432,KNUT,Nairobi,Nairobi
86,703514,30570567,"Wambua, Fridah Muthikwa",Embakasi Primary School,702516502,KNUT,Nairobi,Nairobi
87,869834,23884869,"Njalale, Rose Lumbasi",O.L.M. South B. Primary School,702555016,KNUT,Nairobi,Nairobi
88,663362,29694724,"Munga, Muthoni Hannah",Dagoreti North Primary School,702565690,KNUT,Nairobi,Nairobi
89,614186,26083264,"Adhiambo, Milycent ",Bidii Primary School,702598984,KNUT,Nairobi,Nairobi
90,681285,28652291,"Miriti, Betty Mukami",Langata Barracks Primary School,702688617,KNUT,Nairobi,Nairobi
91,837806,33465862,"Lemayian, Monicah Brenda",Langata Barracks Primary School,702711830,KNUT,Nairobi,Nairobi
92,942830,33148158,"Macharia, Geoffrey Ndung'u",Dandora 1 Primary School,702753067,KNUT,Nairobi,Nairobi
93,703102,26299772,"Gacoki, Grace Kiarie",Baba Dogo Primary School,702763114,KNUT,Nairobi,Nairobi
94,858686,30668186,"Langat, Mercy ",Cheleta Primary School,702787333,KNUT,Nairobi,Nairobi
95,659614,24125559,"Njau, Francis Macharia",O.L.M. South B. Primary School,702851105,KNUT,Nairobi,Nairobi
96,933052,36167376,"Waithira, Peterson Mwangi",Marurui Primary School,702858769,KNUT,Nairobi,Nairobi
97,695756,26336402,"Apondi, Edwina Omollo",St. Teresas Primary School,702944157,KNUT,Nairobi,Nairobi
98,937092,27465364,"Njenga, Rufus Ndirangu",Dandora 1 Primary School,702949252,KNUT,Nairobi,Nairobi
99,452396,11029872,"Njoroge, Catherine Waithira",Ndurarua Primary School,702950541,KNUT,Nairobi,Nairobi
100,880054,34049464,"Wanyonyi, Collins Sifuna",Baraka Primary School,702963332,KNUT,Nairobi,Nairobi
101,830205,26607238,"Mwangi, John Njabia",Hospital Hill Primary School,703139327,KNUT,Nairobi,Nairobi
102,756011,26349549,"Muthandi, Catherine Waithera",Kasarani Primary School,703194248,KNUT,Nairobi,Nairobi
103,959083,30516728,"Chebet, Naomy ",City Primary School,703238550,KNUT,Nairobi,Nairobi
104,685873,26024942,"Barasa, Ismael ",Jehova Jireh Primary School,703252694,KNUT,Nairobi,Nairobi
105,967329,34171426,"Micheni, Weddy Kathambi",Zawadi Primary School,703365395,KNUT,Nairobi,Nairobi
106,856251,33380722,"Njuguna, Caroline Njeri",Kawangware Primary School,703450304,KNUT,Nairobi,Nairobi
107,909783,33352825,"Ngure, Fredrick Mbugua",Kwa Njenga Primary School,703533354,KNUT,Nairobi,Nairobi
108,761272,29011296,"Wanjiku, Esther Wainaina",Ndururuno Primary School,703571750,KNUT,Nairobi,Nairobi
109,590471,28555495,"Vuhugwa, Christine Ongwete",St. Patricks Primary School,703672930,KNUT,Nairobi,Nairobi
110,681718,29655467,"Karanja, Philip Maina",North Highridge Primary School,703704020,KNUT,Nairobi,Nairobi
111,852446,33106557,"Nduta, Benna Mbugua",Kileleshwa Primary School,703713382,KNUT,Nairobi,Nairobi
112,907531,32349073,"Irungu, James Kariuki",Plainsview Primary School,703733325,KNUT,Nairobi,Nairobi
113,759870,30636315,"Mango, Victor Nasengo",St. Teresas Primary School,703792669,KNUT,Nairobi,Nairobi
114,1012465,29726563,"Adika, Charles Ogundo",Mathare 4A Primary School,703825560,KNUT,Nairobi,Nairobi
115,678361,28880138,"Mbula, Zipporah Mbuvi",Nairobi River Primary School,703853302,KNUT,Nairobi,Nairobi
116,1055101,24644415,"Mmaitsi, Kevin Lumbete",Raila Educational Centre Primary School,703929596,KNUT,Nairobi,Nairobi
117,863578,34168759,"Kasimbi, Lilian Mwende",St. Michael`s Primary School,703975675,KNUT,Nairobi,Nairobi
118,299325,9344844,"Mutua, Georgina Mwikali",Kibera Primary School,704060577,KNUT,Nairobi,Nairobi
119,923016,30720734,"Adhiambo, Colleta Ochong'",Njiru Primary School,704063650,KNUT,Nairobi,Nairobi
120,582729,25931036,"Muiruri, Teresia Wanjiru",Gitiba Primary School,704110783,KNUT,Nairobi,Nairobi
121,750715,28696540,"Olwa, Josephine Atieno",Ngong Forest Primary School,704116701,KNUT,Nairobi,Nairobi
122,602901,27072405,"Mutia, Glory Kawiria",Lower Kabete Primary School,704129683,KNUT,Nairobi,Nairobi
123,441774,22287443,"Okich, Mildred Seline Awino",Loresho Primary School,704171524,KNUT,Nairobi,Nairobi
124,825006,32905626,"Cogi, Joseph Kamau",Our Lady Of Nazareth Primary School,704175268,KNUT,Nairobi,Nairobi
125,664215,28767262,"Wainaina, John Mburu",Kiwanja Primary School,704202095,KNUT,Nairobi,Nairobi
126,846283,30634572,"Ndungu, Nelly Wambui",Mathare North Primary School,704208548,KNUT,Nairobi,Nairobi
127,912728,27140851,"Andati, Bilha ",Zawadi Primary School,704375204,KNUT,Nairobi,Nairobi
128,803760,22300043,"Shiyonga, Florence ",Gatoto Primary School,704377709,KNUT,Nairobi,Nairobi
129,908800,30057294,"Njoki, Mirriam Wangui",Our Lady Of Nazareth Primary School,704392538,KNUT,Nairobi,Nairobi
130,646020,28799078,"Wambua, Joyce Mbithe",Lavington Primary School,704435724,KNUT,Nairobi,Nairobi
131,766207,32452541,"Muigai, Teresia Wanjiru",Dandora 1 Primary School,704542805,KNUT,Nairobi,Nairobi
132,713972,27049688,"Karambu, Mercy ",Morrison Primary School,704665368,KNUT,Nairobi,Nairobi
133,714799,28591612,"Ondieki, Julius Kebati",Kiboro Primary School,704668430,KNUT,Nairobi,Nairobi
134,478614,23653555,"Getanda, Erick Maranga",New Pumwani Primary School,704686218,KNUT,Nairobi,Nairobi
135,0,39296688,HILDA MUGURE MWANGI,KNUT NRB,704689156,KNUT,Nairobi,Nairobi
136,564571,26807013,"Kariuki, Joseph Wanjohi",Peter Kibukosya Primary School,704705816,KNUT,Nairobi,Nairobi
137,714228,30900455,"Njonge, Cyrus Nyaga",Lenana School,704720790,KNUT,Nairobi,Nairobi
138,853497,29847288,"Andati, Faith Abucheri",Komarock Primary School,704743840,KNUT,Nairobi,Nairobi
139,912971,36383599,"Wachera, Beatrice Wangui",Langata Barracks Primary School,704898715,KNUT,Nairobi,Nairobi
140,633484,25369315,"Omunyu, Christabel Ajaah",Lenana School,704919124,KNUT,Nairobi,Nairobi
141,789571,28533949,"Kamau, Benson Kihara",New Eastleigh Primary School,704985344,KNUT,Nairobi,Nairobi
142,932512,25290032,"Kamau, Caroline Wambui",Kabiria Road Primary School,704993969,KNUT,Nairobi,Nairobi
143,669996,28993068,"Muteti, Beatrice Mueni",Ronald Ngala Primary School,705002546,KNUT,Nairobi,Nairobi
144,756142,29919839,"Muiruri, Peter Murigi",Ushirika Primary School,705082273,KNUT,Nairobi,Nairobi
145,828534,29593018,"Kariuki, Phillice Njeri",Kasarani Primary School,705199772,KNUT,Nairobi,Nairobi
146,901195,35306432,"Njoroge, Charity Wairimu",Mathare North Primary School,705278799,KNUT,Nairobi,Nairobi
147,957083,32187560,"Ng'endo, Sarah Wanjeri",Embakasi Primary School,705294631,KNUT,Nairobi,Nairobi
148,667212,29204753,"Kasyoki, Martin Musau",Muthurwa Primary School,705335358,KNUT,Nairobi,Nairobi
149,809205,32693320,"Wanjiru, Rosemary Njeri",Our Lady Of Nazareth Primary School,705373750,KNUT,Nairobi,Nairobi
150,567288,25518396,"Ndung'u, Stanley Mwangi",Kasarani Primary School,705400130,KNUT,Nairobi,Nairobi
151,704698,30352544,"Kyalo, Annastacia Munyiva",Kinyanjui Road Primary School(Gichagi),705462573,KNUT,Nairobi,Nairobi
152,1084588,25915083,"Nzyuko, Fredrick Mutinda",Unity Primary School,705463410,KNUT,Nairobi,Nairobi
153,369708,11680709,"Ondijo, David Adongo",Ruthimitu Primary School,705541778,KNUT,Nairobi,Nairobi
154,693187,22189459,"Nthiiri, James Mutwiri",Kahawa Primary School,705566477,KNUT,Nairobi,Nairobi
155,825464,29474624,"Ondiek, Christabel Akinyi",Umoja Estate Primary School,705618960,KNUT,Nairobi,Nairobi
156,806813,30350276,"Mutua, Elizabeth Yula",New Pumwani Primary School,705626183,KNUT,Nairobi,Nairobi
157,1017352,0,Moses Kamau,Donholm Primary School,705689270,KNUT,Nairobi,Nairobi
158,339530,10381608,"Lithumai, James Manyara",Buruburu 1 Primary School,705817084,KNUT,Nairobi,Nairobi
159,658127,28564632,"Mbaluka, Paul Makau",Cheleta Primary School,705821889,KNUT,Nairobi,Nairobi
160,886890,34330076,"Anyula, Lameck Frank",Mathare 4A Primary School,705859965,KNUT,Nairobi,Nairobi
161,803832,23812696,"Mwawana, Nicodemus Mwawughanga",Bondeni Primary School,705937616,KNUT,Nairobi,Nairobi
162,824374,127261062,MARY KWAMBOKA,Mukuru Community Centre Pry School,705941562,KNUT,Nairobi,Nairobi
163,886884,32971454,"Kabui, Josephine Wangui",Bohra Primary School,705949214,KNUT,Nairobi,Nairobi
164,953152,33871862,"Kibe, Joseph Kinuthia",Dagoreti North Primary School,705959576,KNUT,Nairobi,Nairobi
165,698947,26386277,"Mwangi, Pauline Njoki",James Gichuru Primary School,706143398,KNUT,Nairobi,Nairobi
166,935699,33292510,"Zacharia, Vincent Monyangi",Riruta H.G.M. Primary School,706172445,KNUT,Nairobi,Nairobi
167,896949,35414049,"Karanja, Paul Kamau",Kibera Primary School,706210787,KNUT,Nairobi,Nairobi
168,699284,28442888,"Netia, Mwanamisi Masakhwe",Kileleshwa Primary School,706271626,KNUT,Nairobi,Nairobi
169,551958,27455771,"Nyariki, Geoffrey Onduso",Drumvale Primary School,706358048,KNUT,Nairobi,Nairobi
170,837433,29302252,"Lagat, Bethwel ",Kariobagi South Primary School,706473041,KNUT,Nairobi,Nairobi
171,764251,29728503,"Kariuki, Sarah Wairimu",Kabete Vet Labs Primary School,706534964,KNUT,Nairobi,Nairobi
172,909371,33610093,"Imbuhira, Rakel ",Highridge Primary School,706561139,KNUT,Nairobi,Nairobi
173,702956,27058893,"Oluoch, Stephen Otieno",Loresho Primary School,706567654,KNUT,Nairobi,Nairobi
174,396638,20951297,"Gathiru, Virginiah Njeri",Lower Kabete Primary School,706578936,KNUT,Nairobi,Nairobi
175,869052,29441270,"Ogonji, Stephen Otieno",Mutuini Primary School,706846343,KNUT,Nairobi,Nairobi
176,703510,30349150,"Ndung'u, Judy Wanja",St. Anne's Primary School,706884381,KNUT,Nairobi,Nairobi
177,795934,22066961,"Gathoni, Annbel Mburu",Kayole 1 Primary School,706886324,KNUT,Nairobi,Nairobi
178,734576,27948721,"Masea, Erick Ongori",Nembu Primary School,706906546,KNUT,Nairobi,Nairobi
179,757006,30320389,"Irungu, Rosemary Wanjira",Kawangware Primary School,706915018,KNUT,Nairobi,Nairobi
180,529920,22604516,"Binge, Evelyne Achieng'",Bondeni Primary School,706935209,KNUT,Nairobi,Nairobi
181,851129,34672535,"Guchu, Lucy Muthoni",Canon Apolo Primary School,707013763,KNUT,Nairobi,Nairobi
182,768443,32447027,"Ngigi, Grace Wambui",Bahati Uhuru Primary School,707035818,KNUT,Nairobi,Nairobi
183,926942,30088198,"Okoth, Justine Achieng",Komarock Primary School,707091249,KNUT,Nairobi,Nairobi
184,756045,27143157,"Cherono, Anzellah ",Kiwanja Primary School,707118933,KNUT,Nairobi,Nairobi
185,830149,33805828,"Muya, Lilian Soilah",Parkroad Primary School,707144053,KNUT,Nairobi,Nairobi
186,858412,31528016,"Maingi, Evans Njoroge",Uhuru Estate Primary School,707192497,KNUT,Nairobi,Nairobi
187,721445,30424315,"Mwangi, Teresiah Njeri",St. Georges Primary School,707203578,KNUT,Nairobi,Nairobi
188,784901,30710969,"Kaaria, Norah Karimi",Lang'ata West Primary School,707243189,KNUT,Nairobi,Nairobi
189,378470,13503722,"Iseren, Mary Mercy",Ngundu Primary School,707248396,KNUT,Nairobi,Nairobi
190,651636,30676032,"Irungu, Wilson Macharia",Umoja Estate Primary School,707358512,KNUT,Nairobi,Nairobi
191,665398,27631774,"Kisobo, Josephine Nasimiyu",Ndururuno Primary School,707407303,KNUT,Nairobi,Nairobi
192,754788,31149052,"Murugi, Judy Karanja",Mathare 4A Primary School,707426531,KNUT,Nairobi,Nairobi
193,688681,25377811,"Paul, Nicholas Muteti",Pumwani Primary School,707430743,KNUT,Nairobi,Nairobi
194,780902,30203801,"Githinji, Emily Waihiga",Kawangware Primary School,707451642,KNUT,Nairobi,Nairobi
195,830564,30180563,"Mulwa, Nicholas Kiva",Dagoretti Muslim Pri Sch,707485175,KNUT,Nairobi,Nairobi
196,843520,32959359,"Njogu, Miriam Nduta",Hospital Hill Primary School,707491863,KNUT,Nairobi,Nairobi
197,747116,30689691,"Maithya, Monica Muthee",Roysambu Primary School,707538841,KNUT,Nairobi,Nairobi
198,740342,25269625,"Ndonga, Gideon Mutua",Mariakani Primary School,707544891,KNUT,Nairobi,Nairobi
199,569912,21692631,"Wambua, Dominic Muya",James Gichuru Primary School,707559085,KNUT,Nairobi,Nairobi
200,618114,28757093,"Gaikia, Mercy Njeri",Visa Oshwal Primary School,707593484,KNUT,Nairobi,Nairobi
201,832185,31394504,Everlyne Kimeu,Embakasi Garrision Primary School,707593941,KNUT,Nairobi,Nairobi
202,776994,33273749,"Waske, Myrah Rasoah",Riruta H.G.M. Primary School,707596209,KNUT,Nairobi,Nairobi
203,932541,34464148,"Mogaka, Jonathan Nyakang'i",M.M. Chandaria Primary School,707616136,KNUT,Nairobi,Nairobi
204,1014528,35715784,Lewis Omondi,Milimani Primary School,707743620,KNUT,Nairobi,Nairobi
205,880865,33042482,"Odindo, Eliud Nyaori",Riruta Satellite Primary School,707748676,KNUT,Nairobi,Nairobi
206,686814,29349395,"Kiamati, Emmanuel Ntari",Ndururuno Primary School,707763260,KNUT,Nairobi,Nairobi
207,742923,30218595,Grace Mailu,Embakasi Garrision Primary School,707768075,KNUT,Nairobi,Nairobi
208,798563,33118728,"Mbuthi, James Kamau",Daniel Comboni Primary School,707850082,KNUT,Nairobi,Nairobi
209,751587,29415312,"Thige, Mugo Moses",Kileleshwa Primary School,707918987,KNUT,Nairobi,Nairobi
210,848528,30043889,"Akoth, Winny ",Nairobi River Primary School,707981394,KNUT,Nairobi,Nairobi
211,865788,25188841,"Wafula, Mercyline ",Tumaini Primary School,708068011,KNUT,Nairobi,Nairobi
212,858227,31928864,"Vutita, Oscar Atsegere",Riruta Satellite Primary School,708083484,KNUT,Nairobi,Nairobi
213,788710,31376542,"Kubai, Evans Mwaura",Highway Manyatta Primary School,708143267,KNUT,Nairobi,Nairobi
214,834401,28499820,"Nandi, Hillary Mabisi",Harambee Estate Primary School,708179780,KNUT,Nairobi,Nairobi
215,890817,34661970,"Nzuki, Faith Mwongeli",Dr. Muthiora Primary School,708191180,KNUT,Nairobi,Nairobi
216,707739,30027660,"Wahogo, James Mungai",Marura Primary School,708241043,KNUT,Nairobi,Nairobi
217,672384,23952632,"Mburu, Susan Wambui",Kirigu Primary School,708349317,KNUT,Nairobi,Nairobi
218,854361,29128429,"Ogucha, Conslate Mogiti",Bakhita Primary School,708424728,KNUT,Nairobi,Nairobi
219,922584,33461340,"Njoroge, Margaret Wangui",St. Anne's Primary School,708457151,KNUT,Nairobi,Nairobi
220,751412,30365430,"Okwach, Moureen Adhiambo",Our Lady Of Nazareth Primary School,708473441,KNUT,Nairobi,Nairobi
221,676165,22093758,"Kirugu, Ann Mercy Kawira",Kawangware Primary School,708495633,KNUT,Nairobi,Nairobi
222,818032,31591435,"Gikaru, Moses Ndung'u",Dr. Livingstone Primary School,708588892,KNUT,Nairobi,Nairobi
223,738540,0,PAUL KAHUNGURU,MAHIGA PRI,708632541,KNUT,Nairobi,Nairobi
224,606743,24695599,"Mwanzia, Caroline Mathei",Riruta Satellite Primary School,708654745,KNUT,Nairobi,Nairobi
225,616634,27063337,"Ngumbau, John Kimanthi",Eastleigh Airport Primary School,708716568,KNUT,Nairobi,Nairobi
226,754342,29724003,"Anyango, Caren Dorca",Bondeni Primary School,708772300,KNUT,Nairobi,Nairobi
227,654603,28053333,"Nyambane, Mercy Nyabiage",Gikabu Mwangaza Primary School,708783058,KNUT,Nairobi,Nairobi
228,738508,30240388,"Njau, Rosaline Wairimu",Aga Khan Primary School,708820058,KNUT,Nairobi,Nairobi
229,925935,35906802,Sharon Kamene ,Mathari Old Primary School,708824224,KNUT,Nairobi,Nairobi
230,462572,22824863,"Wachira, Margaret Wangui",Canon Apolo Primary School,708862831,KNUT,Nairobi,Nairobi
231,584140,27925374,"Musyoki, Esther Mutanu",Moi Forces Acadamy Primary,708866106,KNUT,Nairobi,Nairobi
232,582691,24741512,"Mwachanya, Shali Odilia",Riruta H.G.M. Primary School,708955092,KNUT,Nairobi,Nairobi
233,483066,23883805,"Musungu, Enock Okumu",Daima Primary School,708964253,KNUT,Nairobi,Nairobi
234,678939,24457076,"Ntoiti, Dorcas Kinya",Olympic Estate Primary School,710123804,KNUT,Nairobi,Nairobi
235,708950,22047377,"Wambua, Rhoda Nduku",Olympic Estate Primary School,710123804,KNUT,Nairobi,Nairobi
236,526801,10784774,"Nyamora, Henry ",Ndururuno Primary School,710125993,KNUT,Nairobi,Nairobi
237,434937,21751619,"Onsase, Esther Nyanchama",Baba Dogo Primary School,710152276,KNUT,Nairobi,Nairobi
238,678158,24710545,"Mulima, Veronica Mwanzi",Lenana School,710163329,KNUT,Nairobi,Nairobi
239,391272,14497597,"Gatoto, Nancy Wanjiku",Valley Bridge Primary School,710186343,KNUT,Nairobi,Nairobi
240,341659,11034290,"Kamau, John Gakami",River Bank Primary School,710200038,KNUT,Nairobi,Nairobi
241,507308,12786754,"Mwangi, Ephantus Kuria",Juja Road Primary School,710217378,KNUT,Nairobi,Nairobi
242,646183,22038155,"Malonza, Felistus Wanyua",Bakhita Primary School,710219989,KNUT,Nairobi,Nairobi
243,695583,25378706,"Kabui, Mary Wambui",O.L.M. South B. Primary School,710244428,KNUT,Nairobi,Nairobi
244,886831,31126124,"Kinyaati, Peter Muinde",Parklands Primary School,710258162,KNUT,Nairobi,Nairobi
245,586824,27326314,"Owino, Daniel Otieno",Baraka Primary School,710269833,KNUT,Nairobi,Nairobi
246,493541,24650865,"Nyangenya, Emily Bosibori",Kirigu Primary School,710288111,KNUT,Nairobi,Nairobi
247,647403,26044938,"Okello, Mary Auma",Kiwanja Primary School,710292474,KNUT,Nairobi,Nairobi
248,650925,23734703,"Kirubi, Ruth Wanjiku",Tom Mboya Primary School,710346327,KNUT,Nairobi,Nairobi
249,403732,12793641,"Onyando, Teresa Kemunto",O.L.M. South B. Primary School,710355545,KNUT,Nairobi,Nairobi
250,919876,25395702,"Okoyo, Friidah Anindo",Lenana School,710371352,KNUT,Nairobi,Nairobi
251,647889,26322666,"Mutua, Bob Mang'eli",St. Catherines Primary School,710384750,KNUT,Nairobi,Nairobi
252,463665,21368284,"Murerwa, Damaris Kagwiria",Roysambu Primary School,710401101,KNUT,Nairobi,Nairobi
253,573420,23975481,"Atieno, Edith Zipporah",Plainsview Primary School,710410377,KNUT,Nairobi,Nairobi
254,993458,0,WILFRED MUTWIRI,MAHIGA PRI,710414625,KNUT,Nairobi,Nairobi
255,460076,21786302,"Obara, Lydiah Kerubo",Kirigu Primary School,710444749,KNUT,Nairobi,Nairobi
256,578648,27184161,"Kavyu, Dorcas Masaa",Ayany Primary School,710446423,KNUT,Nairobi,Nairobi
257,812029,32172388,"Mwaura, Keziah Wambui",Mukuru Community Centre Pry School,710473930,KNUT,Nairobi,Nairobi
258,811977,26319484,"Odhiambo, Christine Anyango",Loresho Primary School,710477578,KNUT,Nairobi,Nairobi
259,646304,28724339,"Ogendi, Gilbert Nyakundi",Gitiba Primary School,710486750,KNUT,Nairobi,Nairobi
260,997113,0,CAROLINE NAUNGANI,MAHIGA PRI,710506784,KNUT,Nairobi,Nairobi
261,606855,28714808,"Burugu, Diana Wanjiku",Baba Dogo Primary School,710510189,KNUT,Nairobi,Nairobi
262,762340,28484150,"Njuiri, Eric Maina",Martin Luther Primary School,710510531,KNUT,Nairobi,Nairobi
263,725499,28320423,"Mwangi, Samuel Njuguna",New Kihumbuini Primary School,710540110,KNUT,Nairobi,Nairobi
264,843408,26230692,"Makokha, Godfrey John",O.L.M. Shauri Moyo Primary School,710546971,KNUT,Nairobi,Nairobi
265,940495,25741255,"Athero, Paul Otieno",Mathari Old Primary School,710547782,KNUT,Nairobi,Nairobi
266,894752,35927385,"Wangari, Beatrice Wangui",St. Elizabeth Primary School,710567663,KNUT,Nairobi,Nairobi
267,560795,24938933,"Malonza, Gladys Ndinda",Raila Educational Centre Primary School,710611630,KNUT,Nairobi,Nairobi
268,763557,25595584,"Kiumu, Margaret Njeri",Harambee Estate Primary School,710635776,KNUT,Nairobi,Nairobi
269,846820,24916259,"Kariku, Lucy Wambui",Ushirika Primary School,710642692,KNUT,Nairobi,Nairobi
270,588601,28285513,"Ngugi, Cajetan Kinyanjui",Kamiti Primary School,710647484,KNUT,Nairobi,Nairobi
271,666792,28659776,"Gaitho, Moses Mungai",Umoja Estate Primary School,710661525,KNUT,Nairobi,Nairobi
272,906528,33366372,"Mbugua, Monica Wambui",Dagoretti Muslim Pri Sch,710680154,KNUT,Nairobi,Nairobi
273,0,,DAVID MACHARIA MAINA,KNUT NRB,710696272,KNUT,Nairobi,Nairobi
274,676607,27730061,"Lea, Purity Muthiani",Kilimani Primary School,710708433,KNUT,Nairobi,Nairobi
275,494488,23606142,"Wangari, Peter Ndungu",Gitiba Primary School,710736661,KNUT,Nairobi,Nairobi
276,665474,29604509,"Mmbone, Linda ",Nairobi Primary School,710751073,KNUT,Nairobi,Nairobi
277,919857,30238275,"Mwangi, Peris Waithira",Ronald Ngala Primary School,710774383,KNUT,Nairobi,Nairobi
278,597398,28021018,"Bii, Haron Kipngetich",Olympic Estate Primary School,710777187,KNUT,Nairobi,Nairobi
279,757611,26009046,"Masiru, Duncan Busutu",Raila Educational Centre Primary School,710826668,KNUT,Nairobi,Nairobi
280,510396,24798647,"Tanui, Mackline Chebet",Daima Primary School,710842174,KNUT,Nairobi,Nairobi
281,327492,10149525,"Njeru, Joy Njeri",M.M. Chandaria Primary School,710860655,KNUT,Nairobi,Nairobi
282,569305,24073487,"Kithama, Richard Mutunga",Mowlem Supaloaf Primary School,710898718,KNUT,Nairobi,Nairobi
283,458075,22068701,"Oroba, Joan Susan Mokeira",Utawala Academy,710912584,KNUT,Nairobi,Nairobi
284,857021,32973772,"Mungai, Maureen Njoki",Our Lady Of Nazareth Primary School,710920104,KNUT,Nairobi,Nairobi
285,563614,25966596,"Chira, Gerald Kinuthia",Tumaini Primary School,710921343,KNUT,Nairobi,Nairobi
286,546467,24683995,"Ouma, Isaac ",Raila Educational Centre Primary School,710931305,KNUT,Nairobi,Nairobi
287,679743,25459390,"Kamanu, Teresia Gathoni",Raila Educational Centre Primary School,710950324,KNUT,Nairobi,Nairobi
288,807140,33340217,"Gichimu, Eunice Wanjiku",Mathare 4A Primary School,710963206,KNUT,Nairobi,Nairobi
289,647967,24634597,"Macharia, Grace Wangeci",Our Lady Of Nazareth Primary School,710972522,KNUT,Nairobi,Nairobi
290,675113,25696060,"Adero, Vivian Akinyi",Ushirika Primary School,711116586,KNUT,Nairobi,Nairobi
291,606161,27957084,"Musyoka, Fredius Mwikali",Unity Primary School,711144658,KNUT,Nairobi,Nairobi
292,742212,30480373,"Ochola, Selestine Anyango",Dandora 1 Primary School,711157169,KNUT,Nairobi,Nairobi
293,537018,24712766,"Muthembwa, Charles Wambua",St. Georges Primary School,711158671,KNUT,Nairobi,Nairobi
294,812245,24393501,"Mwangi, Ruth Wambui",Imara Primary School,711173049,KNUT,Nairobi,Nairobi
295,448603,20151939,"Muigai, Pauline Nyakanini",Marurui Primary School,711182014,KNUT,Nairobi,Nairobi
296,541021,26401341,"Oriyo, Samson Onyanyo",Nairobi River Primary School,711188410,KNUT,Nairobi,Nairobi
297,955215,34210402,"Kimolo, Duncan Musyoki",Ndururuno Primary School,711229001,KNUT,Nairobi,Nairobi
298,326473,10217712,"Shikanda, Beatrice Awinja",Tumaini Primary School,711242910,KNUT,Nairobi,Nairobi
299,535282,22330178,"Ombasa, George ",Busara Primary School,711250021,KNUT,Nairobi,Nairobi
300,0,21719522,MONICA WANGECHI NDIRANGU,KNUT NRB,711251126,KNUT,Nairobi,Nairobi
301,860952,33448822,"Karanja, Danson Mwaura",Baba Dogo Primary School,711254377,KNUT,Nairobi,Nairobi
302,656629,28249248,"Mmbaka, Benard Munyolo",Gatoto Primary School,711263763,KNUT,Nairobi,Nairobi
303,682376,14621123,"Mutua, Jacinta Mutindi",Valley Bridge Primary School,711291471,KNUT,Nairobi,Nairobi
304,526625,13460735,"Benson, Samuel Gachiri",Bahati Uhuru Primary School,711292838,KNUT,Nairobi,Nairobi
305,749637,29728313,"Munyao, Isaac Ngayai",Marurui Primary School,711314582,KNUT,Nairobi,Nairobi
306,589425,27090394,"Kimwele, Vincent Stephen",Embakasi Primary School,711333186,KNUT,Nairobi,Nairobi
307,652095,25526633,"Muli, Winnie Mumbua",Dr. Livingstone Primary School,711367762,KNUT,Nairobi,Nairobi
308,675555,26428684,"Amuom, Seth Omondi",Kware Primary School,711383324,KNUT,Nairobi,Nairobi
309,720726,25611441,"Muthenya, Karen Wayua",Kware Primary School,711383324,KNUT,Nairobi,Nairobi
310,448264,20031354,"Nyakeya, Moraa Sophia",Kwa Njenga Primary School,711387506,KNUT,Nairobi,Nairobi
311,638402,28741514,"Onyango, Mary Atieno",Muslim Primary School,711393112,KNUT,Nairobi,Nairobi
312,641291,28172523,"Simon, Elietta Muthini",Kileleshwa Primary School,711396989,KNUT,Nairobi,Nairobi
313,795660,25925678,"Lunalo, Agapitus Mukangala",Kileleshwa Primary School,711413127,KNUT,Nairobi,Nairobi
314,663426,27494707,"Munyao, Francis Musembi",Parkroad Primary School,711426116,KNUT,Nairobi,Nairobi
315,512773,23226696,"Obuya, Lamech Nyankieya",Zawadi Primary School,711444029,KNUT,Nairobi,Nairobi
316,678725,29848891,"Sosa, Reuben Leshan",Kawangware Primary School,711449322,KNUT,Nairobi,Nairobi
317,342690,11326452,"Nculubi, Rose ",Kawangware Primary School,711449322,KNUT,Nairobi,Nairobi
318,679468,30299411,"Njoroge, Purity Njoki",Kawangware Primary School,711449322,KNUT,Nairobi,Nairobi
319,584706,23061664,"Kangara, Lucy Wanjiku",Highway Manyatta Primary School,711450259,KNUT,Nairobi,Nairobi
320,931739,28086752,"Mwangi, Naomi Nyambura",Baraka Primary School,711486575,KNUT,Nairobi,Nairobi
321,534244,24532001,"Nyaboke, Ethel ",Shadrack Kimalel Primary School,711497758,KNUT,Nairobi,Nairobi
322,664278,28840852,"Oyange, Paskalia Keya",Lenana School,711511003,KNUT,Nairobi,Nairobi
323,606779,27872504,"Mutua, Simon Musembi",O.L.M. South B. Primary School,711525314,KNUT,Nairobi,Nairobi
324,533302,25087804,"Siro, Gladys Kemuma",Mbagathi Primary School,711560598,KNUT,Nairobi,Nairobi
325,673299,29600749,"Okech, Mary Akinyi",Ngundu Primary School,711568503,KNUT,Nairobi,Nairobi
326,605528,24408546,"Otieno, Nancy Awuor",Pumwani Primary School,711577318,KNUT,Nairobi,Nairobi
327,533452,20055272,"Muthoka, Nicholas Mweu",O.L.M. South B. Primary School,711642297,KNUT,Nairobi,Nairobi
328,738706,24722092,"Okambo, Caulynne Awuor",Kenyatta University Primary School,711647150,KNUT,Nairobi,Nairobi
329,555370,26326835,"Njoroge, Gladys Nungari",Olympic Estate Primary School,711663090,KNUT,Nairobi,Nairobi
330,759861,27875661,"Njoroge, Martin Kiarie",Olympic Estate Primary School,711663090,KNUT,Nairobi,Nairobi
331,682476,27060868,"Njeri, Joseph Wathiru",Kangemi Primary School,711684825,KNUT,Nairobi,Nairobi
332,713473,29832339,"Nkari, Caroline Makena",Peter Kibukosya Primary School,711687761,KNUT,Nairobi,Nairobi
333,487429,14714335,"Thinwa, Mercy Wambui",Mathari Old Primary School,711712458,KNUT,Nairobi,Nairobi
334,770850,28770899,"Wango, Elizabeth ",Harambee Estate Primary School,711727007,KNUT,Nairobi,Nairobi
335,643569,28585236,"Mutua, Kelvin Makau",Parklands Primary School,711747718,KNUT,Nairobi,Nairobi
336,692487,27008134,"Mugo, Peter Waiguru",Heshima Road Primary School,711750155,KNUT,Nairobi,Nairobi
337,676735,29789560,"Kithome, Emmaculate Mbinya",Mowlem Supaloaf Primary School,711773167,KNUT,Nairobi,Nairobi
338,383775,13816776,"Kaume, Evangeline Nkirote",River Bank Primary School,711774789,KNUT,Nairobi,Nairobi
339,451825,13482459,"Nyakundi, Enock Bosire",Kibera Primary School,711782304,KNUT,Nairobi,Nairobi
340,1045600,21688069,"Odede, Eliakim Bunde",Tom Mboya Primary School,711816104,KNUT,Nairobi,Nairobi
341,672064,27907508,"Murage, Nicholas Ngotho",Shadrack Kimalel Primary School,711824651,KNUT,Nairobi,Nairobi
342,766080,29732930,"Nyambasi, Kelvin ",Karura Forest Primary School,711850010,KNUT,Nairobi,Nairobi
343,575459,28011078,"Matee, Joseph N.",Kirigu Primary School,711851279,KNUT,Nairobi,Nairobi
344,719279,28729792,"Mutie, Ezekiel Mutua",Mukuru Community Centre Pry School,711855172,KNUT,Nairobi,Nairobi
345,653977,25864860,"Nyongesa, Leilah Namulanda",Kamiti Primary School,711883830,KNUT,Nairobi,Nairobi
346,433373,13470648,"Ntiba, Asunta Mugure",Riruta H.G.M. Primary School,711896824,KNUT,Nairobi,Nairobi
347,709272,28172823,"Kyalo, Sammuel Peter",Kabiria Road Primary School,711897849,KNUT,Nairobi,Nairobi
348,259429,8982608,"Auma, Elizabeth Lucy",O.L.M. South B. Primary School,711902044,KNUT,Nairobi,Nairobi
349,845777,29970084,"Kagai, John Njoroge",Kilimani Primary School,711905073,KNUT,Nairobi,Nairobi
350,615537,27361458,"Ngali, Ruth Nzaya",Pumwani Primary School,711909427,KNUT,Nairobi,Nairobi
351,508706,23248422,"Kangethe, Samwel Gichanga",Joash Olum Primary School,711936064,KNUT,Nairobi,Nairobi
352,486674,23143761,"Wambu, Joe Kinuthia",Olympic Estate Primary School,712022568,KNUT,Nairobi,Nairobi
353,552620,26022034,"Misiko, Isaac Barasa",Olympic Estate Primary School,712022568,KNUT,Nairobi,Nairobi
354,268028,7572748,"Anuri, Joyce ",Martin Luther Primary School,712026649,KNUT,Nairobi,Nairobi
355,570847,26107066,"LUBANGA, ALEX ",Mowlem Supaloaf Primary School,712038014,KNUT,Nairobi,Nairobi
356,538837,25877405,"Wangui, Joshua Kamanda",Kirigu Primary School,712042642,KNUT,Nairobi,Nairobi
357,628300,27326971,"Otieno, Gabriel John Omondi",Lower Kabete Primary School,712055394,KNUT,Nairobi,Nairobi
358,560311,26422609,"Mombo, Arfaxad Job",Ngong Forest Primary School,712094758,KNUT,Nairobi,Nairobi
359,665525,28162624,"Tabani, Christine ",Mbagathi Primary School,712123886,KNUT,Nairobi,Nairobi
360,537074,20634998,"Borura, Hyline Kwamboka",Shadrack Kimalel Primary School,712126886,KNUT,Nairobi,Nairobi
361,597418,27803882,"Okumu, Georgina Allo",Unity Primary School,712157500,KNUT,Nairobi,Nairobi
362,942452,32555733,"Kahocio, John Njuguna",Shadrack Kimalel Primary School,712168205,KNUT,Nairobi,Nairobi
363,446473,22295883,"Muma, Gladys Mochoge",Loresho Primary School,712181126,KNUT,Nairobi,Nairobi
364,290629,9982544,"Woresha, Mary Wakesho",St. Patricks Primary School,712213149,KNUT,Nairobi,Nairobi
365,780402,27070992,"Mwita, Charles Matibwi",Ainsworth Primary School,712213290,KNUT,Nairobi,Nairobi
366,737969,27798268,"Ochieng, Paul ",Raila Educational Centre Primary School,712215014,KNUT,Nairobi,Nairobi
367,658411,28590688,"Odinga, Kennedy Omondi",Mathari Old Primary School,712215570,KNUT,Nairobi,Nairobi
368,950139,32462790,"Njeri, Rahab Wangui",Komarock Primary School,712227462,KNUT,Nairobi,Nairobi
369,646488,29024823,"Kioko, Philip Muole",Joash Olum Primary School,712256069,KNUT,Nairobi,Nairobi
370,672216,25219580,"Mwambingu, Nicodemus Mwanyalo",St. Teresa's Primary School,712259443,KNUT,Nairobi,Nairobi
371,810148,29421727,"Kitonyi, Juddy Mbesa",Roysambu Primary School,712267909,KNUT,Nairobi,Nairobi
372,454533,22226554,"Njoroge, Maria Njeri",Kahawa Primary School,712314546,KNUT,Nairobi,Nairobi
373,587504,27973588,"Nguria, Charity Kendi",Bahati Uhuru Primary School,712346878,KNUT,Nairobi,Nairobi
374,367173,11373647,"Maina, Pauline Muthoni",Unity Primary School,712382326,KNUT,Nairobi,Nairobi
375,658299,27602752,"Kulundu, Mildred Adidi",St. Elizabeth Primary School,712417248,KNUT,Nairobi,Nairobi
376,494520,22991982,"Mutuku, Virginia Mumbua",Morrison Primary School,712448790,KNUT,Nairobi,Nairobi
377,540157,23247830,"Mwaka, Esther Kalondu",Hospital Hill Primary School,712469258,KNUT,Nairobi,Nairobi
378,256929,9298535,"Namikoye, Jentrix Masibo",Baba Dogo Primary School,712469273,KNUT,Nairobi,Nairobi
379,572850,25578752,"Njoroge, Victor Mwangi",Baba Dogo Primary School,712470327,KNUT,Nairobi,Nairobi
380,612750,26465062,"Kariuki, Michael Karanja",James Gichuru Primary School,712505948,KNUT,Nairobi,Nairobi
381,613621,22240086,"Makokha, Teressa ",G.S.U Embakasi Academy,712571085,KNUT,Nairobi,Nairobi
382,354924,13139866,Beatrice Nyanchera,Salama Primary School,712602056,KNUT,Nairobi,Nairobi
383,741723,28462915,"Ngari, Caroline Njoki",Umoja Estate Primary School,712675710,KNUT,Nairobi,Nairobi
384,802520,31568041,"Mbugua, Antony Mutungi",Cheleta Primary School,712677745,KNUT,Nairobi,Nairobi
385,560245,24940655,"Njuguna, Eston Mwangi",Raila Educational Centre Primary School,712683724,KNUT,Nairobi,Nairobi
386,586688,26570754,"Mutui, Peter Kyule",Westlands Primary School,712687580,KNUT,Nairobi,Nairobi
387,627748,28574688,"Wambua, Caroline Munee",Ngu-nyumu (st. John ) Primary School,712697179,KNUT,Nairobi,Nairobi
388,722657,27203403,"Mbuthia, Dancan Kairo",Westlands Primary School,712700678,KNUT,Nairobi,Nairobi
389,538055,26999924,"James, Moracha Geofrey",Kware Primary School,712743560,KNUT,Nairobi,Nairobi
390,549689,24140997,"Wairimu, Lucy Wanjeri",Mowlem Supaloaf Primary School,712778619,KNUT,Nairobi,Nairobi
391,654328,27422852,"Onguny, Nashon Odhiambo",St. Teresas Primary School,712803553,KNUT,Nairobi,Nairobi
392,784271,27327094,"Ng'ang'a, Hannah Gachambi",Farasi Lane Primary School,712814176,KNUT,Nairobi,Nairobi
393,664748,28422065,"Shaban, Fatma Salim",Huruma Estate Primary School,712886753,KNUT,Nairobi,Nairobi
394,676488,28870162,"Makokha, Lucy Auma",Kamiti Primary School,712889393,KNUT,Nairobi,Nairobi
395,665321,29709889,"Kanza, Mary Nduku",Canon Apolo Primary School,712901475,KNUT,Nairobi,Nairobi
396,687782,27940349,"Mwaniki, Everlyne Mumbi",St. Mary's Karen Primary School,712926170,KNUT,Nairobi,Nairobi
397,660602,27059616,"Ondhowe, Tom Okoth",St. Georges Primary School,712932025,KNUT,Nairobi,Nairobi
398,674578,26837389,"Mugure, Grace Kamuyu",St. Mary's Karen Primary School,712974237,KNUT,Nairobi,Nairobi
399,585422,29186899,"Mwangi, David Mbui",Githurai Primary School,713001667,KNUT,Nairobi,Nairobi
400,563811,0,MAUREEN ASUVIRA SAMBA,K.I.S.E.,713024567,KNUT,Nairobi,Nairobi
401,816269,33366835,"Karimi, Rachael Nyaruai",Muthaiga Primary School,713034304,KNUT,Nairobi,Nairobi
402,654819,27012539,"Musyoka, Shadrack Muoki",Muthurwa Primary School,713055514,KNUT,Nairobi,Nairobi
403,858447,28165006,"Ongenge, Janetta Risper Auma",Kilimani Primary School,713082182,KNUT,Nairobi,Nairobi
404,747259,27308045,"Kinyanjui, Bernard Kiarie",Nairobi Primary School,713098643,KNUT,Nairobi,Nairobi
405,695255,28921457,"Ngutuku, Eugene Wafula",James Gichuru Primary School,713111991,KNUT,Nairobi,Nairobi
406,756258,29346875,"Mwangi, John Njoroge",Uhuru Estate Primary School,713153610,KNUT,Nairobi,Nairobi
407,889077,33129792,"Gathemia, Pauline Wanjiru",Embakasi Primary School,713165828,KNUT,Nairobi,Nairobi
408,813093,31943781,"Oguna, Mark Odhiambo",North Highridge Primary School,713185488,KNUT,Nairobi,Nairobi
409,692382,27573930,"Mendele, Faith Muthini",Moi Airbase Primary School,713229806,KNUT,Nairobi,Nairobi
410,759970,25473869,"KITULA, MUKAMI ROSELINE",St. Mary's Karen Primary School,713383671,KNUT,Nairobi,Nairobi
411,509401,23287784,"Kamau, Gladys Wanjiku",Dagoreti North Primary School,713388684,KNUT,Nairobi,Nairobi
412,665908,27743858,"Muli, Dancan Muthama",Bondeni Primary School,713391264,KNUT,Nairobi,Nairobi
413,711640,26184412,"Mwambi, Anne Washera",Westlands Primary School,713443550,KNUT,Nairobi,Nairobi
414,789301,31366111,"Njoroge, Faith Nyambura",Milimani Primary School,713444797,KNUT,Nairobi,Nairobi
415,643677,26339777,"Wanjiru, Florence Njeri",Kamiti Primary School,713451814,KNUT,Nairobi,Nairobi
416,939448,34373239,"Gitau, Tabitha Nyambura",Daima Primary School,713457239,KNUT,Nairobi,Nairobi
417,582320,28074610,"Kimengele, Rosemary Nzembi",Loresho Primary School,713469381,KNUT,Nairobi,Nairobi
418,632928,25148771,"Owino, David Omondi",Olympic Estate Primary School,713541810,KNUT,Nairobi,Nairobi
419,582240,26843095,"Maina, Kennedy Kigo",Kwa Njenga Primary School,713591706,KNUT,Nairobi,Nairobi
420,572076,26281587,"Njoroge, Esther Wangari",Martin Luther Primary School,713602234,KNUT,Nairobi,Nairobi
421,642669,29354609,"Maina, James Kimani",Kawangware Primary School,713603488,KNUT,Nairobi,Nairobi
422,687924,27345154,"Nzioka, Everlyne Mwende",Kibera Primary School,713617041,KNUT,Nairobi,Nairobi
423,788972,28540862,"Guda, Evelyne Awino",New Eastleigh Primary School,713627644,KNUT,Nairobi,Nairobi
424,669186,24730254,"Simon, Purity Ndinda",M.M. Chandaria Primary School,713632953,KNUT,Nairobi,Nairobi
425,323686,10878157,"Masila, Zenaster Mbutha",Komarock Primary School,713649171,KNUT,Nairobi,Nairobi
426,765583,27580224,"Khaveza, Everlyne ",New Kihumbuini Primary School,713694761,KNUT,Nairobi,Nairobi
427,667747,25944993,"Vutagwa, Sharlet ",St. Mary's Karen Primary School,713722603,KNUT,Nairobi,Nairobi
428,462135,21754139,"Nkanya, Mumbi M.",Morrison Primary School,713735960,KNUT,Nairobi,Nairobi
429,696045,26345714,"Matata, Dominic Kyalo",St. Elizabeth Primary School,713746595,KNUT,Nairobi,Nairobi
430,842704,31003911,"Muguna, Stephen Odhiambo",Kileleshwa Primary School,713761915,KNUT,Nairobi,Nairobi
431,983152,25744397,"Mwera, Moses Mekeya",Muslim Primary School,713765058,KNUT,Nairobi,Nairobi
432,386595,13780801,"Kasyima, Winfred Mary",Dandora 1 Primary School,713765177,KNUT,Nairobi,Nairobi
433,573293,20762064,"Wambua, Susan Mwende",St. John's Primary School,713833870,KNUT,Nairobi,Nairobi
434,571830,27294977,"Macharia, Alice Muringi",Kangemi Primary School,713856803,KNUT,Nairobi,Nairobi
435,590136,28047479,"Mweku, Faith Mumbi",Joseph Apundo Primary School,713860441,KNUT,Nairobi,Nairobi
436,633710,26542700,"Ombonya, Joab Gilbert",Jogoo Road Primary School,713868765,KNUT,Nairobi,Nairobi
437,650119,27874122,"Wambichi, Anzeslus Oteng'o",Dandora 1 Primary School,713870035,KNUT,Nairobi,Nairobi
438,526122,24251765,"Kombo, Adelaide Omina",Hospital Hill Primary School,713907772,KNUT,Nairobi,Nairobi
439,530429,24289613,"Ajanga, Mitchelle Imali",Kiboro Primary School,713914572,KNUT,Nairobi,Nairobi
440,683632,27699306,"Lukamula, Brendah Naliaka",Lang'ata West Primary School,713915693,KNUT,Nairobi,Nairobi
441,710502,27095264,"Kireki, Judith Chepkorir",Joseph Kangethe Primary School,713942125,KNUT,Nairobi,Nairobi
442,511595,23289475,"Jepkirui, Benlyne ",Donholm Primary School,713973056,KNUT,Nairobi,Nairobi
443,655113,28019832,"Wanjohi, Agnes Wairimu",Kariobagi South Primary School,713975396,KNUT,Nairobi,Nairobi
444,362494,9906394,"Njogu, Loise Wanja",Drumvale Primary School,714024815,KNUT,Nairobi,Nairobi
445,735406,27667276,"Kamau, Absolom Irungu",Olympic Estate Primary School,714043094,KNUT,Nairobi,Nairobi
446,619347,26982244,"Amukaya, Denis Sakwa",Aga Khan Primary School,714045961,KNUT,Nairobi,Nairobi
447,1079609,34518549,"Kigai, Juliet Chebet",Mihang'o Primary School,714069231,KNUT,Nairobi,Nairobi
448,553227,25988093,"Njuguna, Susan Wanjiru",Juja Road Primary School,714072558,KNUT,Nairobi,Nairobi
449,697037,27400376,"Ndunda, Angeline Ndumi",Kabiria Road Primary School,714094707,KNUT,Nairobi,Nairobi
450,757959,26814642,"Macklaurine, Godfrey Wafula",Athi Primary School,714123166,KNUT,Nairobi,Nairobi
451,939753,35652802,"Koech, Winne Jeruto",Langata Barracks Primary School,714195188,KNUT,Nairobi,Nairobi
452,1067066,27835763,"Muteti, Jackline Mutheu",Muthangari Primary School,714197530,KNUT,Nairobi,Nairobi
453,677392,24606501,"Arwa, Eric Ochieng",Langata Barracks Primary School,714250533,KNUT,Nairobi,Nairobi
454,811844,24181977,"Ngige, Joseph Mbaru",Marurui Primary School,714267663,KNUT,Nairobi,Nairobi
455,693852,27399095,"Nyongesa, Gloria Nasambu",Valley Bridge Primary School,714341967,KNUT,Nairobi,Nairobi
456,479579,21783388,"Mose, Margaret ",Heshima Road Primary School,714357861,KNUT,Nairobi,Nairobi
457,628272,25656052,"Muema, Susan Musengya",Ngei Primary School,714362060,KNUT,Nairobi,Nairobi
458,598059,27353560,"Wekesa, Benson Wechuli",Mbagathi Primary School,714364499,KNUT,Nairobi,Nairobi
459,733145,28501755,"Ogutu, Richard Ooko",Daima Primary School,714367205,KNUT,Nairobi,Nairobi
460,662319,25907347,"Kivuva, Jonathan Mulwa",Lower Kabete Primary School,714376275,KNUT,Nairobi,Nairobi
461,677929,28714796,"Mule, Justus Mualuko",James Gichuru Primary School,714387531,KNUT,Nairobi,Nairobi
462,319325,10433893,"Ngooro, Rachael Wangari",Tom Mboya Primary School,714428385,KNUT,Nairobi,Nairobi
463,594153,27707667,"Mwanthi, Stanslaus Wambua",State House Primary School,714443877,KNUT,Nairobi,Nairobi
464,823669,32581982,Faith Nduku,O.L.M. Shauri Moyo Primary School,714470498,KNUT,Nairobi,Nairobi
465,658840,23475570,"Matheka, Shadrack Mulei",Our Lady Of Nazareth Primary School,714484294,KNUT,Nairobi,Nairobi
466,626222,25906504,"Omwando, George Charles",Lenana School,714490674,KNUT,Nairobi,Nairobi
467,631618,26143202,"Mauti, Regina Bitengo",Jamhuri Primary School,714492274,KNUT,Nairobi,Nairobi
468,666033,28751143,"Kariuki, Harrison ",Daniel Comboni Primary School,714538553,KNUT,Nairobi,Nairobi
469,379694,13646746,"Chege, Hannah Njeri",Hospital Hill Primary School,714554796,KNUT,Nairobi,Nairobi
470,667101,26395723,"Apondi, Beryl Ogembo",Chemichemi Mwengenye Primary School,714556663,KNUT,Nairobi,Nairobi
471,644148,28235561,"Gome, Hellen Amondi",S.S.D. Primary School,714571112,KNUT,Nairobi,Nairobi
472,555532,26432671,"Wahithe, Jane Wangari",Kinyanjui Road Primary School(Gichagi),714595713,KNUT,Nairobi,Nairobi
473,791573,24890691,"Omukenya, Joseph Otunga",Ndururuno Primary School,714599298,KNUT,Nairobi,Nairobi
474,607830,27674148,"Agisu, Nixon Ehendera",Dagoretti Muslim Pri Sch,714626253,KNUT,Nairobi,Nairobi
475,1001283,35594712,"Sawe, Diana Jelagat",Karura Forest Primary School,714649171,KNUT,Nairobi,Nairobi
476,716078,31352003,"Wang'ang'a, Faith Wambui",Baba Dogo Primary School,714679744,KNUT,Nairobi,Nairobi
477,330698,9998828,"Wangila, Brigid Nafuna",Marurui Primary School,714703161,KNUT,Nairobi,Nairobi
478,871193,30554328,"Osoro, Moses Oseko",Ainsworth Primary School,714707605,KNUT,Nairobi,Nairobi
479,467252,21527244,"Mwangi, Rosecatherine W",Marurui Primary School,714726938,KNUT,Nairobi,Nairobi
480,672415,28043556,"Levinora, Shimuli Eshiwani",Pangani Primary School,714798902,KNUT,Nairobi,Nairobi
481,753604,27949201,"Sumba, Evans Oduor",Mbagathi Primary School,714799165,KNUT,Nairobi,Nairobi
482,644731,25700521,"Muema, Abigael Mukami",Mukuru Primary School,714819212,KNUT,Nairobi,Nairobi
483,391583,10796367,"Njeru, Agnes Muthoni",Nembu Primary School,714865999,KNUT,Nairobi,Nairobi
484,590681,25187498,"Mwangangi, Jonathan Kisaingu",S.S.D. Primary School,714914433,KNUT,Nairobi,Nairobi
485,619475,25479858,"Musyoki, James Maingi",Parkroad Primary School,714915451,KNUT,Nairobi,Nairobi
486,569866,27823714,"Wafula, Caven ",Kaloleni Primary School,714919797,KNUT,Nairobi,Nairobi
487,744353,31843051,"Lihanda, Bourdon Khalejera",Muguga Green Primary School,714925652,KNUT,Nairobi,Nairobi
488,673618,24560782,"Muthee, Peter Njuguna",Kihumbuini Primary School,714951188,KNUT,Nairobi,Nairobi
489,705694,27755600,"Awino, Nicholas Onyango",Valley Bridge Primary School,714954687,KNUT,Nairobi,Nairobi
490,539937,24422447,"Onyango, Reuben Owuor",Lenana School,715041841,KNUT,Nairobi,Nairobi
491,518157,22447167,"Makhanu, Godiller Nafuna",Nembu Primary School,715121695,KNUT,Nairobi,Nairobi
492,667031,22892079,"Nyoike, Paul Munyua",Dagoretti Muslim Pri Sch,715124371,KNUT,Nairobi,Nairobi
493,668808,28173250,"Mukala, Eunice Andia",Bondeni Primary School,715137082,KNUT,Nairobi,Nairobi
494,393160,14409520,"Kasee, Hellen Mutono",Mihang'o Primary School,715180971,KNUT,Nairobi,Nairobi
495,572502,26892753,"Juma, Mercy Atieno",Kware Primary School,715276543,KNUT,Nairobi,Nairobi
496,446497,11645027,"Muchau, Samuel Kagechu",Jehova Jireh Primary School,715300861,KNUT,Nairobi,Nairobi
497,733394,28966042,"Andaro, James Oburu",New Kihumbuini Primary School,715322086,KNUT,Nairobi,Nairobi
498,661998,22126896,"Kamunye, Carolyne Waithira",Highridge Primary School,715415782,KNUT,Nairobi,Nairobi
499,682377,13356354,"Wambua, Joel Musyoka",St. Patricks Primary School,715421764,KNUT,Nairobi,Nairobi
500,684463,27857665,"Wamuyu, Peter Mwangi",Kabete Vet Labs Primary School,715425557,KNUT,Nairobi,Nairobi
501,672328,23678336,"Malisa, Janet Katisi",Jamhuri Primary School,715518838,KNUT,Nairobi,Nairobi
502,1067720,36643415,ALEX WEISIKO,N/A,715558862,KNUT,Nairobi,Nairobi
503,806114,28462372,"Ng'ethe, George Gakonyo",Kifaru Primary School,715572589,KNUT,Nairobi,Nairobi
504,365494,13390056,"Kibogo, John Mucugia",Umoja Estate Primary School,715579718,KNUT,Nairobi,Nairobi
505,653999,27200881,"Eregwa, Nelly Mwambukiri",Embakasi Primary School,715588801,KNUT,Nairobi,Nairobi
506,625844,28566979,"Mwendwa, Grace Makasi",Bidii Primary School,715645385,KNUT,Nairobi,Nairobi
507,319725,10366605,"Iteba, Mary Asiyo",Edelvale Primary School,715685706,KNUT,Nairobi,Nairobi
508,451419,21139853,"Burugu, Marion Waruinu",Maua Primary School,715703587,KNUT,Nairobi,Nairobi
509,756703,29221133,"Mailu, Cyrus Nthiani",Bohra Primary School,715788159,KNUT,Nairobi,Nairobi
510,712493,29687755,"Osenje, Jacob Okello",Harambee Estate Primary School,715789952,KNUT,Nairobi,Nairobi
511,665562,26978752,"Mutiso, Jackson Muola",Moi Avenue Primary School,715824067,KNUT,Nairobi,Nairobi
512,662077,27434854,"Mutinda, Esther Mutele",Bidii Primary School,715829099,KNUT,Nairobi,Nairobi
513,675979,22336627,"Wangechi, Caroline Wanjiru",Kangemi Primary School,715831321,KNUT,Nairobi,Nairobi
514,771155,31530887,"Mueke, Daniel Kasanga",Unity Primary School,715833181,KNUT,Nairobi,Nairobi
515,810657,30045841,"Murigu, Winnie Wanjiku",Kahawa Garrison Primary School,715848133,KNUT,Nairobi,Nairobi
516,917113,28380267,"Mutuku, James Mutua",Kahawa Garrison Primary School,715979523,KNUT,Nairobi,Nairobi
517,814083,29399787,"Chege, Mary Wangui",Kahawa Primary School,715983767,KNUT,Nairobi,Nairobi
518,735330,30299851,"Gathuru, Monicah Wanjiru",Kangemi Primary School,716008996,KNUT,Nairobi,Nairobi
519,802339,30357584,"Mutethia, Wilson ",Drumvale Primary School,716031448,KNUT,Nairobi,Nairobi
520,711341,28294043,"Mbwika, Mary Mwongeli",Dagoreti North Primary School,716067245,KNUT,Nairobi,Nairobi
521,627808,24521223,"Wamayuyi, Geoffrey Wambati",Chieko Primary School,716076866,KNUT,Nairobi,Nairobi
522,526803,22051936,"Albert, Omaiko Nyaachi",Westlands Primary School,716151062,KNUT,Nairobi,Nairobi
523,370908,12667899,"Gachichio, Hellen Wambui",Kenyatta University Primary School,716152979,KNUT,Nairobi,Nairobi
524,584945,24545518,"Kiilu, Ruth Munyiva",Kiwanja Primary School,716168004,KNUT,Nairobi,Nairobi
525,663776,28061567,"Obel, Collins Ooko",Moi Airbase Primary School,716169949,KNUT,Nairobi,Nairobi
526,849319,0,LYDIA NDUKU,KIWANJA PRI,716171293,KNUT,Nairobi,Nairobi
527,766676,28728754,"Mutunga, Dorcas Nthambi",Kawangware Primary School,716172519,KNUT,Nairobi,Nairobi
528,815974,28167114,"Moronge, Henry Bisera",Lang'ata West Primary School,716196427,KNUT,Nairobi,Nairobi
529,614447,0,CECILIA CHELANGAT,K.I.S.E.,716222188,KNUT,Nairobi,Nairobi
530,652572,24154030,"Ingoi, Philip Amalemba",Kinyanjui Road Primary School(Gichagi),716277728,KNUT,Nairobi,Nairobi
531,748477,28290967,"Mwamburi, Joyce Marura",Valley Bridge Primary School,716304178,KNUT,Nairobi,Nairobi
532,712909,28078052,"Nyandieka, Francis Daniel",Juja Road Primary School,716306546,KNUT,Nairobi,Nairobi
533,815502,27158248,"Maina, Margaret Mumbi",Nembu Primary School,716334962,KNUT,Nairobi,Nairobi
534,767213,29358677,"Muthoni, Peter Githinji",Mariakani Primary School,716338344,KNUT,Nairobi,Nairobi
535,743200,31284052,"Mbugua, George Gathura",Toi Primary School,716352259,KNUT,Nairobi,Nairobi
536,793344,28466957,"Mungai, Esther Njoki",Marurui Primary School,716375682,KNUT,Nairobi,Nairobi
537,709378,27841009,"Ogolla, Iyvone A.",Kariobagi South Primary School,716376879,KNUT,Nairobi,Nairobi
538,833245,30513499,"Ngatho, Phyllis Wangari",Ushirika Primary School,716405838,KNUT,Nairobi,Nairobi
539,801304,25491075,"Mwangi, Julius Waititu",New Kihumbuini Primary School,716417926,KNUT,Nairobi,Nairobi
540,596780,28169419,"Imbala, Jephries Kahudu",Arya Girls Primary School,716534718,KNUT,Nairobi,Nairobi
541,930650,28977367,"Wanjiku, Ann Wairimu",Dagoreti North Primary School,716539177,KNUT,Nairobi,Nairobi
542,667450,27298650,"Maina, Beatrice Muthoni",Martin Luther Primary School,716651416,KNUT,Nairobi,Nairobi
543,964458,28952769,"Munyagori, Michael Lubale",Kibera Primary School,716655814,KNUT,Nairobi,Nairobi
544,326445,9889363,JUDITH NAJOLI,New Eastleigh Primary School,716680215,KNUT,Nairobi,Nairobi
545,760186,30356494,"Kahindi, Joseph Gatheca",Mathare 4A Primary School,716739381,KNUT,Nairobi,Nairobi
546,566956,24779297,"Imoli, Newton Sambuli",Mathare 4A Primary School,716739381,KNUT,Nairobi,Nairobi
547,761188,21808323,"Macwetta, Constance Wughanga",Mathare 4A Primary School,716748104,KNUT,Nairobi,Nairobi
548,339569,11278103,"Apopo, Mildred ",Kimathi Primary School,716764522,KNUT,Nairobi,Nairobi
549,915209,26382306,"Samson, Mwikali ",Thawabu Primary School,716797658,KNUT,Nairobi,Nairobi
550,794732,27467695,"Musoma, Cornelius Mudavadi",Kibera Primary School,716849652,KNUT,Nairobi,Nairobi
551,753998,25259745,"Chege, Mercy Wambui",Roysambu Primary School,716855594,KNUT,Nairobi,Nairobi
552,857719,27499204,"Munyao, Josephine Mwikali",Makongeni Primary School,716861759,KNUT,Nairobi,Nairobi
553,810318,33347982,"Kinyati, Caroline Wanjiku",St. Georges Primary School,716876726,KNUT,Nairobi,Nairobi
554,526628,21906319,"Mochache, Bevine Nyanchera",Moi Forces Acadamy Primary,716893904,KNUT,Nairobi,Nairobi
555,526802,21792699,"Odhiambo, Lilian Onyango",Salama Primary School,716930195,KNUT,Nairobi,Nairobi
556,301081,9315648,"Mejah, Charles Sahibu",Mukuru Community Centre Pry School,716964135,KNUT,Nairobi,Nairobi
557,660912,29754129,"Ambunya, Mercyline Khamuye",Kasarani Primary School,716966000,KNUT,Nairobi,Nairobi
558,1034763,33513264,Judith Chebet,Embakasi Garrision Primary School,717002800,KNUT,Nairobi,Nairobi
559,572622,23176905,"Mwalili, Justus Maingi",Kabiria Road Primary School,717032096,KNUT,Nairobi,Nairobi
560,648603,28024920,"Kipsang, Benson ",Dagoreti North Primary School,717051144,KNUT,Nairobi,Nairobi
561,762338,28112515,"Gitau, Mary Waithera",New Kihumbuini Primary School,717051163,KNUT,Nairobi,Nairobi
562,489169,14545163,"Njire, Hannah Gathoni",Riruta H.G.M. Primary School,717138307,KNUT,Nairobi,Nairobi
563,571610,26429387,"Shikanda, Violet Ondiso",Roysambu Primary School,717149594,KNUT,Nairobi,Nairobi
564,739908,26132224,"Njoki, Julia Wambura",Hospital Hill Primary School,717226979,KNUT,Nairobi,Nairobi
565,549013,26552236,"Omamo, Valorine Kagai",Muguga Green Primary School,717237436,KNUT,Nairobi,Nairobi
566,864742,31527743,"Oduor, Winnie Akinyi",Bondeni Primary School,717250120,KNUT,Nairobi,Nairobi
567,848138,35270476,"Mburu, David Gachuki",Kariobangi North Primary School,717253603,KNUT,Nairobi,Nairobi
568,551411,26832490,"Walter, Bollo ",St. Brigid's Primary School,717263646,KNUT,Nairobi,Nairobi
569,898879,27546756,"Musyoki, Felistus Muthoki",Peter Kibukosya Primary School,717274151,KNUT,Nairobi,Nairobi
570,838370,27811228,"Mureithia, Margaret Wambii",Gitiba Primary School,717275486,KNUT,Nairobi,Nairobi
571,856862,31743130,"Kariuki, Nicholus Gichobi",Bondeni Primary School,717283071,KNUT,Nairobi,Nairobi
572,686939,26095351,"Mumbi, Daniel Chege",Mutuini Primary School,717291468,KNUT,Nairobi,Nairobi
573,809934,27885836,"Okech, Robert Ochieng",Kiboro Primary School,717316439,KNUT,Nairobi,Nairobi
574,656298,28494765,"Mutheki, Janet Simbii",Kiboro Primary School,717363805,KNUT,Nairobi,Nairobi
575,946834,29944107,"Mureithi, Lucy Njoki",Kariobagi South Primary School,717368355,KNUT,Nairobi,Nairobi
576,761022,28654052,"Ngigi, Peter Kibe",Bohra Primary School,717378413,KNUT,Nairobi,Nairobi
577,328435,10516501,"Ngugi, Peter Kibe",#N/A,717378413,KNUT,Nairobi,Nairobi
578,434665,22386369,"Kerubo, Veronika ",Moi Forces Acadamy Primary,717393392,KNUT,Nairobi,Nairobi
579,946614,27781182,"Ndichu, Joseph Gichohi",Ronald Ngala Primary School,717443903,KNUT,Nairobi,Nairobi
580,785090,27806982,"Maweu, Stephen Musembi",Kangemi Primary School,717455963,KNUT,Nairobi,Nairobi
581,583951,26293304,"Lung'aho, Edgar ",Gatoto Primary School,717595206,KNUT,Nairobi,Nairobi
582,661218,27707186,"Omondi, Alela Job",St. Georges Primary School,717616727,KNUT,Nairobi,Nairobi
583,634042,28156357,"Kavii, Esther Musangi",Kahawa Garrison Primary School,717629905,KNUT,Nairobi,Nairobi
584,563752,24467958,"Kago, Nancy Ndegi",New Eastleigh Primary School,717665198,KNUT,Nairobi,Nairobi
585,662773,27957374,"Onyango, Nahashon ",Peter Kibukosya Primary School,717678191,KNUT,Nairobi,Nairobi
586,854672,32798577,"Huho, Mary Nduta",Salama Primary School,717763570,KNUT,Nairobi,Nairobi
587,643187,28557627,"Mwathi, Salome Warigia",Ushirika Primary School,717811038,KNUT,Nairobi,Nairobi
588,550128,27426846,"Otieno, Clintone Kiboye",St. Elizabeth Primary School,717900648,KNUT,Nairobi,Nairobi
589,584286,25556843,"Olele, Allan Omondi",New Kihumbuini Primary School,717953614,KNUT,Nairobi,Nairobi
590,668754,29185703,"Ndeto, Scholasticah Kithei",Wangu Primary School,718018723,KNUT,Nairobi,Nairobi
591,867101,30031048,"Gathambi, Ruth Njogu",Westlands Primary School,718040367,KNUT,Nairobi,Nairobi
592,874564,31731124,"Thindiu, Teresiah Wambui",Mathare North Primary School,718098655,KNUT,Nairobi,Nairobi
593,709024,29455292,"Waweru, Susan Muthoni",St. John's Primary School,718126272,KNUT,Nairobi,Nairobi
594,694959,24047350,"Mutua, Bonface ",Gikabu Mwangaza Primary School,718131893,KNUT,Nairobi,Nairobi
595,650440,25660583,"Ocholla, Jecinter Atieno",C.G.H.U. Primary School,718169495,KNUT,Nairobi,Nairobi
596,731779,28777693,"Munywoki, Janet Kalekye",Lenana School,718192436,KNUT,Nairobi,Nairobi
597,711921,28350309,"Patric, Evengeline Muthoni",Kamiti Primary School,718255912,KNUT,Nairobi,Nairobi
598,697896,26411461,"Odhiambo, Molline Achieng",Mathari Old Primary School,718265501,KNUT,Nairobi,Nairobi
599,641572,27926264,"JAOKO, ELIZABETH AWUOR",Mathare 4A Primary School,718348535,KNUT,Nairobi,Nairobi
600,909101,30225637,"Ngotho, Leah Kirangari",Komarock Primary School,718354347,KNUT,Nairobi,Nairobi
601,873535,27623237,"Gathigia, Eric Waiganjo",Murema Primary School,718386910,KNUT,Nairobi,Nairobi
602,926553,28735040,"Samuel, Victoria ",Kimathi Primary School,718392409,KNUT,Nairobi,Nairobi
603,698269,30107736,"Vugutsa, Getrude ",Kahawa Primary School,718441467,KNUT,Nairobi,Nairobi
604,685000,28686023,"Ndungu, Samuel Maina",Roysambu Primary School,718449298,KNUT,Nairobi,Nairobi
605,746460,29937743,"Okumu, Seth Ouma",Parklands Primary School,718502118,KNUT,Nairobi,Nairobi
606,589355,28447018,"Wanjiru, Paul Njau",Joseph Kangethe Primary School,718517737,KNUT,Nairobi,Nairobi
607,477117,11606965,"Rutere, Rosemary Gikuu",Daniel Comboni Primary School,718534026,KNUT,Nairobi,Nairobi
608,637530,27961547,"Kaloki, Boniface Mbithi",Muthurwa Primary School,718571818,KNUT,Nairobi,Nairobi
609,871134,32388551,"Gitau, Mary Wairimu",Dr. Muthiora Primary School,718603016,KNUT,Nairobi,Nairobi
610,801530,32680428,"Waweru, Joshua Kane",Mukuru Primary School,718631152,KNUT,Nairobi,Nairobi
611,961833,34609353,"Kwala, Duncan Odimo",Mihang'o Primary School,718681150,KNUT,Nairobi,Nairobi
612,783722,29221216,"Mwangangi, Joel Mwalyo",Karura Forest Primary School,718715493,KNUT,Nairobi,Nairobi
613,616299,25792709,"Mwanziu, Joseph Kioko",Unity Primary School,718794217,KNUT,Nairobi,Nairobi
614,699953,30656989,"Muthua, Eliud Njoroge",Garden Estate Primary School,718828004,KNUT,Nairobi,Nairobi
615,491969,23563678,"Kariuki, Charity Njeri",Utawala Academy,718834101,KNUT,Nairobi,Nairobi
616,933285,25269067,"Kimani, Monicah Mumbi",Muslim Primary School,718849016,KNUT,Nairobi,Nairobi
617,610503,25953063,"Luga, Ronald Muhindi",New Kamukunji Primary School,718861451,KNUT,Nairobi,Nairobi
618,869623,29664475,"Odera, John William Ayugi",Star Of Hope Lunga Lunga Pri Sch,718947628,KNUT,Nairobi,Nairobi
619,731453,25807266,"Wesa, Vincent Ongoma",Joseph Kangethe Primary School,719111638,KNUT,Nairobi,Nairobi
620,225306,7338383,Jane waweru,St. Teresas Primary School,719198130,KNUT,Nairobi,Nairobi
621,909502,34370757,"Wambui, Ruth Nduta",Loresho Primary School,719221514,KNUT,Nairobi,Nairobi
622,844724,32595914,Valencia Awuor,Embakasi Garrision Primary School,719226043,KNUT,Nairobi,Nairobi
623,758261,28830289,"Opiyo, Azenath Akinyi",Unity Primary School,719242538,KNUT,Nairobi,Nairobi
624,722916,22452774,"Malila, Olymphia Mwongeli",Canon Apolo Primary School,719249747,KNUT,Nairobi,Nairobi
625,707175,27771261,"Hinga, Edith Wangari",Milimani Primary School,719262493,KNUT,Nairobi,Nairobi
626,759495,29884257,"Chege, Lucy Wangari",Muslim Primary School,719277584,KNUT,Nairobi,Nairobi
627,584172,27435734,"Muasya, Festus Kyeva",A.E.F. Reuben Primary School,719287463,KNUT,Nairobi,Nairobi
628,522840,26686515,"Okello, Christine Okwara",Milimani Primary School,719296099,KNUT,Nairobi,Nairobi
629,326050,10865413,"Njoroge, Jane Njambi",Umoja Estate Primary School,719410875,KNUT,Nairobi,Nairobi
630,809979,32716309,"Kariuki, Grace Wanja",Islamia Primary School,719441853,KNUT,Nairobi,Nairobi
631,357314,9344468,"Kiama, Paul Umau  Kasingili",Lenana School,719454532,KNUT,Nairobi,Nairobi
632,930273,30540712,"Gichunge, Beatrice Kawira",Jamhuri Primary School,719488941,KNUT,Nairobi,Nairobi
633,929175,30269551,"Ojuku, Winnie Achieng",Ronald Ngala Primary School,719548024,KNUT,Nairobi,Nairobi
634,626053,28427291,"Kamau, Peter Mwangi",Dr. Livingstone Primary School,719553758,KNUT,Nairobi,Nairobi
635,764293,28738789,"Mutiso, Mercy Ndinda",Ngei Primary School,719584730,KNUT,Nairobi,Nairobi
636,980855,34846993,"Ogendi, Brian Nyerere",Njathaini Primary School,719633607,KNUT,Nairobi,Nairobi
637,689085,28705935,"Kimani, Githae ",Bondeni Primary School,719657698,KNUT,Nairobi,Nairobi
638,760727,32419545,"Njeru, Caroline Karimi",Dagoretti Muslim Pri Sch,719667298,KNUT,Nairobi,Nairobi
639,939563,347228755,Haward Ngetich,Kware Primary School,719749249,KNUT,Nairobi,Nairobi
640,681313,20770166,"Ngumbi, Victor Kyalo",Kangemi Primary School,719751904,KNUT,Nairobi,Nairobi
641,526624,20307245,"Murage, Cyrus Muhinyia",New Kamukunji Primary School,719768276,KNUT,Nairobi,Nairobi
642,611623,24423163,"Kiptoo, Matilda Chepchumba",Highridge Primary School,719841313,KNUT,Nairobi,Nairobi
643,577000,27389200,"Matimu, Joseph Muchai",Kagira Primary School,719862571,KNUT,Nairobi,Nairobi
644,731603,27578294,"Idaya, Steve ",Bakhita Primary School,720015641,KNUT,Nairobi,Nairobi
645,486200,23749234,"Mwai, Rosalid Nyambere",Bahati Uhuru Primary School,720020758,KNUT,Nairobi,Nairobi
646,760808,23933983,"Onkangi, Cyprian Bosire",Eastleigh Airport Primary School,720038670,KNUT,Nairobi,Nairobi
647,562202,25679652,"Maina, Sarah Wanjiru",Murema Primary School,720054337,KNUT,Nairobi,Nairobi
648,698997,27066524,"Ndasalira, Rose Vusha",Zawadi Primary School,720056515,KNUT,Nairobi,Nairobi
649,535289,23430577,"Ongoro, Dick Miruka",Lang'ata West Primary School,720068129,KNUT,Nairobi,Nairobi
650,584291,24213921,"Osundwa, Fred Wambani",Martin Luther Primary School,720077441,KNUT,Nairobi,Nairobi
651,720004,27828357,"Muema, Juliet Mueni",Heshima Road Primary School,720110699,KNUT,Nairobi,Nairobi
652,924012,30562791,"Wangere, Morris Nganga",Lavington Primary School,720135501,KNUT,Nairobi,Nairobi
653,399534,20669083,"Muchiri, Grace Njoki",Kimathi Primary School,720136767,KNUT,Nairobi,Nairobi
654,665845,27448363,"Maliachi, Geoffrey Chivea",Kilimani Primary School,720140882,KNUT,Nairobi,Nairobi
655,461165,22516919,"Kirigu, George Mwirigi",Loresho Primary School,720149352,KNUT,Nairobi,Nairobi
656,585373,27909358,"Watenya, Irene Narotso",St. Teresas Primary School,720151232,KNUT,Nairobi,Nairobi
657,754963,29287334,"Wambugu, Ephraim Ndirangu",Roysambu Primary School,720159364,KNUT,Nairobi,Nairobi
658,477254,23259900,"Makau, Judy Ngina",Heshima Road Primary School,720171144,KNUT,Nairobi,Nairobi
659,370376,13360468,"Murathi, Joan Nkirote",Aga Khan Primary School,720172872,KNUT,Nairobi,Nairobi
660,381683,12462541,zipporah swanya,New Eastleigh Primary School,720173556,KNUT,Nairobi,Nairobi
661,570905,21609109,"Kamau, Margaret Wangari",Kamiti Primary School,720174909,KNUT,Nairobi,Nairobi
662,368383,0,JUDITH ONTONGO,MAHIGA PRI,720210188,KNUT,Nairobi,Nairobi
663,892292,26178749,"Mwende, Savinah ",Embakasi Primary School,720215381,KNUT,Nairobi,Nairobi
664,462545,22245862,"Ndungu, Peter Mburu",Cheleta Primary School,720216868,KNUT,Nairobi,Nairobi
665,470111,22209546,"Wanje, Anciller ",State House Primary School,720218300,KNUT,Nairobi,Nairobi
666,540848,24674950,"Musau, Nicholas Mwangangi",Githurai Primary School,720221634,KNUT,Nairobi,Nairobi
667,367919,8772862,"Moywaywa, Gilbert Mboi",Parkroad Primary School,720229550,KNUT,Nairobi,Nairobi
668,488088,20342520,"Muriithi, Jeniffer Wairimu",Embakasi Garrision Primary School,720232322,KNUT,Nairobi,Nairobi
669,537108,25128063,"Mwangi, Carolyne Wambui",James Gichuru Primary School,720234271,KNUT,Nairobi,Nairobi
670,344105,10767437,"Manyara, Shadrack Kamau",City Primary School,720239760,KNUT,Nairobi,Nairobi
671,453151,21601504,"Gichuki, Milcah Kagure",Kilimani Primary School,720239776,KNUT,Nairobi,Nairobi
672,486709,22532567,"Wanjohi, Joyce Wanjira",Dandora 1 Primary School,720249350,KNUT,Nairobi,Nairobi
673,426187,8601800,"Munyi, David Njeru",St. Teresas Primary School,720257628,KNUT,Nairobi,Nairobi
674,344466,11289910,"Muriithi, Susan Nyawira",Kahawa Primary School,720265816,KNUT,Nairobi,Nairobi
675,435582,22283994,"Mutegi, Jane Gatwiri",Githurai Primary School,720272392,KNUT,Nairobi,Nairobi
676,404441,13688700,"Muigai, Mary Wanjiru",Marurui Primary School,720298392,KNUT,Nairobi,Nairobi
677,465967,22619401,"Gichuki, Wachuka Grace",Toi Primary School,720308075,KNUT,Nairobi,Nairobi
678,354641,10353861,"Wechuli, Eldah Namujuu",Kifaru Primary School,720311328,KNUT,Nairobi,Nairobi
679,648265,26926273,"Mwebia, Emma Kinya",Aga Khan Primary School,720318604,KNUT,Nairobi,Nairobi
680,366630,10381696,"Kiambia, Miriam Kuri",Njathaini Primary School,720322698,KNUT,Nairobi,Nairobi
681,345103,9323642,"Nganga, Grace Wangu",James Gichuru Primary School,720323641,KNUT,Nairobi,Nairobi
682,565437,22160140,"Mararo, Anthony Gatungo",Huruma Estate Primary School,720327360,KNUT,Nairobi,Nairobi
683,437843,21743410,"Muiyuro, Robert Kamande",G.S.U Embakasi Academy,720329791,KNUT,Nairobi,Nairobi
684,541361,21804949,"Mufogo, Josky Kelonye",Hospital Hill Primary School,720334404,KNUT,Nairobi,Nairobi
685,707220,26442181,"Chepngeno, Betty ",Roysambu Primary School,720336732,KNUT,Nairobi,Nairobi
686,480790,21971737,"Maingi, John Mutua",Kangemi Primary School,720347319,KNUT,Nairobi,Nairobi
687,571411,22644746,"Muchira, Lucy Karimi",Tom Mboya Primary School,720349333,KNUT,Nairobi,Nairobi
688,589648,24109066,"Ornago, Oyugi ",Salama Primary School,720361288,KNUT,Nairobi,Nairobi
689,342741,9697180,"Nkonge, Aniseta ",Bahati Uhuru Primary School,720363132,KNUT,Nairobi,Nairobi
690,694473,21419427,josephat Mangee,Dr. Livingstone Primary School,720366162,KNUT,Nairobi,Nairobi
691,451912,21995250,"Kamande, Patricia Njoki",Kahawa Primary School,720366682,KNUT,Nairobi,Nairobi
692,948982,26724965,"Wangechi, Robert Njagi",Mathare North Primary School,720399187,KNUT,Nairobi,Nairobi
693,448046,22095592,"Kebaso, Carolyne Moraa",Umoja Estate Primary School,720408366,KNUT,Nairobi,Nairobi
694,349699,9827986,"Kamau, Peris Wanjiku",City Primary School,720427666,KNUT,Nairobi,Nairobi
695,796650,27567682,"Barasa, Centrine Nafula",G.S.U Embakasi Academy,720430964,KNUT,Nairobi,Nairobi
696,516265,22640749,"Muriuki, Shelmith Mugure",Mutuini Primary School,720431713,KNUT,Nairobi,Nairobi
697,295464,9645076,"Keya, Seline Awuor",Moi Avenue Primary School,720432691,KNUT,Nairobi,Nairobi
698,339641,10888353,"Nganga, Mary Wothaya",Marura Primary School,720437042,KNUT,Nairobi,Nairobi
699,446064,11527917,"Waithaka, Freshia Wangari",Murema Primary School,720446004,KNUT,Nairobi,Nairobi
700,314886,10795357,"Rware, Charity Kagwiria",Buruburu 1 Primary School,720448665,KNUT,Nairobi,Nairobi
701,526629,24648622,"Muathe, Gerald Kitua",Harambee Estate Primary School,720461225,KNUT,Nairobi,Nairobi
702,362313,11767742,"Mwangi, Henry Kamotho",Loresho Primary School,720470179,KNUT,Nairobi,Nairobi
703,606835,22563965,"Kinyanjui, Teresia Semeyian",Kahawa Garrison Primary School,720480994,KNUT,Nairobi,Nairobi
704,560630,25681086,"Mbakaya, Hildagard Musilivi",Zawadi Primary School,720491944,KNUT,Nairobi,Nairobi
705,554607,24823942,"Lusweti, Mercy Sitawa",Jamhuri Primary School,720494053,KNUT,Nairobi,Nairobi
706,588355,27386530,"Wabwire, Marystella Adikinyi",Langata Barracks Primary School,720497322,KNUT,Nairobi,Nairobi
707,345660,10367220,"Suleiman, Hussein Kibibi",Ngundu Primary School,720535818,KNUT,Nairobi,Nairobi
708,522877,23964459,"Simotwo, Linet Cheptuit",Donholm Primary School,720540540,KNUT,Nairobi,Nairobi
709,325908,11053811,"Muuo, Winfred Mwikali",Moi Avenue Primary School,720556412,KNUT,Nairobi,Nairobi
710,532754,22751611,"Kariuki, Margaret Njeri",Embakasi Primary School,720560233,KNUT,Nairobi,Nairobi
711,439851,21716178,"Arisa, Godfrey Mose",Parkroad Primary School,720565529,KNUT,Nairobi,Nairobi
712,551773,26146131,"Mambili, Moses Muhanji",Joash Olum Primary School,720571835,KNUT,Nairobi,Nairobi
713,469947,22752288,"Mugambi, Mavis Kiende",Moi Airbase Primary School,720575914,KNUT,Nairobi,Nairobi
714,362408,11599330,"Maina, Esther Njoki",Westlands Primary School,720580913,KNUT,Nairobi,Nairobi
715,1102910,24012128,"Walter, Angasa Orogo",Eastleigh Airport Primary School,720581917,KNUT,Nairobi,Nairobi
716,431723,20182756,"Wachira, Simon Mbuthia",Daima Primary School,720586488,KNUT,Nairobi,Nairobi
717,261665,9180769,"Nyarotho, Josephine ",Jehova Jireh Primary School,720587054,KNUT,Nairobi,Nairobi
718,362402,9166633,"Muithore, Mercy Wairigu",State House Primary School,720587418,KNUT,Nairobi,Nairobi
719,429616,13121964,"Muthoni, Savida ",Bidii Primary School,720591290,KNUT,Nairobi,Nairobi
720,536412,24028425,"Chege, Philip Kiringu",Nairobi River Primary School,720592080,KNUT,Nairobi,Nairobi
721,549608,24425394,"Nyambura, Eunice Wanjiku",Nairobi Primary School,720595062,KNUT,Nairobi,Nairobi
722,510739,24152807,"Kibara, Anne Wangithi",Ngundu Primary School,720595618,KNUT,Nairobi,Nairobi
723,548236,22758988,"Muia, Nicholas Kilonzo",St. Michael`s Primary School,720609218,KNUT,Nairobi,Nairobi
724,493326,20686417,"Mwariri, Lucy Thuguri",Parklands Primary School,720613184,KNUT,Nairobi,Nairobi
725,626896,28345043,"Githui, Alice Nyawira",New Pumwani Primary School,720618674,KNUT,Nairobi,Nairobi
726,495225,14509155,"Mboya, Lydia Achienyi",New Eastleigh Primary School,720635426,KNUT,Nairobi,Nairobi
727,701333,30283012,"Wachira, Mary Njeri",Gitiba Primary School,720643122,KNUT,Nairobi,Nairobi
728,481771,23544348,"Kemei, Agnes Chepngeno",Unity Primary School,720660719,KNUT,Nairobi,Nairobi
729,487870,23599980,"Ireri, Joyce Murugi",Wangu Primary School,720667225,KNUT,Nairobi,Nairobi
730,451961,22573855,"Mbiri, Lucy Waruguru",Kimathi Primary School,720673071,KNUT,Nairobi,Nairobi
731,384421,14444867,"Olango, Gaudencia Atieno",Umoja Estate Primary School,720678134,KNUT,Nairobi,Nairobi
732,343512,11349872,"Kamau, Faith Wangui",Dagoretti Muslim Pri Sch,720704751,KNUT,Nairobi,Nairobi
733,325810,10919540,"Makola, Elizabeth Nasimiyu",Komarock Primary School,720711958,KNUT,Nairobi,Nairobi
734,725458,27384227,"Mativo, Charles Kyalo",Parklands Primary School,720731488,KNUT,Nairobi,Nairobi
735,339369,10799450,"Mutua, Josephine Mueni",Tumaini Primary School,720732391,KNUT,Nairobi,Nairobi
736,561700,25021413,"Mutiso, Margaret Musyawa",Mariakani Primary School,720740283,KNUT,Nairobi,Nairobi
737,311141,10331465,"Obongo, Michal Auma",Ayany Primary School,720744176,KNUT,Nairobi,Nairobi
738,629803,28770774,Lilian Ochieng,Eastleigh Airport Primary School,720747851,KNUT,Nairobi,Nairobi
739,372972,11631501,"Jumanne, Linet Auma",Ngu-nyumu (st. John ) Primary School,720750479,KNUT,Nairobi,Nairobi
740,427574,11397698,"Gakii, Jane Mary",Dandora 1 Primary School,720760699,KNUT,Nairobi,Nairobi
741,328306,10879381,"Mutia, Peninah Kasyoka",St. Michael`s Primary School,720782774,KNUT,Nairobi,Nairobi
742,337612,11309161,"Kimata, Peter Mbuthia",Kibera Primary School,720792389,KNUT,Nairobi,Nairobi
743,289841,1261334,"Ali, Halima Hassan",St. Catherines Primary School,720792852,KNUT,Nairobi,Nairobi
744,451466,12575454,"Mbogo, Lucy Marigu",Githurai Primary School,720803108,KNUT,Nairobi,Nairobi
745,671404,22552276,"Ouma, Jackline Achieng",O.L.M. South B. Primary School,720805678,KNUT,Nairobi,Nairobi
746,383807,11719934,"Mutua, Jedidah Wangari",Kibera Primary School,720806736,KNUT,Nairobi,Nairobi
747,460579,13617977,"Boore, Nanies Wanja Japhet",Canon Apolo Primary School,720807816,KNUT,Nairobi,Nairobi
748,424664,22030773,"Gichovi, Abisharg Wanja",Lavington Primary School,720808472,KNUT,Nairobi,Nairobi
749,330728,9918992,"Litunda, Alice Khayecha",Cheleta Primary School,720816175,KNUT,Nairobi,Nairobi
750,828584,24205520,"Kabiru, Monica Waringa",Bakhita Primary School,720818204,KNUT,Nairobi,Nairobi
751,311076,10127940,"Oloo, Pamella Atieno",Martin Luther Primary School,720819613,KNUT,Nairobi,Nairobi
752,458076,22523527,"Kithinji, David Kimathi",Muthaiga Primary School,720834428,KNUT,Nairobi,Nairobi
753,453585,21812450,"Nyachae, Esther Nyatichi",Tumaini Primary School,720846566,KNUT,Nairobi,Nairobi
754,488071,22718239,"Onyancha, Lydia Gesare",Huruma Estate Primary School,720848265,KNUT,Nairobi,Nairobi
755,885679,32506068,"Nakhanya, Emmanuel Wamukota",Marurui Primary School,720848765,KNUT,Nairobi,Nairobi
756,424971,20296747,"Murungi, Catherine Kagendo",James Gichuru Primary School,720862601,KNUT,Nairobi,Nairobi
757,478407,22776214,"Mokamba, Evans ",Daima Primary School,720864427,KNUT,Nairobi,Nairobi
758,750564,27077225,"Obuya, Evannce Augustine",Olympic Estate Primary School,720890560,KNUT,Nairobi,Nairobi
759,433198,11057121,"Peter, Anastasia Nkirote",St. Patricks Primary School,720906427,KNUT,Nairobi,Nairobi
760,447669,21680113,"Njeru, Catherine Karimi",Ushirika Primary School,720906846,KNUT,Nairobi,Nairobi
761,437861,22285227,"Muturi, Lucy Wanjiru",Umoja Estate Primary School,720910520,KNUT,Nairobi,Nairobi
762,521394,23737670,"Kiguru, Peter Njoroge",Hospital Hill Primary School,720915264,KNUT,Nairobi,Nairobi
763,380552,12513531,"Mwebi, Irene Moraa",St. Michael`s Primary School,720917785,KNUT,Nairobi,Nairobi
764,410859,13620968,"M'murithi, Hellen Ngugi",Islamia Primary School,720923552,KNUT,Nairobi,Nairobi
765,459777,11137732,"Osebe, Jared Omato",Wangu Primary School,720924330,KNUT,Nairobi,Nairobi
766,772096,25947131,"Maina, Benson Mbugua",Hospital Hill Primary School,720927294,KNUT,Nairobi,Nairobi
767,394448,20097997,"Bocha, Nancy Auma",St. John's Primary School,720936368,KNUT,Nairobi,Nairobi
768,693554,24605075,"Kinyamasyo, Ruth Kavindu",Kangemi Primary School,720937436,KNUT,Nairobi,Nairobi
769,635201,25600445,"Riungu, Dennis Mwiti",O.L.M. South B. Primary School,720947067,KNUT,Nairobi,Nairobi
770,532981,23646968,"Mwangi, Julia Wagaki",Pumwani Primary School,720948932,KNUT,Nairobi,Nairobi
771,255998,9271148,"Kinyanjui, Anne Wanjiru",Kahawa Primary School,720952635,KNUT,Nairobi,Nairobi
772,399164,20070815,"Murithi, Betty Jeddy Muthoni",Lenana School,720956786,KNUT,Nairobi,Nairobi
773,596879,21752514,"Muthoni, Grace ",Riruta Satellite Primary School,720962998,KNUT,Nairobi,Nairobi
774,567624,26191500,"Ihura, Juliana Wairimu",Marurui Primary School,720969782,KNUT,Nairobi,Nairobi
775,299611,8610197,"Kabwithia, Lilian Karambu",Githurai Primary School,720970193,KNUT,Nairobi,Nairobi
776,493415,23970284,"Magige, Eunice Robi",Ngei Primary School,720980739,KNUT,Nairobi,Nairobi
777,475728,23123993,"Yucabate, Chepngetich Tum",Ngei Primary School,720985215,KNUT,Nairobi,Nairobi
778,513800,20849109,"Odondo, Martha Mirehane",Racecourse Primary School,720990896,KNUT,Nairobi,Nairobi
779,394250,10319011,"Nduati, Anna Njeri",Milimani Primary School,721101076,KNUT,Nairobi,Nairobi
780,496462,22391758,"Kanyi, Regina Wanjiku",Buruburu 1 Primary School,721118568,KNUT,Nairobi,Nairobi
781,627459,26753096,"Mwangi, Ruth Wanjiku",Kariobagi South Primary School,721123710,KNUT,Nairobi,Nairobi
782,516934,21773419,"Mwaura, Theresia Wangui",Parklands Primary School,721124445,KNUT,Nairobi,Nairobi
783,595861,23026089,"Somba, Cecilia Mukulu",Valley Bridge Primary School,721129762,KNUT,Nairobi,Nairobi
784,353612,11309541,"Ng'ang'a, Ann Wambui",M.M. Chandaria Primary School,721146911,KNUT,Nairobi,Nairobi
785,533172,24281622,"Macharia, Rebecca Njeri",Marura Primary School,721165653,KNUT,Nairobi,Nairobi
786,392063,10182106,"Njenga, John Mwangi",Njiru Primary School,721176382,KNUT,Nairobi,Nairobi
787,427629,21798359,"Lena, Anyona Ouko",Utawala Academy,721202848,KNUT,Nairobi,Nairobi
788,561633,25513806,"Edwin, Jackline Mbathe",Martin Luther Primary School,721204805,KNUT,Nairobi,Nairobi
789,585301,24943392,"Otsieno, Fredrick Wesonga",Martin Luther Primary School,721209957,KNUT,Nairobi,Nairobi
790,459776,11645196,"Kang'ethe, Paul Gichuhi",Moi Forces Acadamy Primary,721215619,KNUT,Nairobi,Nairobi
791,346609,11101934,"Wamugi, Patrick Wambugu",Bidii Primary School,721226327,KNUT,Nairobi,Nairobi
792,311120,10404004,"Otieno, Lillian Anyango",Unity Primary School,721227113,KNUT,Nairobi,Nairobi
793,432180,10775363,"Kamau, Grace Wanjiru",Dr. Livingstone Primary School,721227260,KNUT,Nairobi,Nairobi
794,435453,20350664,"Sumba, Alice Pesa",O.L.M. South B. Primary School,721229819,KNUT,Nairobi,Nairobi
795,479025,22918102,"Baai, Dommittillah Kananu",Gatoto Primary School,721236340,KNUT,Nairobi,Nairobi
796,354935,9346857,"Mundia, Jane Wangu",Ngei Primary School,721238539,KNUT,Nairobi,Nairobi
797,342695,10899165,"Stanely, Rachel Naito",Baraka Primary School,721239743,KNUT,Nairobi,Nairobi
798,395347,20247742,"Kisilu, Susan Mumbua",St. Michael`s Primary School,721242138,KNUT,Nairobi,Nairobi
799,340478,9902577,"Amanya, Leonorah Oyemba",Mathare North Primary School,721245078,KNUT,Nairobi,Nairobi
800,272815,9295641,"Gichunge, Dorothy Ithiru",Uhuru Estate Primary School,721256936,KNUT,Nairobi,Nairobi
801,287857,3950748,"Osewe, Joyline Achieng",Nile Road Special School,721258460,KNUT,Nairobi,Nairobi
802,675790,22324819,"Obanda, Mohammed Oduor",River Bank Primary School,721266077,KNUT,Nairobi,Nairobi
803,346640,11286851,"Wanjohi, Catherine Wangui",Ruai Primary School,721282160,KNUT,Nairobi,Nairobi
804,444639,20218426,"Kamau, Alice Wambui",Ruai Primary School,721285505,KNUT,Nairobi,Nairobi
805,645207,20696519,"Ngila, Florence Mueni",Mathari Old Primary School,721288022,KNUT,Nairobi,Nairobi
806,403202,20762304,"Thiga, Elizabeth Muthoni",Thawabu Primary School,721288585,KNUT,Nairobi,Nairobi
807,477123,21981362,"Majiwa, Evelyn Achieng",Kahawa Garrison Primary School,721292015,KNUT,Nairobi,Nairobi
808,840009,26165329,"Ouma, Elsa Awuor",St. Teresas Primary School,721301970,KNUT,Nairobi,Nairobi
809,365262,13067572,"Butuk, Carolyn Chepngeno",Kabete Vet Labs Primary School,721302572,KNUT,Nairobi,Nairobi
810,332262,9384662,"Gitau, Francis Njau Amos",Kariobagi South Primary School,721305918,KNUT,Nairobi,Nairobi
811,289557,8478414,"Kavetsa, Rose ",Ruai Primary School,721313484,KNUT,Nairobi,Nairobi
812,342686,11258759,"Kagwiria, Fridah ",Hospital Hill Primary School,721321144,KNUT,Nairobi,Nairobi
813,379607,13570495,"Masese, Mary ",St. Anne's Primary School,721323768,KNUT,Nairobi,Nairobi
814,353783,13073660,"Aduda, Judith Aoko Otieno",Wangu Primary School,721326018,KNUT,Nairobi,Nairobi
815,598757,25396058,"Mugo, John Wanderi",Kihumbuini Primary School,721331567,KNUT,Nairobi,Nairobi
816,552442,25342070,"Muyenzi, Ellyjoy Syomiti",Joash Olum Primary School,721331844,KNUT,Nairobi,Nairobi
817,379615,13717907,"Musungu, Jacklyne Nafula",Kangemi Primary School,721343182,KNUT,Nairobi,Nairobi
818,257210,9011772,"Mwangi, Anestine Wairimu",Kifaru Primary School,721356552,KNUT,Nairobi,Nairobi
819,405021,14417401,"Chege, Lucy Wanjiru",Jehova Jireh Primary School,721362068,KNUT,Nairobi,Nairobi
820,834228,31327430,"Kamau, David Kuria",Kamiti Primary School,721365389,KNUT,Nairobi,Nairobi
821,422517,13460029,"Kuria, Mary Muthoni",Daima Primary School,721370246,KNUT,Nairobi,Nairobi
822,515560,20664808,"Mauka, Susan Nelima",Langata Barracks Primary School,721376624,KNUT,Nairobi,Nairobi
823,326515,9757930,"Ododa, Violet Carren",Muthaiga Primary School,721380113,KNUT,Nairobi,Nairobi
824,338366,10733479,"Gitonga, Susan Muthoni",Ruthimitu Primary School,721381633,KNUT,Nairobi,Nairobi
825,435938,22282199,"Kiio, Josephine Syombua",Kifaru Primary School,721381653,KNUT,Nairobi,Nairobi
826,342816,11178641,"Mathenge, Elishiba Nyawira",Baba Dogo Primary School,721386351,KNUT,Nairobi,Nairobi
827,692320,27402090,"Muisyo, Catherine Nduku",Dandora 1 Primary School,721410034,KNUT,Nairobi,Nairobi
828,801810,25962028,"Oyugi, Benard Ochieng",Muthaiga Primary School,721434551,KNUT,Nairobi,Nairobi
829,385804,13876266,"Walaga, Mildred Achieng",Kariobagi South Primary School,721439235,KNUT,Nairobi,Nairobi
830,438668,13179316,"John, Florah Gakii",Mihang'o Primary School,721451622,KNUT,Nairobi,Nairobi
831,443664,21990396,"Ndung'U, Peter Njoroge",Morrison Primary School,721452141,KNUT,Nairobi,Nairobi
832,378784,13641292,"Mwangangi, Martha ",Uhuru Gardens Primary School,721458417,KNUT,Nairobi,Nairobi
833,426369,21941272,"Mathai, Boniface Ndirangu",City Primary School,721460531,KNUT,Nairobi,Nairobi
834,353847,10908249,"Ongwae, Mondester Nyakemwa",Komarock Primary School,721461516,KNUT,Nairobi,Nairobi
835,479521,22651212,"Kendagor, Gladys Jeptoo",State House Primary School,721477640,KNUT,Nairobi,Nairobi
836,759086,26076550,"Juma, David Odhiambo",Salama Primary School,721487146,KNUT,Nairobi,Nairobi
837,343761,11148838,"Ndungu, Edward Njoroge",St. John's Primary School,721511090,KNUT,Nairobi,Nairobi
838,446173,14727266,"Kande, Bernard Njoroge",Aga Khan Primary School,721512161,KNUT,Nairobi,Nairobi
839,564182,21696668,"Nyabwa, Elizabeth ",Olympic Estate Primary School,721541236,KNUT,Nairobi,Nairobi
840,419253,13603124,"Oduor, Scholastica Atieno",Bahati Uhuru Primary School,721545382,KNUT,Nairobi,Nairobi
841,397371,13326360,"Obara, Wilder Mogotu",Kawangware Primary School,721545941,KNUT,Nairobi,Nairobi
842,308256,9229928,"Ojiambo, Victorine Achola",Morrison Primary School,721552598,KNUT,Nairobi,Nairobi
843,489640,23346910,"Onyango, Maureen Atieno",Jogoo Road Primary School,721557088,KNUT,Nairobi,Nairobi
844,384053,11768329,Gerald Muriuki,New Eastleigh Primary School,721560210,KNUT,Nairobi,Nairobi
845,389964,13482618,"Bonuke, Jeskah Bonareri",Bidii Primary School,721560283,KNUT,Nairobi,Nairobi
846,421461,10810710,"Kiarahu, Benson Thuo",Nairobi South Primary School,721562419,KNUT,Nairobi,Nairobi
847,326968,10744903,"Kapsowe, Anyesi Jemitei",Uhuru Gardens Primary School,721564812,KNUT,Nairobi,Nairobi
848,367856,9697700,"Kithinji, Jacinta Karimi",Racecourse Primary School,721565127,KNUT,Nairobi,Nairobi
849,526620,13796986,"Keru, Christopher Njuguna",Baraka Primary School,721571738,KNUT,Nairobi,Nairobi
850,526805,24315881,"Hassan, Abdi Omar",New Eastleigh Primary School,721588131,KNUT,Nairobi,Nairobi
851,469752,9703606,"Nkirote, Lucy ",Edelvale Primary School,721597345,KNUT,Nairobi,Nairobi
852,588050,26418334,"Gitari, Stella Njeri",Olympic Estate Primary School,721599108,KNUT,Nairobi,Nairobi
853,354080,10859050,"Wanjala, Mary Naliaka  Wakoli",St. Michael`s Primary School,721610714,KNUT,Nairobi,Nairobi
854,452311,22512218,"Mbugua, Benson Nganga",Visa Oshwal Primary School,721611824,KNUT,Nairobi,Nairobi
855,433756,22285199,"Karanja, Maureen Ruguru",Gitiba Primary School,721613069,KNUT,Nairobi,Nairobi
856,269232,9173066,"Gichuki, Mercy Muthoni",Toi Primary School,721617037,KNUT,Nairobi,Nairobi
857,380698,13164119,"Kago, Fredrick ",City Primary School,721617138,KNUT,Nairobi,Nairobi
858,479733,22623474,"Kamau, Lucy Waithera",Hospital Hill Primary School,721619790,KNUT,Nairobi,Nairobi
859,396241,13854260,"Wara, Patrick Kiura",St. Michael`s Primary School,721621938,KNUT,Nairobi,Nairobi
860,449868,13317088,"Musa, Omari Musa Sakwa",Westlands Primary School,721633534,KNUT,Nairobi,Nairobi
861,344176,11367198,"Kituu, Beatrice Mbula",Mukuru Primary School,721641077,KNUT,Nairobi,Nairobi
862,934808,29014079,"Isanju, Loice Mkaluma",Kasarani Primary School,721646758,KNUT,Nairobi,Nairobi
863,440232,13558684,"Mwangi, Grace Njeri",Kayole 1 Primary School,721646838,KNUT,Nairobi,Nairobi
864,354462,2065186,"Ikaal, Angeline Fidelis",Canon Apolo Primary School,721652073,KNUT,Nairobi,Nairobi
865,454875,21621634,"Kanuri, Charles Mwangi",Kirigu Primary School,721652668,KNUT,Nairobi,Nairobi
866,585626,24565351,"Ahiko, Grace Musimbi",A.E.F. Reuben Primary School,721659397,KNUT,Nairobi,Nairobi
867,339437,11028417,"Kabiaru, Regina Njeri",Marurui Primary School,721664552,KNUT,Nairobi,Nairobi
868,530715,24933528,"Muita, Reginah Wangechi",Marurui Primary School,721664552,KNUT,Nairobi,Nairobi
869,432366,14518428,"Mugo, Patrick Kiama",Baraka Primary School,721665008,KNUT,Nairobi,Nairobi
870,829033,20091121,"Kimani, Salome Wambui",Utawala Academy,721667950,KNUT,Nairobi,Nairobi
871,566438,23022038,"Macharia, Grace Njeri",Kahawa Garrison Primary School,721671086,KNUT,Nairobi,Nairobi
872,695719,28543931,"Lemiso, Lucy Wanja",Moi Avenue Primary School,721683558,KNUT,Nairobi,Nairobi
873,432480,21453370,"Mwai, Pauline Wanjiku",Ainsworth Primary School,721685231,KNUT,Nairobi,Nairobi
874,424514,13545456,"Mureithi, Richard Kanyiri",Ndururuno Primary School,721688084,KNUT,Nairobi,Nairobi
875,346645,11514697,"Mutua, Irene Wanjiru",Roysambu Primary School,721690885,KNUT,Nairobi,Nairobi
876,478599,10844466,"Kiruki, Janet Njoki",Kiboro Primary School,721698201,KNUT,Nairobi,Nairobi
877,576700,24598084,"Murimi, Duncan Mwaniki",Zawadi Primary School,721708423,KNUT,Nairobi,Nairobi
878,579133,22396361,"Ongeta, Doris Maaburi",Mbagathi Primary School,721710946,KNUT,Nairobi,Nairobi
879,321210,10004360,"Napali, Olessy Electine",St. John's Primary School,721721616,KNUT,Nairobi,Nairobi
880,298560,10572370,"Njoroge, Pauline Wanja",Moi Airbase Primary School,721726197,KNUT,Nairobi,Nairobi
881,551923,23485259,"Ngungi, Pauline Wanjiru",Moi Airbase Primary School,721726197,KNUT,Nairobi,Nairobi
882,331472,10793105,"Ochieng, Mary Akoth",Visa Oshwal Primary School,721732571,KNUT,Nairobi,Nairobi
883,691709,29312744,"Wanjiru, Morris Gitau",Muthurwa Primary School,721735321,KNUT,Nairobi,Nairobi
884,562611,24623965,"Boit, Phelix Chemwor",Ayany Primary School,721737003,KNUT,Nairobi,Nairobi
885,468616,22677788,"Nyamwaya, Stella Nyanchwa",Morrison Primary School,721737336,KNUT,Nairobi,Nairobi
886,403864,11258771,"Marete, Phides Kagendo",Thika Road Primary School,721740388,KNUT,Nairobi,Nairobi
887,479081,23462131,"Njambuya, Loise Wanjiru",Buruburu 1 Primary School,721740987,KNUT,Nairobi,Nairobi
888,434264,20420264,"Ndegwa, Leah Muthoni",Highway Manyatta Primary School,721748074,KNUT,Nairobi,Nairobi
889,656098,26723350,"Momanyi, Risper Bochaberi",Unity Primary School,721753290,KNUT,Nairobi,Nairobi
890,309686,9287804,"Ogola, Damaris Lilian Awino",Milimani Primary School,721754604,KNUT,Nairobi,Nairobi
891,460990,22531783,"Macharia, Leah Muthoni",Bahati Uhuru Primary School,721755022,KNUT,Nairobi,Nairobi
892,339228,10846199,"Mwaura, Grace Muthoni",Cheleta Primary School,721763336,KNUT,Nairobi,Nairobi
893,407443,20200168,"Lutta, Dalinder Rachel",Unity Primary School,721766682,KNUT,Nairobi,Nairobi
894,516707,23227833,"Olesia, Perry Kamadi",Unity Primary School,721767809,KNUT,Nairobi,Nairobi
895,609355,23116066,"Mbacho, Nancy Waithira",Uhuru Gardens Primary School,721789640,KNUT,Nairobi,Nairobi
896,742302,24772989,"Kibuku, Julius Kiiga",Marura Primary School,721796104,KNUT,Nairobi,Nairobi
897,346502,11333391,"Kiragu, Magdalene Waithira",Mahiga Primary School,721799402,KNUT,Nairobi,Nairobi
898,462574,22530590,"Kagori, Mary Wanjiku",St. Anne's Primary School,721801305,KNUT,Nairobi,Nairobi
899,378793,13236204,"Otieno, Hannington Ochieng",Westlands Primary School,721802582,KNUT,Nairobi,Nairobi
900,741925,25108406,"Komba, Grace Eppy",Harambee Estate Primary School,721811368,KNUT,Nairobi,Nairobi
901,529468,22932511,"Nganga, Ruth Wanjiku",Marurui Primary School,721811906,KNUT,Nairobi,Nairobi
902,339034,11366598,"Njuguna, Hellen Toto",Kiwanja Primary School,721818262,KNUT,Nairobi,Nairobi
903,361880,11577771,"Njihia, Joyce ",Njathaini Primary School,721823806,KNUT,Nairobi,Nairobi
904,449973,22648572,"Kinaro, Christopher Mogaka",Riruta Satellite Primary School,721826316,KNUT,Nairobi,Nairobi
905,586907,26684951,"Muthoni, Elizabeth Kamira",Nairobi South Primary School,721826424,KNUT,Nairobi,Nairobi
906,347628,11682159,"Mohammed, Hammida Atemoh",Ainsworth Primary School,721832518,KNUT,Nairobi,Nairobi
907,338816,10266836,"Kimani, Hannah Muthoni",Murema Primary School,721843391,KNUT,Nairobi,Nairobi
908,666675,28326327,"Mulwa, Felistus Mawia",O.L.M. Shauri Moyo Primary School,721844522,KNUT,Nairobi,Nairobi
909,496785,22094691,"Mucheke, Lorginoh Njanja",Rabai Road Primary School,721847813,KNUT,Nairobi,Nairobi
910,530480,25181663,"Kamau, Eunice Wanjiku",Marurui Primary School,721848774,KNUT,Nairobi,Nairobi
911,338981,11060168,"Khan, Serah Muthoni",Kamiti Primary School,721858028,KNUT,Nairobi,Nairobi
912,367914,9927862,"Murage, Joyce Njeri",Muguga Green Primary School,721860417,KNUT,Nairobi,Nairobi
913,378118,13893041,"Jabuya, Mary Aoko",St. Michael`s Primary School,721882462,KNUT,Nairobi,Nairobi
914,311090,8997743,"Omolo, Joyce Akinyi",Shadrack Kimalel Primary School,721883031,KNUT,Nairobi,Nairobi
915,425591,21982506,"Miriti, Joy Gakii",Mathare North Primary School,721887191,KNUT,Nairobi,Nairobi
916,462913,22558819,"Otanga, Faith Kwamboka",Nairobi South Primary School,721898065,KNUT,Nairobi,Nairobi
917,395185,12994293,"Njoroge, Boniface Mburu",Our Lady Of Nazareth Primary School,721898100,KNUT,Nairobi,Nairobi
918,436997,21786579,"Mwangi, Virginia Kiendano",James Gichuru Primary School,721899614,KNUT,Nairobi,Nairobi
919,386821,13389765,"Ndaga, Olga Atieno",Aga Khan Primary School,721906543,KNUT,Nairobi,Nairobi
920,712739,28352487,"Hillary, Michael Omondi",Mwiki Primary School,721910379,KNUT,Nairobi,Nairobi
921,423897,21655235,"Ngethe, Stanley Muigai",Gikabu Mwangaza Primary School,721910787,KNUT,Nairobi,Nairobi
922,468811,20375338,"Mukuha, Anne Wangui",St. Elizabeth Primary School,721913091,KNUT,Nairobi,Nairobi
923,434586,14705200,"Ngunjiri, Shiphirah Muthoni",Dandora 1 Primary School,721920526,KNUT,Nairobi,Nairobi
924,526807,13826737,"Kinyili, Bibiana Kalimi",Mathari Old Primary School,721924088,KNUT,Nairobi,Nairobi
925,410455,13061067,"Gitoru, Susan Mwihaki",Kasarani Primary School,721940829,KNUT,Nairobi,Nairobi
926,531478,24785528,"Nyarunda, Hyline Monchari",C.G.H.U. Primary School,721943148,KNUT,Nairobi,Nairobi
927,319968,9925899,"Mwaura, Beth Wanjiku",Aga Khan Primary School,721953622,KNUT,Nairobi,Nairobi
928,534335,23390490,"Njiri, Margaret Wambui",New Pumwani Primary School,721955483,KNUT,Nairobi,Nairobi
929,328228,11283781,"Oduru, Moses Ochieng",Ayany Primary School,721956018,KNUT,Nairobi,Nairobi
930,381116,10774203,"Nganga, Magdalene Muthoni",Drumvale Primary School,721959695,KNUT,Nairobi,Nairobi
931,448410,20733193,"Chege, Patrick Kimani",Hospital Hill Primary School,721963050,KNUT,Nairobi,Nairobi
932,332702,10879727,"Maundu, Mercy Kavutha",Imara Primary School,721987587,KNUT,Nairobi,Nairobi
933,382694,13602781,"Sonye, Emily Sylvia Juma",Plainsview Primary School,721990202,KNUT,Nairobi,Nairobi
934,288734,7422586,"Ayany, Samwel Onyango",Kibera Primary School,721991314,KNUT,Nairobi,Nairobi
935,408523,14544520,"Kamau, Anne Wangari",Kihumbuini Primary School,721991485,KNUT,Nairobi,Nairobi
936,368687,13505478,"Nzavaye, Violet ",Ainsworth Primary School,721991930,KNUT,Nairobi,Nairobi
937,278740,9315445,"Imbuka, Rose Jendeka",Mathare North Primary School,721992984,KNUT,Nairobi,Nairobi
938,285013,10331292,"Marwa, Millie Mbatha",Roysambu Primary School,721995303,KNUT,Nairobi,Nairobi
939,567899,27052151,"Njuki, Joyce Karimi",Visa Oshwal Primary School,722102005,KNUT,Nairobi,Nairobi
940,0,9169499,Elizabeth  pauline Wanjiru,Ruai Primary School,722104646,KNUT,Nairobi,Nairobi
941,695352,23231498,"Kamau, Virginia Wanjira",Lavington Primary School,722106858,KNUT,Nairobi,Nairobi
942,789655,29269479,"Mwangi, Jane Wanjira",Kiboro Primary School,722109131,KNUT,Nairobi,Nairobi
943,393626,10784148,"Nyachiro, Beatrice Kwamboka",Nembu Primary School,722110754,KNUT,Nairobi,Nairobi
944,865503,31834724,"Iburu, Priscillah Njeri",State House Primary School,722119848,KNUT,Nairobi,Nairobi
945,428798,13030768,"Kimani, Catherine W",Kagira Primary School,722126028,KNUT,Nairobi,Nairobi
946,461728,22003700,"Njugi, George Karuku",Dagoretti Special School,722148075,KNUT,Nairobi,Nairobi
947,475356,22971639,"Opondo, Anne Akinyi",Lang'ata West Primary School,722151576,KNUT,Nairobi,Nairobi
948,493975,23726350,"Githogori, Grace Muthoni",Kawangware Primary School,722155860,KNUT,Nairobi,Nairobi
949,476549,22494274,"Kariuki, Rebecca Njeri",Kahawa Primary School,722162522,KNUT,Nairobi,Nairobi
950,269340,8507953,"Gaitho, Mary Nyambura",Ainsworth Primary School,722171346,KNUT,Nairobi,Nairobi
951,532552,25241338,"Masau, Philomenah Martha",Kifaru Primary School,722201209,KNUT,Nairobi,Nairobi
952,722193,32255574,"Mukirai, Edward Gichuru",Kinyanjui Road Primary School(Gichagi),722201392,KNUT,Nairobi,Nairobi
953,680688,26625631,"Wambua, Musembi ",Moi Airbase Primary School,722209049,KNUT,Nairobi,Nairobi
954,452406,20717378,"Ogali, Catherine Ongiro",Dagoretti Muslim Pri Sch,722213742,KNUT,Nairobi,Nairobi
955,381752,12827092,"Kimutai, Agnes Jepkemoi",Ngei Primary School,722214699,KNUT,Nairobi,Nairobi
956,675494,25090898,"Gitonga, Miriam Wairimu",Ronald Ngala Primary School,722221488,KNUT,Nairobi,Nairobi
957,424849,14423148,"Muasa, Christabel Ndumba",O.L.M. Shauri Moyo Primary School,722230274,KNUT,Nairobi,Nairobi
958,277767,9226953,"Awuor, Beatrice Dulo",Donholm Primary School,722231068,KNUT,Nairobi,Nairobi
959,417637,20312501,"Macharia, Jerusha Wanjiku",Bidii Primary School,722234280,KNUT,Nairobi,Nairobi
960,277301,9948139,"Kieru, Peris Wambui",Mahiga Primary School,722236362,KNUT,Nairobi,Nairobi
961,327543,9949629,"Gichuru, Mercy Nyambura",Mahiga Primary School,722236363,KNUT,Nairobi,Nairobi
962,346406,9197567,"Ndegwa, Pauline Magiri",Kahawa Garrison Primary School,722237702,KNUT,Nairobi,Nairobi
963,342637,11398075,"Nkatha, Joy ",Mathare North Primary School,722240065,KNUT,Nairobi,Nairobi
964,344686,10863738,"Kwajumbe, Geoffrey Imbali",Donholm Primary School,722240097,KNUT,Nairobi,Nairobi
965,278747,10087653,"Kimuhu, Virginia Wambui",Riruta H.G.M. Primary School,722240302,KNUT,Nairobi,Nairobi
966,285225,8822696,"Lusimbo, William Wamalwa",Canon Apolo Primary School,722245532,KNUT,Nairobi,Nairobi
967,365852,13444691,"Hamisi, Hafsa Sumbuo",Arya Girls Primary School,722250519,KNUT,Nairobi,Nairobi
968,270267,7919399,"Mureithi, Irene Wangari",Kamiti Primary School,722252834,KNUT,Nairobi,Nairobi
969,571197,27272701,"Buliva, Collins Onzere",Westlands Primary School,722254068,KNUT,Nairobi,Nairobi
970,685777,20248433,"Mose, Peter Ontomwa",Mathare North Primary School,722255781,KNUT,Nairobi,Nairobi
971,402692,14439215,"Otieno, Judith Achieng",Nairobi River Primary School,722256397,KNUT,Nairobi,Nairobi
972,429189,20680426,"Gathanga, Patricia Wamucii",Ushirika Primary School,722256805,KNUT,Nairobi,Nairobi
973,279217,10094901,"Makau, Felistus Syonzau",Wangu Primary School,722257847,KNUT,Nairobi,Nairobi
974,329908,9970621,"Ombongii, Prisca Nyakerario",Lower Kabete Primary School,722260561,KNUT,Nairobi,Nairobi
975,325989,10626621,"Waweru, Mercy Wangari",Donholm Primary School,722262502,KNUT,Nairobi,Nairobi
976,246337,8642487,"Wambui, Susan Esther",Marurui Primary School,722264931,KNUT,Nairobi,Nairobi
977,471669,21240109,"Onyango, Mellap Mong'are",Kifaru Primary School,722267510,KNUT,Nairobi,Nairobi
978,510098,2138227,"Aggoi, Nickson Nacude",Moi Forces Acadamy Primary,722267943,KNUT,Nairobi,Nairobi
979,346173,10952648,"Weru, Irene Wanjiru",Imara Primary School,722267986,KNUT,Nairobi,Nairobi
980,495627,13559866,"Chege, Susan Waithira",Edelvale Primary School,722276450,KNUT,Nairobi,Nairobi
981,376209,11687461,"Mbiyu, Jacqueline Wanjiku",Dagoretti Special School,722277957,KNUT,Nairobi,Nairobi
982,494451,22526589,"Owino, Nicholas Muthini",Farasi Lane Primary School,722283619,KNUT,Nairobi,Nairobi
983,344103,10344714,"Karanja, Pauline Wanjiku",M.M. Chandaria Primary School,722284463,KNUT,Nairobi,Nairobi
984,339760,10863472,"Ombiro, Mary Kwamboka",Utawala Academy,722285947,KNUT,Nairobi,Nairobi
985,437599,11588705,"Kipkenda, Catherine Nyakio",Ayany Primary School,722295010,KNUT,Nairobi,Nairobi
986,572593,24165199,"Makori, Isabellah Kerubo",Salama Primary School,722302503,KNUT,Nairobi,Nairobi
987,353946,11036543,"Agwata, Kerubo Mogaka",Mahiga Primary School,722314260,KNUT,Nairobi,Nairobi
988,277794,8772101,"Olendo, Lilian Ngesa",Mihang'o Primary School,722319372,KNUT,Nairobi,Nairobi
989,343314,10976084,"Muriuki, Serah Njeri",Maua Primary School,722321137,KNUT,Nairobi,Nairobi
990,329802,9736998,"Gekanana, Gladys Kemunto",Tom Mboya Primary School,722322361,KNUT,Nairobi,Nairobi
991,392401,14626042,"Maina, Patrick Chege",M.M. Chandaria Primary School,722325658,KNUT,Nairobi,Nairobi
992,353990,11322411,"Onkoba, Mary Kerubo",St. Mary's Karen Primary School,722332405,KNUT,Nairobi,Nairobi
993,472150,10640249,"Nyaga, Agnes Wanjiru Martin",Komarock Primary School,722339669,KNUT,Nairobi,Nairobi
994,286408,8539962,"Ruua, Martha Wanjiru",Mathari Old Primary School,722341626,KNUT,Nairobi,Nairobi
995,252801,8642182,"Kinyua, Veronicah Waruku",Rabai Road Primary School,722345498,KNUT,Nairobi,Nairobi
996,317585,10160474,"Gathoni, Elizabeth Mbogo",Parklands Primary School,722348191,KNUT,Nairobi,Nairobi
997,476335,22634808,"Wanjiru, Lois ",Riruta H.G.M. Primary School,722348680,KNUT,Nairobi,Nairobi
998,385316,13448494,"Mlewa, Terecia Chadi",Ngei Primary School,722355951,KNUT,Nairobi,Nairobi
999,343080,10808752,"Omondi, David ",Visa Oshwal Primary School,722365135,KNUT,Nairobi,Nairobi
1000,462914,13605195,"Achieng, Rachael ",Joseph Kangethe Primary School,722365936,KNUT,Nairobi,Nairobi
1001,338924,10909918,"Okiambe, Cecilia Kwamboka",Embakasi Garrision Primary School,722367644,KNUT,Nairobi,Nairobi
1002,571972,24244097,"Wafula, Agatha Shilla",Valley Bridge Primary School,722371972,KNUT,Nairobi,Nairobi
1003,396201,20250437,"Koroma, Cecilia Daku",Githurai Primary School,722373521,KNUT,Nairobi,Nairobi
1004,629656,26877878,"Ngui, Matruder Nduku",Kariobagi South Primary School,722376356,KNUT,Nairobi,Nairobi
1005,493974,13389744,"Ajwang, Eunice Akinyi",Kayole 1 Primary School,722378790,KNUT,Nairobi,Nairobi
1006,341688,11199052,"Kisala, Sally Mbone",Plainsview Primary School,722382938,KNUT,Nairobi,Nairobi
1007,340143,10844977,"Kiragu, Caroline Wahu",Ruai Primary School,722383318,KNUT,Nairobi,Nairobi
1008,381176,13278008,"Wairua, Margaret Wanjiru",Nairobi Primary School,722397239,KNUT,Nairobi,Nairobi
1009,391203,13099886,"Mwangi, Daniel Iraki",Mihang'o Primary School,722398533,KNUT,Nairobi,Nairobi
1010,396803,11492266,"Ndege, Evans Ogeto",Jehova Jireh Primary School,722402106,KNUT,Nairobi,Nairobi
1011,355244,11048625,"Ogola, Elseba Atieno",Komarock Primary School,722407486,KNUT,Nairobi,Nairobi
1012,464650,10785489,Samuel Isaboke,Kwa Njenga Primary School,722408936,KNUT,Nairobi,Nairobi
1013,536825,23923366,"Murungi, Jane Makena",Canon Apolo Primary School,722416320,KNUT,Nairobi,Nairobi
1014,342765,10974812,"Kungu, Assumptah Waruiru",River Bank Primary School,722420350,KNUT,Nairobi,Nairobi
1015,316362,9403934,"Momanyi, Rebecca Kerubo",Kihumbuini Primary School,722420481,KNUT,Nairobi,Nairobi
1016,346624,11316593,"Kaingu, Purity Ng'endo",Lang'ata West Primary School,722422005,KNUT,Nairobi,Nairobi
1017,691680,23612287,"Aleyo, Violet ",Lavington Primary School,722434194,KNUT,Nairobi,Nairobi
1018,432991,20862681,"Chacha, Happiness  E.Bhoke",Kabete Vet Labs Primary School,722442192,KNUT,Nairobi,Nairobi
1019,434480,20629969,"Ndwiga, Nancy Wambeti",Kinyanjui Road Primary School(Gichagi),722444898,KNUT,Nairobi,Nairobi
1020,346442,10655939,"Githirwa, Elizabeth Munyutha",Heshima Road Primary School,722446888,KNUT,Nairobi,Nairobi
1021,341329,11390372,"Iraya, Esther Nyamatu",Arya Girls Primary School,722447730,KNUT,Nairobi,Nairobi
1022,256576,9241489,"Wanjiru, Philomena Murigu",Mathare Special Training Centre,722452433,KNUT,Nairobi,Nairobi
1023,341164,9969862,"Mokeira, Claire ",Aga Khan Primary School,722458032,KNUT,Nairobi,Nairobi
1024,414288,12775983,"Muchiri, George Wahome",Farasi Lane Primary School,722459691,KNUT,Nairobi,Nairobi
1025,316552,10366340,"Gularire, Joyce Hadari",Dandora 1 Primary School,722470075,KNUT,Nairobi,Nairobi
1026,343537,11486878,"Musau, Anne Mueni",Busara Primary School,722484722,KNUT,Nairobi,Nairobi
1027,552965,24442804,"Nditiai, Nancy Wambui",Marura Primary School,722485603,KNUT,Nairobi,Nairobi
1028,408975,11555731,"Magori, George Ogoti",Toi Primary School,722487118,KNUT,Nairobi,Nairobi
1029,408640,20703470,"Njoroge, Hotensiah Wairimu",Buruburu 1 Primary School,722489682,KNUT,Nairobi,Nairobi
1030,364763,11593655,"Mlanga, Eunice Auma",Buruburu 1 Primary School,722494394,KNUT,Nairobi,Nairobi
1031,435609,14408292,"Nyaga, Angelo Njeru",Maua Primary School,722502287,KNUT,Nairobi,Nairobi
1032,407002,11589362,"Ogayo, Zakayo Onyango",Nairobi Primary School,722503829,KNUT,Nairobi,Nairobi
1033,422187,20905148,"Mwangi, Elizabeth Konyu",Kenyatta University Primary School,722506765,KNUT,Nairobi,Nairobi
1034,382143,10626166,"Lisaka, Ayub Isabwa",Lower Kabete Primary School,722507123,KNUT,Nairobi,Nairobi
1035,277953,9419803,"Agutu, Hellen Anyango",Kangemi Primary School,722516286,KNUT,Nairobi,Nairobi
1036,481356,23632905,"Mayieka, Ruth Kerubo",Mukuru Primary School,722534213,KNUT,Nairobi,Nairobi
1037,403552,1139298,"Kasuku, Grace Akinyi",Unity Primary School,722535716,KNUT,Nairobi,Nairobi
1038,447488,12701603,"Anzunzu, Evelyn Andeka",Kibera Primary School,722536442,KNUT,Nairobi,Nairobi
1039,647730,27191086,"Mwazumbo, Nancy Msae",Raila Educational Centre Primary School,722536702,KNUT,Nairobi,Nairobi
1040,360799,9731246,"Kayi, Pascar S.Mukhovi",Langata Barracks Primary School,722556014,KNUT,Nairobi,Nairobi
1041,377567,13414829,"Hellen, Wachana Nanjala",Chemichemi Mwengenye Primary School,722559778,KNUT,Nairobi,Nairobi
1042,723870,30401956,"Gitau, Hellen Njeri",Kangemi Primary School,722568049,KNUT,Nairobi,Nairobi
1043,477594,21760508,"Achando, Fredrick Otieno",G.S.U. Ruaraka Primary School,722572705,KNUT,Nairobi,Nairobi
1044,355662,11287780,"Mutahi, Nancy Wamuyu",A.E.F. Reuben Primary School,722574455,KNUT,Nairobi,Nairobi
1045,515794,21193137,"Mugambi, Virginia Wangari",Gituamba Primary School,722575668,KNUT,Nairobi,Nairobi
1046,573859,26620196,"Kalukhan, Winstone Luchivya",St. Elizabeth Primary School,722576097,KNUT,Nairobi,Nairobi
1047,316349,10021032,"Nyabari, Priscah Nyaboke",Bakhita Primary School,722579207,KNUT,Nairobi,Nairobi
1048,423071,20729723,"Ndigah, Veronicah Wangui",Marurui Primary School,722584398,KNUT,Nairobi,Nairobi
1049,355253,9498339,"Owiti, Peninah Atieno",Marura Primary School,722586123,KNUT,Nairobi,Nairobi
1050,380742,12781440,"Mathenge, Rahab Wanjira",Salama Primary School,722587040,KNUT,Nairobi,Nairobi
1051,531637,12882618,"Njiru, Ayub Njeru",Harambee Estate Primary School,722587138,KNUT,Nairobi,Nairobi
1052,361028,11428641,"Koros, Linah Jerotich",Uhuru Gardens Primary School,722589027,KNUT,Nairobi,Nairobi
1053,397146,14495079,"Kanini, Mary ",Visa Oshwal Primary School,722589741,KNUT,Nairobi,Nairobi
1054,332504,10926026,"Onyinkwa, Kennedy Isoe",Tom Mboya Primary School,722590153,KNUT,Nairobi,Nairobi
1055,364024,10018928,"Nyabando, Joyce Nyameto",Kilimani Primary School,722592179,KNUT,Nairobi,Nairobi
1056,402828,14675209,"Mwangi, Judy Waithera",Mahiga Primary School,722592224,KNUT,Nairobi,Nairobi
1057,569047,23761191,"Mwangangi, Damaris Mwende",Canon Apolo Primary School,722596783,KNUT,Nairobi,Nairobi
1058,355083,11687852,"Mwangi, Leah Gathoni",Mahiga Primary School,722598049,KNUT,Nairobi,Nairobi
1059,651046,27908790,"Titha, Ann Kataka",Utawala Academy,722598468,KNUT,Nairobi,Nairobi
1060,596845,22392360,"Mwangi, Rahab Wahito",Riruta H.G.M. Primary School,722600937,KNUT,Nairobi,Nairobi
1061,435878,11129010,"Mururu, Peter Kairu",Dandora 1 Primary School,722604862,KNUT,Nairobi,Nairobi
1062,327601,8988126,"Gachago, Mary Wangui",Maua Primary School,722607287,KNUT,Nairobi,Nairobi
1063,401911,11439665,"Nyambisa, Joseph Mose",Kifaru Primary School,722610052,KNUT,Nairobi,Nairobi
1064,394753,13179359,"Mbogori, Beatrice Kiende",Maua Primary School,722614305,KNUT,Nairobi,Nairobi
1065,366354,9909073,"Muchiri, Wanja ",Nairobi River Primary School,722617165,KNUT,Nairobi,Nairobi
1066,745931,28273300,"Maundu, Henry Matoole",Dr. Livingstone Primary School,722622498,KNUT,Nairobi,Nairobi
1067,368621,13641161,"Ngui, Ruth Muli",Kamiti Primary School,722639506,KNUT,Nairobi,Nairobi
1068,275620,9922757,"Mutisya, Catherine Kaluki",Canon Apolo Primary School,722639557,KNUT,Nairobi,Nairobi
1069,319297,9073700,"Kasina, Cytras Nyamai",Ronald Ngala Primary School,722640188,KNUT,Nairobi,Nairobi
1070,673817,29869622,"Mutegi, Ellyjoy Igoki",G.S.U Embakasi Academy,722645487,KNUT,Nairobi,Nairobi
1071,462250,22814678,"Cheboi, Alice Jemutai",G.S.U. Ruaraka Primary School,722655624,KNUT,Nairobi,Nairobi
1072,339236,11223913,"Ramadhan, Maimuna Hawa",Kibera Primary School,722689068,KNUT,Nairobi,Nairobi
1073,422692,10927028,"Isaaka, Agness Nyaruri",Kagira Primary School,722695611,KNUT,Nairobi,Nairobi
1074,344759,10899391,"Mwithiga, David Kairu",Kariobangi North Primary School,722697571,KNUT,Nairobi,Nairobi
1075,479308,13666683,"Ongondi, Dorcas Kerubo",Lower Kabete Primary School,722706685,KNUT,Nairobi,Nairobi
1076,515159,20715228,"Matu, Nicholas Iregi",Kirigu Primary School,722712316,KNUT,Nairobi,Nairobi
1077,276629,9183969,"Kanga, Josephine Atieno",Edelvale Primary School,722712492,KNUT,Nairobi,Nairobi
1078,628542,27530056,"Opiyo, Marion Harriet",Toi Primary School,722716932,KNUT,Nairobi,Nairobi
1079,458541,20307547,"Maina, Stephen Gichuki",Nairobi South Primary School,722725841,KNUT,Nairobi,Nairobi
1080,545917,22006850,"Abuga, Wycliffe Omoso",Bidii Primary School,722727437,KNUT,Nairobi,Nairobi
1081,427566,21573367,"Gakuyo, Joshua Waweru",Olympic Estate Primary School,722731512,KNUT,Nairobi,Nairobi
1082,531811,23023840,"Muthoni, Faith Wanjiru",Nairobi Primary School,722733588,KNUT,Nairobi,Nairobi
1083,761355,31893333,"Muiruri, Ann Nduta",St. Georges Primary School,722743884,KNUT,Nairobi,Nairobi
1084,552326,24060049,"Miriti, Catherine Gatabi",Olympic Estate Primary School,722750881,KNUT,Nairobi,Nairobi
1085,367839,13434731,"Mobisa, Irene Nyang'ara",Njiru Primary School,722764384,KNUT,Nairobi,Nairobi
1086,471243,22266605,"Owino, Jane Awino",Westlands Primary School,722765388,KNUT,Nairobi,Nairobi
1087,338402,10849391,"Ndaro, Martha Wambui",Kabete Vet Labs Primary School,722773211,KNUT,Nairobi,Nairobi
1088,342226,10864946,"Gitaka, Jane Wangithi",St. Mary's Karen Primary School,722785189,KNUT,Nairobi,Nairobi
1089,435519,11629781,"Ndiritu, Gibson Kingori",Bohra Primary School,722793903,KNUT,Nairobi,Nairobi
1090,570954,23279000,"Gembo, Eric Kidake",State House Primary School,722795032,KNUT,Nairobi,Nairobi
1091,429057,11621258,"Ngure, Kenneth Karuku",Imara Primary School,722811342,KNUT,Nairobi,Nairobi
1092,340638,10895737,"Kibuku, Rose Wanjiku",Parkroad Primary School,722813842,KNUT,Nairobi,Nairobi
1093,339787,10930030,"Mayenga, Martha Nyabwari",Daima Primary School,722822676,KNUT,Nairobi,Nairobi
1094,373379,9643316,"Onyoni, Emily ",Mukuru Primary School,722830380,KNUT,Nairobi,Nairobi
1095,444983,14476389,"Marige, Bilha Wanjiru",Highway Manyatta Primary School,722832511,KNUT,Nairobi,Nairobi
1096,380662,11631158,"Menya, Martha Awuor",Harambee Estate Primary School,722833966,KNUT,Nairobi,Nairobi
1097,468842,20431588,"Nyaga, Ann Wanjuki",St. Anne's Primary School,722834000,KNUT,Nairobi,Nairobi
1098,519766,25075930,"Ngotho, Pauline Nyambura",Pumwani Primary School,722836064,KNUT,Nairobi,Nairobi
1099,298268,10011519,"Opala, Beatrice Adhiambo",Dandora 1 Primary School,722838770,KNUT,Nairobi,Nairobi
1100,346329,10381300,"Rimberia, Jane Gacheri",Riruta H.G.M. Primary School,722848591,KNUT,Nairobi,Nairobi
1101,438290,11807167,"Chege, Penninah Muthoni",Lenana School,722851293,KNUT,Nairobi,Nairobi
1102,403021,13654090,"Kimani, Beatrice Muthoni",Aga Khan Primary School,722851744,KNUT,Nairobi,Nairobi
1103,286435,9240116,"Omari, Noor K",Utawala Academy,722852128,KNUT,Nairobi,Nairobi
1104,301998,10220135,"Cherono, Regina ",Komarock Primary School,722858649,KNUT,Nairobi,Nairobi
1105,384893,10648685,"Mbogo, Margaret Waithira",St. Teresas Primary School,722859489,KNUT,Nairobi,Nairobi
1106,658989,27254887,"Maina, Duncan Gitau",Dandora 1 Primary School,722873025,KNUT,Nairobi,Nairobi
1107,210473,7803466,"Odera, Catherine Akoth",Bohra Primary School,722878028,KNUT,Nairobi,Nairobi
1108,342812,11075922,"Ndumia, Joan Muthoni",Racecourse Primary School,722885035,KNUT,Nairobi,Nairobi
1109,300130,9088239,"Virginia, Irene Wangui",Pangani Primary School,722889161,KNUT,Nairobi,Nairobi
1110,264170,9223385,"Owidhi, Hellen Achieng",Mukuru Primary School,722901939,KNUT,Nairobi,Nairobi
1111,339281,10862453,"Osewe, Millicent Atieno",Westlands Primary School,722908162,KNUT,Nairobi,Nairobi
1112,353600,10885462,"Maina, Boniface Mburu",C.G.H.U. Primary School,722910302,KNUT,Nairobi,Nairobi
1113,440219,20225761,"Njogu, Salome Wanjiku",Imara Primary School,722911958,KNUT,Nairobi,Nairobi
1114,346288,9703873,"Kimani, Susan Gacheri",Umoja Estate Primary School,722931087,KNUT,Nairobi,Nairobi
1115,568105,25275867,"Tivila, Jacinta Mwikali",Murema Primary School,722931129,KNUT,Nairobi,Nairobi
1116,409647,21529392,"Nguru, Monicah Kabura",Ronald Ngala Primary School,722934701,KNUT,Nairobi,Nairobi
1117,346551,11246057,"Nyangau, Eznah Mokeira",Joseph Kangethe Primary School,722964421,KNUT,Nairobi,Nairobi
1118,244778,8469949,"Gichure, Christine Wamaitha",Drive-In Estate Primary School,722970448,KNUT,Nairobi,Nairobi
1119,477340,11819503,"Mithamo, Peter Wachira",Aga Khan Primary School,722973515,KNUT,Nairobi,Nairobi
1120,318716,10020024,"Mouti, Rose Bosibori",Highridge Primary School,722976796,KNUT,Nairobi,Nairobi
1121,423347,20864894,"Kamande, Alice Wathuku",Gituamba Primary School,722980417,KNUT,Nairobi,Nairobi
1122,785255,24264221,"Wawire, Wycliffe ",Kawangware Primary School,722986858,KNUT,Nairobi,Nairobi
1123,404336,12756659,"Kassa, Zeinabu Gasso",Toi Primary School,722988529,KNUT,Nairobi,Nairobi
1124,386807,13605678,"Ogolla, Sammy Chacha",Joash Olum Primary School,722993681,KNUT,Nairobi,Nairobi
1125,376486,20254632,"Njoroge, Simon Muthi",Kahawa Garrison Primary School,722995318,KNUT,Nairobi,Nairobi
1126,355333,11443380,"Mburu, Elijah Wambugu",Jamhuri Primary School,723002221,KNUT,Nairobi,Nairobi
1127,496434,23988609,"Onyango, Euphenia Adhiambo",Imara Primary School,723003022,KNUT,Nairobi,Nairobi
1128,497332,24137622,"Muriithi, Fredrick Mbugua",Racecourse Primary School,723004408,KNUT,Nairobi,Nairobi
1129,842142,29343589,"Mukubu, Cynthia Wambui",Kangemi Primary School,723042365,KNUT,Nairobi,Nairobi
1130,317281,10121446,"Busuru, Judith Wesonga",Ruai Primary School,723082994,KNUT,Nairobi,Nairobi
1131,673745,28043292,"Wangari, Rosemary Nduta",Utawala Academy,723084065,KNUT,Nairobi,Nairobi
1132,446955,21729334,"Chepkorir, Jenniffer ",Kirigu Primary School,723096828,KNUT,Nairobi,Nairobi
1133,365747,12462241,"Nderitu, Videnson Maina",Lang'ata West Primary School,723101783,KNUT,Nairobi,Nairobi
1134,356003,11307632,"Njoroge, Lucy Nyokabi",Kwa Njenga Primary School,723108867,KNUT,Nairobi,Nairobi
1135,439243,22208424,"Thuku, Julius Kihara",Kabiria Road Primary School,723144148,KNUT,Nairobi,Nairobi
1136,443335,21057027,"Nyaboga, Evans Mayaka",Juja Road Primary School,723151563,KNUT,Nairobi,Nairobi
1137,513660,23719047,"Njiru, Caroline Murugi",Kahawa Primary School,723160308,KNUT,Nairobi,Nairobi
1138,451311,10877194,"Gichuhi, Stephen Maina",Mihang'o Primary School,723168242,KNUT,Nairobi,Nairobi
1139,396840,14522858,"Musyoki, Patricia Nduku",Harambee Estate Primary School,723169668,KNUT,Nairobi,Nairobi
1140,383546,13775810,"Masugu, Agnes Boyani",Mathare 4A Primary School,723172138,KNUT,Nairobi,Nairobi
1141,274629,8617667,"Oundo, Evarline Valine Akelo",Bakhita Primary School,723174738,KNUT,Nairobi,Nairobi
1142,721613,26119522,"Kuria, Martin Gakunyi",Kabete Primary School,723178585,KNUT,Nairobi,Nairobi
1143,436140,10929269,"Araka, Anthony ",Athi Primary School,723178815,KNUT,Nairobi,Nairobi
1144,327776,9671513,"Kamweti, Patrick Mwangi",Kiboro Primary School,723200744,KNUT,Nairobi,Nairobi
1145,468897,22512279,"Wambua, Mirriam Ndunge",Kayole 1 Primary School,723214343,KNUT,Nairobi,Nairobi
1146,615138,27503777,"Omondi, Samwel ",Joseph Kangethe Primary School,723216130,KNUT,Nairobi,Nairobi
1147,369701,9123564,"Ochwedo, Jane Adhiambo",Kihumbuini Primary School,723217078,KNUT,Nairobi,Nairobi
1148,311689,10148389,"Kiende, Irene Abob",Jehova Jireh Primary School,723242642,KNUT,Nairobi,Nairobi
1149,445066,10089779,"Musyoki, Anne Katunge",Ronald Ngala Primary School,723242643,KNUT,Nairobi,Nairobi
1150,526806,22712402,"Nyaga, Pasilia Njoki",River Bank Primary School,723242911,KNUT,Nairobi,Nairobi
1151,377527,11035792,"Nyoro, Mercy Wambui",Mukuru Primary School,723252549,KNUT,Nairobi,Nairobi
1152,444127,22253839,"Muiga, Jerusha Wangari",Githurai Primary School,723256850,KNUT,Nairobi,Nairobi
1153,822250,32864067,"Magere, Chris Brown",Murema Primary School,723260215,KNUT,Nairobi,Nairobi
1154,485238,23250506,"Chepkirui, Naomi ",Murema Primary School,723260215,KNUT,Nairobi,Nairobi
1155,570913,25051827,"Cherotich, Winny ",Murema Primary School,723260215,KNUT,Nairobi,Nairobi
1156,676077,24618857,"Nyongesa, Martin Wafula",Kabiria Road Primary School,723275366,KNUT,Nairobi,Nairobi
1157,426430,20587739,"Gitonga, Jane Njoki",Mutuini Primary School,723276785,KNUT,Nairobi,Nairobi
1158,342380,10909071,"Nyariki, Peris Kemunto",Bidii Primary School,723281512,KNUT,Nairobi,Nairobi
1159,379609,10626243,"Mose, Timothy Nyakundi",Muthaiga Primary School,723297649,KNUT,Nairobi,Nairobi
1160,378361,14419000,"Maundu, Richard Butto",Unity Primary School,723301822,KNUT,Nairobi,Nairobi
1161,679496,25847738,"Okwemba, Michael Ebole",Racecourse Primary School,723302192,KNUT,Nairobi,Nairobi
1162,344626,9136631,"Ywaya, Scholastica Awino",Dr. Livingstone Primary School,723302771,KNUT,Nairobi,Nairobi
1163,533041,24835351,"Murigu, Faith Wanjiku",Moi Forces Acadamy Primary,723306735,KNUT,Nairobi,Nairobi
1164,494603,11751977,"Mwangi, Faith Wairimu",Unity Primary School,723312067,KNUT,Nairobi,Nairobi
1165,340652,10844104,"Muchina, Sammy Maina",Cheleta Primary School,723340311,KNUT,Nairobi,Nairobi
1166,447235,22011422,"Nyokabi, Beth Njeri",Kasarani Primary School,723351873,KNUT,Nairobi,Nairobi
1167,695251,29712844,"Kimani, Beth Njeri",Kasarani Primary School,723351873,KNUT,Nairobi,Nairobi
1168,383350,13662197,"Juma, Claire Akasa",Huruma Estate Primary School,723361368,KNUT,Nairobi,Nairobi
1169,510229,23079225,"Abetter, Lear Gachieng",Moi Forces Acadamy Primary,723368808,KNUT,Nairobi,Nairobi
1170,656381,28080901,"Wandugu, Emelda Aoko",Raila Educational Centre Primary School,723372001,KNUT,Nairobi,Nairobi
1171,517689,23141905,"Omutuku, Johnstone Ananda",Jamhuri Primary School,723412535,KNUT,Nairobi,Nairobi
1172,573850,23749872,"Onchiri, Alice Kwamboka",Valley Bridge Primary School,723413272,KNUT,Nairobi,Nairobi
1173,386665,13492062,"Micheni, Adeline Gakii",Ronald Ngala Primary School,723418254,KNUT,Nairobi,Nairobi
1174,450586,20675869,"Theri, Samson Gateri",Salama Primary School,723426777,KNUT,Nairobi,Nairobi
1175,332553,10842460,"Oulo, Rosebell Anyango",Daniel Comboni Primary School,723426977,KNUT,Nairobi,Nairobi
1176,561555,24779887,"Mwanzia, Annah Syomiti",Ruai Primary School,723432743,KNUT,Nairobi,Nairobi
1177,438174,0,winfred wawira njoki,Gituamba Primary School,723433636,KNUT,Nairobi,Nairobi
1178,325993,10229138,"Kimundui, Mary Njeri",Gituamba Primary School,723433636,KNUT,Nairobi,Nairobi
1179,429600,13216178,"Kuria, Serah Murugi",Milimani Primary School,723439564,KNUT,Nairobi,Nairobi
1180,278134,10091867,"Ngode, Lucy Awino",Ngei Primary School,723444164,KNUT,Nairobi,Nairobi
1181,260993,8634352,"Ndeto, Elizabeth Kathule",S.S.D. Primary School,723463343,KNUT,Nairobi,Nairobi
1182,396533,14442129,"Atieno, Mary Munda",Marura Primary School,723474258,KNUT,Nairobi,Nairobi
1183,432969,22239101,"Gitonga, Purity Wendy Kageni",Plainsview Primary School,723482535,KNUT,Nairobi,Nairobi
1184,364537,13673421,"Mbacio, Jetrudah Njoki",Nembu Primary School,723500645,KNUT,Nairobi,Nairobi
1185,923347,29333152,"Kamuyu, Samuel Munyagi",Moi Airbase Primary School,723516920,KNUT,Nairobi,Nairobi
1186,401937,12743893,"Mokeira, Lilian Nyang'ara",Imara Primary School,723518342,KNUT,Nairobi,Nairobi
1187,422022,0,winfred Munyambu,Nile Road,723544025,KNUT,Nairobi,Nairobi
1188,512804,22319354,"Muchenya, Fredrick Kombo",River Bank Primary School,723559391,KNUT,Nairobi,Nairobi
1189,396172,13597827,"Ayalo, Grace Atieno",Plainsview Primary School,723568630,KNUT,Nairobi,Nairobi
1190,551339,22214010,"Nguta, Benice ",Komarock Primary School,723590173,KNUT,Nairobi,Nairobi
1191,852782,29333411,"Mutanu, Winfred Wambua",Peter Kibukosya Primary School,723598481,KNUT,Nairobi,Nairobi
1192,370677,13500285,"Tsombe, Beatrice ",Parklands Primary School,723604705,KNUT,Nairobi,Nairobi
1193,569634,25129247,"Wambui, Monicah Wanjiku",Thika Road Primary School,723616587,KNUT,Nairobi,Nairobi
1194,676475,26916281,"Githinji, Florence Wamuyu",Chemichemi Mwengenye Primary School,723654380,KNUT,Nairobi,Nairobi
1195,344614,10962758,"Okuna, Linet Anyango",Imara Primary School,723675793,KNUT,Nairobi,Nairobi
1196,615046,24105067,"Olwete, Wilson Mathias",Ayany Primary School,723692253,KNUT,Nairobi,Nairobi
1197,363462,13057297,"Mwakugu, James Mjomba",Islamia Primary School,723695107,KNUT,Nairobi,Nairobi
1198,452968,22211939,"Mustafa, Ibrahim ",Eastleigh Airport Primary School,723707566,KNUT,Nairobi,Nairobi
1199,462362,20794191,"Waweru, Lucy Njuhi",Riruta H.G.M. Primary School,723709644,KNUT,Nairobi,Nairobi
1200,393434,14705347,"Wahome, Pauline Watare",O.L.M. Shauri Moyo Primary School,723717824,KNUT,Nairobi,Nairobi
1201,605401,26454055,"Kimani, Ndungu Julius",Kahawa Primary School,723724138,KNUT,Nairobi,Nairobi
1202,380451,13589987,"Murandi, Beatrice Karimi",Mathare North Primary School,723737943,KNUT,Nairobi,Nairobi
1203,341323,10344352,"Wanyoike, Ann Njeri",St. Pauls Primary School,723744726,KNUT,Nairobi,Nairobi
1204,546472,20595245,"KASIA, Benjamin MUSYOKA",Nairobi South Primary School,723747985,KNUT,Nairobi,Nairobi
1205,450340,22250908,"Wiliam, Eunice Mbatha",Gitiba Primary School,723748550,KNUT,Nairobi,Nairobi
1206,681322,21873253,"Makuu, Joseph Kioko",Kenyatta University Primary School,723753364,KNUT,Nairobi,Nairobi
1207,444892,13654724,"Waweru, Jackline Kabura",New Pumwani Primary School,723761804,KNUT,Nairobi,Nairobi
1208,496572,22832030,"Njagi, Andrew Murathi",Kileleshwa Primary School,723766312,KNUT,Nairobi,Nairobi
1209,392137,13803081,"Karanja, Erastus Wanyoike",Kiboro Primary School,723768054,KNUT,Nairobi,Nairobi
1210,889595,33214334,"Jepchirchir, Josphine ",Heshima Road Primary School,723786017,KNUT,Nairobi,Nairobi
1211,537850,23151518,"Musakalla, Victor Ibrahim",Moi Forces Acadamy Primary,723795457,KNUT,Nairobi,Nairobi
1212,810011,24504494,"Nyayiera, Fredrick Otieno",Kwa Njenga Primary School,723806547,KNUT,Nairobi,Nairobi
1213,785067,32332708,"Muriuki, Dolly Karimi",Kasarani Primary School,723806718,KNUT,Nairobi,Nairobi
1214,369181,13933392,"Njau, Susan Mbaire",Mihang'o Primary School,723808980,KNUT,Nairobi,Nairobi
1215,376317,11700144,"Ngaru, Joyce Wangu",Gituamba Primary School,723808992,KNUT,Nairobi,Nairobi
1216,567462,22053681,"Ondeyo, Alphine Awino",Moi Avenue Primary School,723811351,KNUT,Nairobi,Nairobi
1217,808425,25020303,"Chemjor, Sammy Kipkoech",Joseph Apundo Primary School,723826064,KNUT,Nairobi,Nairobi
1218,320875,9671850,Rose Nyandia,Kiboro Primary School,723832320,KNUT,Nairobi,Nairobi
1219,570577,26273851,"Were, Stephen ",Donholm Primary School,723834368,KNUT,Nairobi,Nairobi
1220,353742,10934756,"Njiriri, Susan Wairimu",Buruburu 1 Primary School,723856410,KNUT,Nairobi,Nairobi
1221,922779,23142187,"Nyaga, Irene Wawira",Kenyatta University Primary School,723870372,KNUT,Nairobi,Nairobi
1222,389947,10785578,"Manyara, James Mogoba",Dr. Livingstone Primary School,723872833,KNUT,Nairobi,Nairobi
1223,464675,22214427,"Ayiera, Enock Oino",Kirigu Primary School,723881223,KNUT,Nairobi,Nairobi
1224,266898,8975178,"Oketch, Eunice Adhiambo",Lower Kabete Primary School,723881915,KNUT,Nairobi,Nairobi
1225,311166,10596110,"Odongo, Octovine Auma",Lang'ata West Primary School,723883494,KNUT,Nairobi,Nairobi
1226,709523,28382507,"Simat, Hillary Topoika",St. Mary's Karen Primary School,723894377,KNUT,Nairobi,Nairobi
1227,481199,22003267,"Kainga, Simon Wairagu",Riruta H.G.M. Primary School,723897323,KNUT,Nairobi,Nairobi
1228,643944,25155005,"Kamakya, Phoebe Mumbua",St. Brigid's Primary School,723906137,KNUT,Nairobi,Nairobi
1229,343764,11317264,"Njoroge, Peter Mwaura",Kariobangi North Primary School,723909976,KNUT,Nairobi,Nairobi
1230,573437,25032047,"Odhiambo, Ernest Otieno",Ngei Primary School,723922204,KNUT,Nairobi,Nairobi
1231,413721,11500627,"Osogo, Roseline Achieng",Nairobi South Primary School,723933500,KNUT,Nairobi,Nairobi
1232,276973,9290842,"Mbalanya, Martha Akosa",St. Michael`s Primary School,723950248,KNUT,Nairobi,Nairobi
1233,262368,9306986,"Maroa, Martina ",Imara Primary School,723958515,KNUT,Nairobi,Nairobi
1234,510803,24030183,"Gitonga, Collins Bundi",New Pumwani Primary School,723961248,KNUT,Nairobi,Nairobi
1235,347035,8552980,"Agingu, Awino Pamela",Westlands Primary School,723972928,KNUT,Nairobi,Nairobi
1236,467326,22880757,"Macharia, Moses Nding'uri",Muguga Green Primary School,723998590,KNUT,Nairobi,Nairobi
1237,498408,23232542,"Mwangi, Emily Nyawira",Unity Primary School,723998866,KNUT,Nairobi,Nairobi
1238,480837,22719554,"Mwangi, Patrick Njoroge",Utawala Academy,723999629,KNUT,Nairobi,Nairobi
1239,585070,27373593,"Muasya, Mary Kalekye",Kahawa Garrison Primary School,724011783,KNUT,Nairobi,Nairobi
1240,585283,25838677,"Okumu, Collins ",Riruta Satellite Primary School,724035274,KNUT,Nairobi,Nairobi
1241,521300,24671433,"Ombati, Joseph Nyandoma",Kimathi Primary School,724040954,KNUT,Nairobi,Nairobi
1242,527816,25160077,"Nyambura, Damaris Njeri",Cheleta Primary School,724045382,KNUT,Nairobi,Nairobi
1243,436354,11035273,stella wangari,Maua Primary School,724047072,KNUT,Nairobi,Nairobi
1244,694868,28701792,"Radigo, Annabel Minyoso",Lenana School,724097084,KNUT,Nairobi,Nairobi
1245,342373,9970820,"Machi, Kemunto Karani",Islamia Primary School,724100349,KNUT,Nairobi,Nairobi
1246,889076,20277967,"Ndungu, John Muiruri",Dagoreti North Primary School,724138486,KNUT,Nairobi,Nairobi
1247,642518,24168683,"Ojiema, Kennedy Odhiambo",Daima Primary School,724160404,KNUT,Nairobi,Nairobi
1248,755218,23258703,"Miruka, Callen Gesare",Kariobagi South Primary School,724217356,KNUT,Nairobi,Nairobi
1249,484709,22446092,"Mwangi, Lucy Nyambura",Mathare North Primary School,724219025,KNUT,Nairobi,Nairobi
1250,278629,9073259,"Musyimi, Peter Musembi",Kiwanja Primary School,724220921,KNUT,Nairobi,Nairobi
1251,546812,26369122,"Bakhoya, Benson Obuchere",Nairobi South Primary School,724228113,KNUT,Nairobi,Nairobi
1252,807171,31830703,"Ntarangwi, Elizabeth Kauri",Komarock Primary School,724242491,KNUT,Nairobi,Nairobi
1253,561149,24127084,"Magu, Miriam Wambui",Mathare 4A Primary School,724271065,KNUT,Nairobi,Nairobi
1254,550612,22631232,"Nyamwamu, Judith Kwamboka",G.S.U Embakasi Academy,724287751,KNUT,Nairobi,Nairobi
1255,793782,27514055,"Kamande, Catherine Nyambura",Wangu Primary School,724294613,KNUT,Nairobi,Nairobi
1256,826826,25986805,"Kimoli, Naomi Mueni",Tom Mboya Primary School,724318144,KNUT,Nairobi,Nairobi
1257,565771,27145623,"Muli, Phyllis Wausi",Kangemi Primary School,724331571,KNUT,Nairobi,Nairobi
1258,769703,22878596,"Mutothya, Zachariah ",Ngundu Primary School,724331972,KNUT,Nairobi,Nairobi
1259,526621,20647457,"Aluso, Charles Kibumbu",G.S.U. Ruaraka Primary School,724335911,KNUT,Nairobi,Nairobi
1260,464313,22684803,"Munga, Warimu Beatrice",Kahawa Garrison Primary School,724339568,KNUT,Nairobi,Nairobi
1261,773482,26482910,"Odenyo, Gorrety Awuor",Ayany Primary School,724348538,KNUT,Nairobi,Nairobi
1262,943442,27692217,"Karanja, George Kimiri",Kariobagi South Primary School,724351923,KNUT,Nairobi,Nairobi
1263,466152,22403463,"Ondoro, Beatrice Achieng",Daima Primary School,724361569,KNUT,Nairobi,Nairobi
1264,724591,29355706,"Njau, Lucy Wambui",O.L.M. South B. Primary School,724376677,KNUT,Nairobi,Nairobi
1265,425356,20652411,"Njeru, Patrick Muriithi",St. Georges Primary School,724381010,KNUT,Nairobi,Nairobi
1266,449544,22154537,"Kagwiria, Salome ",Gikabu Mwangaza Primary School,724381470,KNUT,Nairobi,Nairobi
1267,444233,14626355,"Kiragu, Win Wambui",Githurai Primary School,724388528,KNUT,Nairobi,Nairobi
1268,712738,28420302,"Katisya, Priscillah Mwende",Mowlem Supaloaf Primary School,724399352,KNUT,Nairobi,Nairobi
1269,526614,25165495,"Karanja, Monicah Nyokabi",Kirigu Primary School,724415533,KNUT,Nairobi,Nairobi
1270,492200,22558148,"Njuki, Regina Mungari",Ushirika Primary School,724420981,KNUT,Nairobi,Nairobi
1271,327367,10929953,"Rashid, Stellah Moochi",Huruma Estate Primary School,724425457,KNUT,Nairobi,Nairobi
1272,392014,10847217,"Mwangi, Stanley ",M.M. Chandaria Primary School,724438153,KNUT,Nairobi,Nairobi
1273,321032,9149874,"Mauti, Jane Kwamboka",Ngong Forest Primary School,724446905,KNUT,Nairobi,Nairobi
1274,491812,22736435,"Wekesa, Erick Fanuel, Mukolwe",Jehova Jireh Primary School,724448163,KNUT,Nairobi,Nairobi
1275,672793,29153671,"Kimani, Grace Wambui",Lenana School,724450309,KNUT,Nairobi,Nairobi
1276,447571,21751138,"Nyoro, John Ngirau",Ngundu Primary School,724463010,KNUT,Nairobi,Nairobi
1277,277751,8606067,"Ochieng, Elizabeth Akinyi",Lower Kabete Primary School,724467016,KNUT,Nairobi,Nairobi
1278,548851,26144572,"Samuel, Elizabeth Mueni",Uhuru Estate Primary School,724467892,KNUT,Nairobi,Nairobi
1279,526301,22972477,"Ouma, Chrispin Onyango",Huruma Estate Primary School,724475508,KNUT,Nairobi,Nairobi
1280,663082,27233270,"Limisi, Bonface ",Raila Educational Centre Primary School,724507279,KNUT,Nairobi,Nairobi
1281,580941,27521703,"Chepngetich, Faith ",Plainsview Primary School,724525271,KNUT,Nairobi,Nairobi
1282,448778,22315941,"Onyari, Stellah Moraa",Dagoretti Special School,724530027,KNUT,Nairobi,Nairobi
1283,449394,13663566,"Omariba, Everline Kemuma",Joash Olum Primary School,724549847,KNUT,Nairobi,Nairobi
1284,628424,20868351,"Awino, Mariko Collins Onyango",Ushirika Primary School,724558281,KNUT,Nairobi,Nairobi
1285,346955,10923897,"Agutu, Florence Akello",Milimani Primary School,724565479,KNUT,Nairobi,Nairobi
1286,432404,16115094,"Kaboi, Purity Wangari",Buruburu 1 Primary School,724567910,KNUT,Nairobi,Nairobi
1287,469218,22665717,"Kariuki, Eunice Muringi",Kahawa Garrison Primary School,724575898,KNUT,Nairobi,Nairobi
1288,920041,32713325,"Gatui, Mary WANJIRU",Mutuini Primary School,724590866,KNUT,Nairobi,Nairobi
1289,397924,21422361,"Mwarangu, Rosalia Wacuka",Ronald Ngala Primary School,724598085,KNUT,Nairobi,Nairobi
1290,525862,23780329,"Muthee, Patrisio Kithaka",Kasarani Primary School,724603921,KNUT,Nairobi,Nairobi
1291,464495,22144366,"Mwaura, Hannah Njeri",Baba Dogo Primary School,724611307,KNUT,Nairobi,Nairobi
1292,655400,27350469,"Angwema, Paul Otieno",Shadrack Kimalel Primary School,724612321,KNUT,Nairobi,Nairobi
1293,570295,21189242,"Kinuthia, Michael Njogu",Ngundu Primary School,724637752,KNUT,Nairobi,Nairobi
1294,376177,13435432,"Wekesa, Juvenalis ",Kawangware Primary School,724648371,KNUT,Nairobi,Nairobi
1295,378668,13737606,"Anyika, Caroline ",O.L.M. Shauri Moyo Primary School,724655019,KNUT,Nairobi,Nairobi
1296,468659,22412781,"Ngigi, Teresia Muthoni",Dagoretti Special School,724656182,KNUT,Nairobi,Nairobi
1297,521966,23708130,"Mutua, Esther Mutave",Ayany Primary School,724661132,KNUT,Nairobi,Nairobi
1298,421438,10003821,"Wasike, Nuru Mubuka",Kibera Primary School,724674001,KNUT,Nairobi,Nairobi
1299,360766,11516581,"Musyoka, Francisca Mumbe",Imara Primary School,724675726,KNUT,Nairobi,Nairobi
1300,578782,25222817,"Ogo, Alfred Odoyo",Harambee Estate Primary School,724680963,KNUT,Nairobi,Nairobi
1301,566255,23596817,"Njue, Benjamin Mati",Imara Primary School,724694597,KNUT,Nairobi,Nairobi
1302,448427,22240904,"Mureithi, Reginah Wangui",St. Anne's Primary School,724718565,KNUT,Nairobi,Nairobi
1303,595871,23930427,"Kipkosgei, Sammy ",Ayany Primary School,724722015,KNUT,Nairobi,Nairobi
1304,345232,11595309,"Njoroge, Susan Wambui",Westlands Primary School,724738412,KNUT,Nairobi,Nairobi
1305,505558,22892629,"Ng'ang'a, Paul Irungu",James Gichuru Primary School,724752520,KNUT,Nairobi,Nairobi
1306,308367,7421793,"Ekode, Miriam Ajalet",Racecourse Primary School,724758835,KNUT,Nairobi,Nairobi
1307,509213,24123289,"Karanja, Faith Njoki",Drumvale Primary School,724770307,KNUT,Nairobi,Nairobi
1308,729079,31038099,"Langat, Dominic Kipkemboi",Edelvale Primary School,724770703,KNUT,Nairobi,Nairobi
1309,537770,26339031,"Mawia, Damaris ",Kahawa Garrison Primary School,724774326,KNUT,Nairobi,Nairobi
1310,432227,21839492,"Nyakeri, Samson Mumbo",Kawangware Primary School,724798266,KNUT,Nairobi,Nairobi
1311,470983,23468106,"Awour, Maurine Akoth",O.L.M. Shauri Moyo Primary School,724804048,KNUT,Nairobi,Nairobi
1312,553451,25300245,"Odera, Edwin Otieno",Hospital Hill Primary School,724807501,KNUT,Nairobi,Nairobi
1313,434409,13302080,"Musah, Jumah Shikolyo",Kariobagi South Primary School,724823431,KNUT,Nairobi,Nairobi
1314,567654,25014945,"Amila, Seth Oluoch",Canon Apolo Primary School,724824344,KNUT,Nairobi,Nairobi
1315,460706,20984091,"Mugweru, Nazarious Mwangi",Drive-In Estate Primary School,724834297,KNUT,Nairobi,Nairobi
1316,337936,10745594,"Yatich, Milka Jeruto",Kaloleni Primary School,724839873,KNUT,Nairobi,Nairobi
1317,469468,23111021,"Nyabando, Linet Nyamusi",Daima Primary School,724857837,KNUT,Nairobi,Nairobi
1318,465545,22221856,"Wamathai, Solomon Muchemi",Ronald Ngala Primary School,724859408,KNUT,Nairobi,Nairobi
1319,529434,25253209,"Otieno, Linet Achieng",Chieko Primary School,724864357,KNUT,Nairobi,Nairobi
1320,362424,11222050,"Mwikonyi, Jennifer Njeri",Dandora 1 Primary School,724874972,KNUT,Nairobi,Nairobi
1321,457828,22818532,"Ndege, Ronald Orina",New Pumwani Primary School,724882274,KNUT,Nairobi,Nairobi
1322,841772,22205474,"Njeri, Catherine Wangari",Roysambu Primary School,724885993,KNUT,Nairobi,Nairobi
1323,422578,20705234,"Ndirangu, Purity Wanjiru",Baraka Primary School,724888038,KNUT,Nairobi,Nairobi
1324,575817,25991385,"Nyaga, Peter Kithaka",A.E.F. Reuben Primary School,724891502,KNUT,Nairobi,Nairobi
1325,360812,9089275,"Namwaya, Margaret Tindi",St. John's Primary School,724897107,KNUT,Nairobi,Nairobi
1326,408863,12623754,"Matiti, Monica ",Marurui Primary School,724911106,KNUT,Nairobi,Nairobi
1327,300449,9308957,"Cheruiyot, Linner Chebii",A.E.F. Reuben Primary School,724914122,KNUT,Nairobi,Nairobi
1328,664092,22321158,"Ndungu, Cecilia Wambui",Cheleta Primary School,724926342,KNUT,Nairobi,Nairobi
1329,498966,0,Omulama Kulaya ,Donholm Primary School,724927683,KNUT,Nairobi,Nairobi
1330,689644,27376718,"Mwangi, Eliud Gachuhi",Lavington Primary School,724975330,KNUT,Nairobi,Nairobi
1331,482327,20723384,"Nyamai, Janeffer Ndinda",Parkroad Primary School,724976668,KNUT,Nairobi,Nairobi
1332,342472,10899460,"Kimemba, Doris Kagwiria",C.G.H.U. Primary School,724993212,KNUT,Nairobi,Nairobi
1333,1052189,33105013,"Kiprop, Andrew Kipkoech",Embakasi Primary School,725012049,KNUT,Nairobi,Nairobi
1334,419252,20314763,"Roche, Dorcas Amollo",Kifaru Primary School,725020362,KNUT,Nairobi,Nairobi
1335,802326,20007064,"Mundati, Grace Nyaroi",St. Anne's Primary School,725027278,KNUT,Nairobi,Nairobi
1336,751953,25941168,"Gataka, Julius Mureithi",Kayole 1 Primary School,725044534,KNUT,Nairobi,Nairobi
1337,678928,11396239,"Kiambura, Caroline Gaichugi",Muslim Primary School,725059788,KNUT,Nairobi,Nairobi
1338,564790,26876530,"Gitonga, Rachel Muthoni",A.E.F. Reuben Primary School,725113999,KNUT,Nairobi,Nairobi
1339,831425,28840388,"Mburu, Hannah Wanjiku",Dr. Livingstone Primary School,725121416,KNUT,Nairobi,Nairobi
1340,538572,26449700,"Ng'ang'a, Mary Wanjiru",Riruta H.G.M. Primary School,725134194,KNUT,Nairobi,Nairobi
1341,590135,27319509,"Njuguna, Esther Wanjiku",Riruta Satellite Primary School,725134403,KNUT,Nairobi,Nairobi
1342,310456,10008033,"Ololo, Monica Anyango",Wangu Primary School,725157396,KNUT,Nairobi,Nairobi
1343,360368,13426052,"Njoroge, Tabitha Wanjira",Dr. Muthiora Primary School,725163088,KNUT,Nairobi,Nairobi
1344,539739,24607160,"Sitienei, Nancy ",Unity Primary School,725165482,KNUT,Nairobi,Nairobi
1345,384803,13747003,"Obare, Beatrice Moraa",Drive-In Estate Primary School,725181011,KNUT,Nairobi,Nairobi
1346,344235,10785617,"Mokaya, Phelister Moindi  Nyamari",New Kamukunji Primary School,725200265,KNUT,Nairobi,Nairobi
1347,532668,22928795,"Munialo, Peter Wanyama",Aga Khan Primary School,725205782,KNUT,Nairobi,Nairobi
1348,564513,26037506,"Aduyu, Christabel Anyona",Gatoto Primary School,725218682,KNUT,Nairobi,Nairobi
1349,573725,24430492,"Kamande, Tabitha Waruguru",Edelvale Primary School,725221708,KNUT,Nairobi,Nairobi
1350,481116,22727351,"Mwangi, Rahab Njeri",City Primary School,725233426,KNUT,Nairobi,Nairobi
1351,328304,11056540,"Mwavu, Esther Mwende",Ayany Primary School,725233780,KNUT,Nairobi,Nairobi
1352,511724,24542511,"Musembei, David Kioko",Valley Bridge Primary School,725245049,KNUT,Nairobi,Nairobi
1353,401009,13566880,"Onduko, Shadrack Maraga",Eastleigh Airport Primary School,725248194,KNUT,Nairobi,Nairobi
1354,266810,8646797,"Moraa, Florence Moegi",Highway Manyatta Primary School,725249693,KNUT,Nairobi,Nairobi
1355,517716,23623271,"Njoroge, Hannah Nyaruiru",Kenyatta University Primary School,725270462,KNUT,Nairobi,Nairobi
1356,432963,22228944,"Elongi, Regina Nkatha",Moi Forces Acadamy Primary,725277616,KNUT,Nairobi,Nairobi
1357,554193,25158206,"Okerosi, Everline Ogake",State House Primary School,725294231,KNUT,Nairobi,Nairobi
1358,320285,9825702,"Karinga, Salome Njoki",Drive-In Estate Primary School,725303320,KNUT,Nairobi,Nairobi
1359,475432,21622087,"Kagweru, Dickson Mwangi",Kibera Primary School,725307111,KNUT,Nairobi,Nairobi
1360,697450,27036900,"OKUTA, ZADOCK OTIENO",Ngei Primary School,725318267,KNUT,Nairobi,Nairobi
1361,687918,25345214,"Otieno, Joshua Aguno",Karura Forest Primary School,725335885,KNUT,Nairobi,Nairobi
1362,440171,12416113,"Ndungu, Stephen Kabiru",Eastleigh Airport Primary School,725345390,KNUT,Nairobi,Nairobi
1363,471039,22274149,"Ireri, Madris Karimi",Heshima Road Primary School,725345934,KNUT,Nairobi,Nairobi
1364,519987,22825538,"Mwangi, George Kimani",Roysambu Primary School,725348089,KNUT,Nairobi,Nairobi
1365,382500,10021235,"Kwamboka, Masioge Ogari",Mathare North Primary School,725349846,KNUT,Nairobi,Nairobi
1366,446678,22887394,"Nyangau, Benson Osiemo",Kwa Njenga Primary School,725361148,KNUT,Nairobi,Nairobi
1367,280399,9935740,"Kaburia, Catherine Muthoni",Kariobagi South Primary School,725370481,KNUT,Nairobi,Nairobi
1368,691561,24409234,"Miriti, Annrita Kathambi",Ronald Ngala Primary School,725372018,KNUT,Nairobi,Nairobi
1369,449512,22555513,"Nyutu, Victoria Kalimi",Loresho Primary School,725408158,KNUT,Nairobi,Nairobi
1370,521545,21741525,"Zablon, Caroline Bosibori",Juja Road Primary School,725414049,KNUT,Nairobi,Nairobi
1371,540255,24566718,"Kobia, Harriet Gacheri",Kagira Primary School,725422830,KNUT,Nairobi,Nairobi
1372,495582,22812677,"Olumula, Jackline Owendi",G.S.U Embakasi Academy,725435001,KNUT,Nairobi,Nairobi
1373,633334,25296735,"Karanja, Maryanne Wairimu",Cheleta Primary School,725436417,KNUT,Nairobi,Nairobi
1374,311158,10027759,"Mbai, June Achieng",Ngei Primary School,725440808,KNUT,Nairobi,Nairobi
1375,637928,25436377,"Kiilu, Caroline Mutindi",Kabiria Road Primary School,725463433,KNUT,Nairobi,Nairobi
1376,472400,22584081,"Rukahu, Tabitha Nyambura",Daima Primary School,725478753,KNUT,Nairobi,Nairobi
1377,518075,23163685,"Mutisya, Lennah Wavinya",Njiru Primary School,725479831,KNUT,Nairobi,Nairobi
1378,299189,9972039,"Barongo, Anna Osoro",C.G.H.U. Primary School,725517891,KNUT,Nairobi,Nairobi
1379,607127,27317976,"Macharia, Jane Nyambura",Kayole 1 Primary School,725527779,KNUT,Nairobi,Nairobi
1380,338836,10863297,"Achieng, Elizabeth Monica",Baba Dogo Primary School,725535661,KNUT,Nairobi,Nairobi
1381,377890,11183883,"Kiarie, Nancy Njeri",Mutuini Primary School,725538438,KNUT,Nairobi,Nairobi
1382,425838,14686717,"Nganga, Elizabeth Njoki",Kahawa Garrison Primary School,725548686,KNUT,Nairobi,Nairobi
1383,482513,21906751,"Kariuki, Samuel Mwangi",Dr. Aggrey Primary School,725554054,KNUT,Nairobi,Nairobi
1384,493968,21870745,"Gitaari, Jane Kageni",Bahati Uhuru Primary School,725574200,KNUT,Nairobi,Nairobi
1385,526300,24157941,"Odida, Milar Kennedy",Kiboro Primary School,725583990,KNUT,Nairobi,Nairobi
1386,463255,21836980,"Ngondi, Lilian Igoki",Kenyatta University Primary School,725589080,KNUT,Nairobi,Nairobi
1387,566261,25430681,"Awuodi, Judith Awour",Jamhuri Primary School,725597531,KNUT,Nairobi,Nairobi
1388,566872,25178373,"Mbae, Peter Mwenda",Kayole 1 Primary School,725597878,KNUT,Nairobi,Nairobi
1389,569289,24528623,"Komu, Shadrack Ivala",Kangemi Primary School,725601715,KNUT,Nairobi,Nairobi
1390,289787,8044755,"Covill, Mary Nelly Otengo",Visa Oshwal Primary School,725602128,KNUT,Nairobi,Nairobi
1391,354352,10928254,"Ratemo, Ziporah ",Maua Primary School,725626106,KNUT,Nairobi,Nairobi
1392,327695,9708064,"Ngera, James Gakuru",Imara Primary School,725678255,KNUT,Nairobi,Nairobi
1393,670038,27840108,"Eshitemi, Kenneth Omulupi",Jamhuri Primary School,725678923,KNUT,Nairobi,Nairobi
1394,536336,21093723,"Mwala, Teresiah Mukulu",Ngu-nyumu (st. John ) Primary School,725682520,KNUT,Nairobi,Nairobi
1395,550696,24124202,"Kisia, Jackline Kageha",Dagoretti Muslim Pri Sch,725717154,KNUT,Nairobi,Nairobi
1396,538863,22611988,"Bang'i, Douglas Mbeche",Kabete Vet Labs Primary School,725725282,KNUT,Nairobi,Nairobi
1397,360987,12682278,"Komen, Mary Jepkorir",Embakasi Garrision Primary School,725726677,KNUT,Nairobi,Nairobi
1398,688191,26638288,"Kiogora, George Wnyoike",A.E.F. Reuben Primary School,725733858,KNUT,Nairobi,Nairobi
1399,531198,24479647,"Aduvaga, Lilian Mutakale",Ushirika Primary School,725735672,KNUT,Nairobi,Nairobi
1400,309883,10018146,"Onditi, Osoro ",Dagoretti Muslim Pri Sch,725761599,KNUT,Nairobi,Nairobi
1401,369274,13498226,"Kipomet, Hellen Cheptekei",Kahawa Garrison Primary School,725765987,KNUT,Nairobi,Nairobi
1402,467249,13820320,"Otachi, Eucabeth Kwamboka",Ngei Primary School,725782732,KNUT,Nairobi,Nairobi
1403,471539,21843556,"Ochieng, Benter Akoth",Uhuru Gardens Primary School,725784553,KNUT,Nairobi,Nairobi
1404,682302,24565923,"Okwara, Farisha Cecilia",Racecourse Primary School,725794369,KNUT,Nairobi,Nairobi
1405,669932,26997981,"Riang'a, Jeremiah Rianga",G.S.U. Ruaraka Primary School,725818595,KNUT,Nairobi,Nairobi
1406,575637,26571909,"Kigia, Elizabeth Wanjiru",Eastleigh Airport Primary School,725823379,KNUT,Nairobi,Nairobi
1407,1142711,23741929,"Obiero, Eric Juma",Gikabu Mwangaza Primary School,725824412,KNUT,Nairobi,Nairobi
1408,527728,24588298,"Mwaura, Pius King'e",Canon Apolo Primary School,725835615,KNUT,Nairobi,Nairobi
1409,698899,24651404,"Gatitu, Lucy Njoki",Riruta H.G.M. Primary School,725835926,KNUT,Nairobi,Nairobi
1410,582336,25255231,"Mutsami, Phanice Kupalo",Kihumbuini Primary School,725862202,KNUT,Nairobi,Nairobi
1411,504466,22183116,"Onsabwa, Eliakim Kerochi",Mathare 4A Primary School,725864117,KNUT,Nairobi,Nairobi
1412,1121669,27938536,"Okelo, Mordock Omondi",Mathare 4A Primary School,725864117,KNUT,Nairobi,Nairobi
1413,429275,13529996,"Omuke, Agnes Nerima",Nairobi Primary School,725866753,KNUT,Nairobi,Nairobi
1414,659649,25265226,"Muthini, Anne Ndungwa",Ngei Primary School,725868788,KNUT,Nairobi,Nairobi
1415,346530,10088940,"Owano, Charles Maina",Ruai Primary School,725874414,KNUT,Nairobi,Nairobi
1416,394280,13653326,"Kariuki, Irene Wanjiku",Wangu Primary School,725881247,KNUT,Nairobi,Nairobi
1417,460796,22146165,"Odira, Mary Adhiambo",Highridge Primary School,725883973,KNUT,Nairobi,Nairobi
1418,363089,10136177,"Muthungu, Gabriel Mwangi",Marurui Primary School,725893189,KNUT,Nairobi,Nairobi
1419,469884,22255456,"Ng'ang'a, Purity Karamuta",Mahiga Primary School,725927299,KNUT,Nairobi,Nairobi
1420,480115,23751759,"Kamau, Stanley Kago",Cheleta Primary School,725928581,KNUT,Nairobi,Nairobi
1421,684860,29307954,"Kamau, John Kihara",Ngong Forest Primary School,725949304,KNUT,Nairobi,Nairobi
1422,472428,21696369,"Omweno, Lilian Kwamboka",Muthurwa Primary School,725954881,KNUT,Nairobi,Nairobi
1423,510139,13630451,"Muema, Catherine Wairimu",Harambee Estate Primary School,725968595,KNUT,Nairobi,Nairobi
1424,645093,23116786,"Mutisya, Domiana Nduku Mbithi",Jehova Jireh Primary School,725981158,KNUT,Nairobi,Nairobi
1425,391318,13459322,"Muchunu, Juliah Wangari",Njiru Primary School,725982030,KNUT,Nairobi,Nairobi
1426,330284,9148221,"Gesare, Sabina Bosire",Edelvale Primary School,725985036,KNUT,Nairobi,Nairobi
1427,629482,24240259,"Odhiambo, Susan Akinyi",St. John's Primary School,726000176,KNUT,Nairobi,Nairobi
1428,535287,22169158,"Ambuga, Hannigton Mwambuki",Ayany Primary School,726045117,KNUT,Nairobi,Nairobi
1429,625495,27949515,"Nyakundi, Pacificah Kwamboka",Huruma Estate Primary School,726050446,KNUT,Nairobi,Nairobi
1430,567774,27097344,"Nanakwa, Knighty Sitawa",Kahawa Garrison Primary School,726073681,KNUT,Nairobi,Nairobi
1431,938071,23003631,"Otieno, Godfrey Owuor",Drive-In Estate Primary School,726100615,KNUT,Nairobi,Nairobi
1432,673809,27416613,"Malonza, John Mutuku",Mukuru Community Centre Pry School,726100842,KNUT,Nairobi,Nairobi
1433,452562,12777426,"Wahome, Josephine Wanjiru",Imara Primary School,726124474,KNUT,Nairobi,Nairobi
1434,515049,24003349,"Adhiambo, Beryl Obondo",Tumaini Primary School,726136011,KNUT,Nairobi,Nairobi
1435,505300,24140005,"Kagogo, Catherine Wambui",Kabete Vet Labs Primary School,726137266,KNUT,Nairobi,Nairobi
1436,357367,8066635,"Wakina, Margaret ",Kawangware Primary School,726164576,KNUT,Nairobi,Nairobi
1437,394911,11691973,"Twara, Mark Nyambuka",Riruta Satellite Primary School,726172180,KNUT,Nairobi,Nairobi
1438,666432,25336653,"Nyatich, Peruce Nyangasi",Wangu Primary School,726200550,KNUT,Nairobi,Nairobi
1439,538881,24458291,"Mwema, Judy Wakuthi",Baraka Primary School,726208560,KNUT,Nairobi,Nairobi
1440,451085,22300118,"Mutua, Eunice Nzilani",Hospital Hill Primary School,726208777,KNUT,Nairobi,Nairobi
1441,676323,28899386,"Karanu, Peter Mwai",Drumvale Primary School,726209030,KNUT,Nairobi,Nairobi
1442,505058,22207942,"Ogembo, Clement Abeka",Nairobi River Primary School,726209958,KNUT,Nairobi,Nairobi
1443,391944,13796364,"Kihara, Beth Waneke",Umoja Estate Primary School,726233731,KNUT,Nairobi,Nairobi
1444,698580,23279490,"Malului, Celestine Nduku",Ruthimitu Primary School,726234881,KNUT,Nairobi,Nairobi
1445,647329,23925190,"Musango, Ruth Katunge",River Bank Primary School,726235986,KNUT,Nairobi,Nairobi
1446,851805,24633801,"Thotho, Danson Kang'ari",River Bank Primary School,726235989,KNUT,Nairobi,Nairobi
1447,625025,23626282,"Odhiambo, John Dancun",New Eastleigh Primary School,726236217,KNUT,Nairobi,Nairobi
1448,729694,24589689,"Muturi, Peter ",Islamia Primary School,726237332,KNUT,Nairobi,Nairobi
1449,354920,9764822,"Lokale, Lilian Chepkemoi",Komarock Primary School,726240938,KNUT,Nairobi,Nairobi
1450,531467,25238513,"Mbiti, Jackline Muhonja",Kware Primary School,726248639,KNUT,Nairobi,Nairobi
1451,548055,25985673,"Gitau, Jane Njoki",Ruai Primary School,726275298,KNUT,Nairobi,Nairobi
1452,369590,13261667,"Nduta, Stephen Kiriungi",Ngundu Primary School,726276177,KNUT,Nairobi,Nairobi
1453,608513,22894495,"Abok, Sheik Ramogo",Lavington Primary School,726290117,KNUT,Nairobi,Nairobi
1454,414437,11492997,"Onano, Linet Nyaboke",Muthaiga Primary School,726312380,KNUT,Nairobi,Nairobi
1455,925444,33444937,"Ng'ang'a, Moses Muiruri",Martin Luther Primary School,726319372,KNUT,Nairobi,Nairobi
1456,652777,28544971,"Kirui, Cosmas Kiplangat",Mathari Old Primary School,726324923,KNUT,Nairobi,Nairobi
1457,876556,20765945,"Mwangi, Hannah Wangui",Jamhuri Primary School,726327476,KNUT,Nairobi,Nairobi
1458,565049,26128328,"Ndung'u, Festicilla Nyambura",Kirigu Primary School,726335438,KNUT,Nairobi,Nairobi
1459,583610,27774337,"Juma, Catherine Nthoki",James Gichuru Primary School,726342344,KNUT,Nairobi,Nairobi
1460,384214,13648745,"Edukon, Monicah Nanyait",Embakasi Primary School,726357133,KNUT,Nairobi,Nairobi
1461,384885,13645657,"Mwangi, Ann Wangui",Gituamba Primary School,726370361,KNUT,Nairobi,Nairobi
1462,468311,23031767,"Ochoki, Gladys Gesare",Plainsview Primary School,726380436,KNUT,Nairobi,Nairobi
1463,590055,26846184,"Okeyo, Enock Ouma",Moi Airbase Primary School,726382957,KNUT,Nairobi,Nairobi
1464,636562,27404747,"Itumo, Jacqueline Mbithe",Heshima Road Primary School,726392910,KNUT,Nairobi,Nairobi
1465,485086,22671483,"Momanyi, Peter Mosongo",Raila Educational Centre Primary School,726396403,KNUT,Nairobi,Nairobi
1466,548411,23071314,"Musumba, Carolyne Andanyi",Baba Dogo Primary School,726398360,KNUT,Nairobi,Nairobi
1467,590052,27176135,"Karina, Hellen Njambi",Ronald Ngala Primary School,726410013,KNUT,Nairobi,Nairobi
1468,1095577,25143010,"Wanjiru, Annastasia Gakenia",Mathare 4A Primary School,726417309,KNUT,Nairobi,Nairobi
1469,533163,24218901,"Muraya, Mercy Njeri",Marurui Primary School,726425039,KNUT,Nairobi,Nairobi
1470,581127,27111980,"Ogal, Elly Odongo",St. Teresas Primary School,726439779,KNUT,Nairobi,Nairobi
1471,697051,27503673,"Nyabogi, Allan Odhiambo",Ngei Primary School,726450868,KNUT,Nairobi,Nairobi
1472,684250,27949888,"Wanjiku, Mary Wambui",Kariobagi South Primary School,726451271,KNUT,Nairobi,Nairobi
1473,737464,28019609,"Kiburi, Sharon Liz",Westlands Primary School,726452438,KNUT,Nairobi,Nairobi
1474,676625,28147868,"Mwendo, Emma Nyiva",Zawadi Primary School,726456696,KNUT,Nairobi,Nairobi
1475,491793,22506693,"Tarus, Henry Kiplimo",Nairobi Primary School,726472814,KNUT,Nairobi,Nairobi
1476,530624,24852244,"Nganga, Lilian Wanjiku",Kabete Vet Labs Primary School,726476218,KNUT,Nairobi,Nairobi
1477,451748,21731807,"Kahihia, Everlyn Wangui",Valley Bridge Primary School,726486237,KNUT,Nairobi,Nairobi
1478,559564,26313398,"Muema, Geoffrey Musembi",Mukarara Primary School,726490132,KNUT,Nairobi,Nairobi
1479,481529,23283614,"Mungai, Rosemary Ng'endo",Gitiba Primary School,726492320,KNUT,Nairobi,Nairobi
1480,526619,21767603,"Itah, Martha Wanja",Harambee Estate Primary School,726502746,KNUT,Nairobi,Nairobi
1481,813415,26956473,"Soi, Dorcas Katunge",Peter Kibukosya Primary School,726504538,KNUT,Nairobi,Nairobi
1482,556546,25112144,"Kilonzi, Beatrice Kavata",Muthurwa Primary School,726505049,KNUT,Nairobi,Nairobi
1483,414294,13885684,"Gachuhi, Gibson Mugambi",Westlands Primary School,726516034,KNUT,Nairobi,Nairobi
1484,618935,25703844,"Ndambuki, Josphine Nthenya",Mathare 4A Primary School,726517369,KNUT,Nairobi,Nairobi
1485,259457,8607734,"Olambla, Pamela Atieno",M.M. Chandaria Primary School,726534517,KNUT,Nairobi,Nairobi
1486,539679,24732926,"Loise, John ",Daima Primary School,726536214,KNUT,Nairobi,Nairobi
1487,515750,23158081,"Nyakech, Nancy Achieng",Joash Olum Primary School,726536694,KNUT,Nairobi,Nairobi
1488,540940,24819222,"Muthoni, Margaret Ngoiri",New Kihumbuini Primary School,726540766,KNUT,Nairobi,Nairobi
1489,676314,27179531,"Vasi, Joseph Kisoi",Mariakani Primary School,726545831,KNUT,Nairobi,Nairobi
1490,564326,25060575,"Mwakazi, Violet ",Toi Primary School,726549005,KNUT,Nairobi,Nairobi
1491,580951,28177326,"Momanyi, Leonidah Ogake",Shadrack Kimalel Primary School,726550926,KNUT,Nairobi,Nairobi
1492,402346,13469873,"Gichuru, Kenneth Muthuri",Embakasi Primary School,726555106,KNUT,Nairobi,Nairobi
1493,547457,23306355,"Nyangweso, Richard B",Daima Primary School,726559829,KNUT,Nairobi,Nairobi
1494,539250,23634609,"Okeyo, Mary Akinyi",Daima Primary School,726562069,KNUT,Nairobi,Nairobi
1495,522648,22975101,"Nyakundi, Haggai Amwoma",Nembu Primary School,726572718,KNUT,Nairobi,Nairobi
1496,783346,31158703,"Kweyu, Shakillah Makokha",Morrison Primary School,726575831,KNUT,Nairobi,Nairobi
1497,729616,25089566,"Musyoka, Justus Kivuva",Kangemi Primary School,726577481,KNUT,Nairobi,Nairobi
1498,513746,13032077,"Gathecha, Isaac Gachie",Kangemi Primary School,726582372,KNUT,Nairobi,Nairobi
1499,423096,20592003,"Kimanji, Phelomena Wahinya",Dagoreti North Primary School,726621368,KNUT,Nairobi,Nairobi
1500,615608,14494698,"Mwangangi, Reginah Muthue",Ushirika Primary School,726648457,KNUT,Nairobi,Nairobi
1501,911114,24736479,"Njeru, Sarah Wambui",Kawangware Primary School,726649549,KNUT,Nairobi,Nairobi
1502,481536,22971480,"Mwangi, Joyce Munjiru",Dr. Livingstone Primary School,726663285,KNUT,Nairobi,Nairobi
1503,538796,24911432,"Ger, Clivestone Odhiambo",Kayole 1 Primary School,726675059,KNUT,Nairobi,Nairobi
1504,541876,24150335,"Onyango, Dickens Ogoma",Ngong Forest Primary School,726679611,KNUT,Nairobi,Nairobi
1505,471829,22524694,"Onduru, Kepha Omoke",Kibera Primary School,726705128,KNUT,Nairobi,Nairobi
1506,571145,25188746,"Mutuma, John Karuu",St. Teresas Primary School,726715980,KNUT,Nairobi,Nairobi
1507,449341,14606172,"Mokono, Gladys Nyamorambo B.",Edelvale Primary School,726749000,KNUT,Nairobi,Nairobi
1508,560875,25203812,"Muhonja, Lucy ",Pumwani Primary School,726750794,KNUT,Nairobi,Nairobi
1509,428318,22121133,"Oduor, Margaret Lenya",Olympic Estate Primary School,726752353,KNUT,Nairobi,Nairobi
1510,615576,26684824,"Ouma, Elizabeth ",Kariobagi South Primary School,726778735,KNUT,Nairobi,Nairobi
1511,689642,27119469,"Muindi, Josephine Mwikali",St. Brigid's Primary School,726783799,KNUT,Nairobi,Nairobi
1512,366651,9949426,"Mwangi, David Njoroge",Jehova Jireh Primary School,726799520,KNUT,Nairobi,Nairobi
1513,723259,25983878,"Warii, Florence Wanjiku",Mariakani Primary School,726800649,KNUT,Nairobi,Nairobi
1514,476724,11821940,"Barasa, Charles Wafula",Kibera Primary School,726802624,KNUT,Nairobi,Nairobi
1515,311884,9703590,"Buchianga, Naomi Kariri",St. Patricks Primary School,726835579,KNUT,Nairobi,Nairobi
1516,269972,7980952,"Shem, Hellen Kaseyi",River Bank Primary School,726856321,KNUT,Nairobi,Nairobi
1517,396360,13573492,"Ngai, Danson Njiru",Kaloleni Primary School,726872106,KNUT,Nairobi,Nairobi
1518,551346,24701502,"Obure, Beryl Akinyi",Unity Primary School,726904952,KNUT,Nairobi,Nairobi
1519,771444,30904164,"Gitu, Francis Nyingi",Tom Mboya Primary School,726907339,KNUT,Nairobi,Nairobi
1520,573752,23977903,"Munyoti, Christine Kamene",Ruai Primary School,726914660,KNUT,Nairobi,Nairobi
1521,910787,23209945,"Manyara, Godfrey Ratemo",Ainsworth Primary School,726935808,KNUT,Nairobi,Nairobi
1522,668592,29307301,"Ologi, Melinder Achieng",Unity Primary School,726936215,KNUT,Nairobi,Nairobi
1523,448426,20058777,"Munyi, Catherine Wawira",Gituamba Primary School,726948115,KNUT,Nairobi,Nairobi
1524,331497,10176542,"Chege, George Muchene",Dr. Muthiora Primary School,726975150,KNUT,Nairobi,Nairobi
1525,630449,26775453,"Maina, Mary Sharo",St. John's Primary School,727040906,KNUT,Nairobi,Nairobi
1526,345451,10905736,"Thuo, Monicah Ngonyo",Ngei Primary School,727080050,KNUT,Nairobi,Nairobi
1527,381263,13478368,"Muriungi, Violet Nkatha",Aga Khan Primary School,727085039,KNUT,Nairobi,Nairobi
1528,794562,32179781,"Njoroge, Peter Njenga",Olympic Estate Primary School,727116942,KNUT,Nairobi,Nairobi
1529,575233,25191296,"Mathu, Faith Wangui",Murema Primary School,727130194,KNUT,Nairobi,Nairobi
1530,569071,24563414,"Mwangi, James Kimani",Dagoretti Muslim Pri Sch,727136647,KNUT,Nairobi,Nairobi
1531,443756,21468481,"Simba, Nancy Muthoni",James Gichuru Primary School,727145168,KNUT,Nairobi,Nairobi
1532,413597,13784691,"Amuga, Ambrose Adikinyi",Kangemi Primary School,727147246,KNUT,Nairobi,Nairobi
1533,494527,23532708,"Aineah, Selinah Auko",Moi Forces Acadamy Primary,727155462,KNUT,Nairobi,Nairobi
1534,971722,29534105,"Wambui, Jane Wangui",Dr. Livingstone Primary School,727155646,KNUT,Nairobi,Nairobi
1535,543557,24100071,"Chemugong, Nicholas Kipsoe",Olympic Estate Primary School,727173463,KNUT,Nairobi,Nairobi
1536,309687,10003149,"Ogawo, Terry Awuor",M.M. Chandaria Primary School,727175125,KNUT,Nairobi,Nairobi
1537,526804,23996818,"Muteti, Samuel Wambua",Eastleigh Airport Primary School,727208857,KNUT,Nairobi,Nairobi
1538,688876,27683566,"Lunani, Juma Elisha",Daima Primary School,727209696,KNUT,Nairobi,Nairobi
1539,490721,23104161,"Oyugi, Nicolleter Achieng",Imara Primary School,727217818,KNUT,Nairobi,Nairobi
1540,518386,22653864,"Tai, Nemwel Mokua",New Kihumbuini Primary School,727224907,KNUT,Nairobi,Nairobi
1541,526611,22631226,"Nyamwamu, Rose Nyaboke",Mowlem Supaloaf Primary School,727246533,KNUT,Nairobi,Nairobi
1542,817187,24185068,"Njenga, Daniel Wang'ang'a",Njiru Primary School,727274944,KNUT,Nairobi,Nairobi
1543,758934,24819292,"Kimeu, Mary Mueni",Kayole 1 Primary School,727291034,KNUT,Nairobi,Nairobi
1544,475445,22412577,"Kamau, David Thuo",Our Lady Of Nazareth Primary School,727293582,KNUT,Nairobi,Nairobi
1545,475465,0,David Thuo,Our Lady Of Nazareth Primary School,727293582,KNUT,Nairobi,Nairobi
1546,540224,24473813,"Kisingu, Isaac Mumangi",Mathare North Primary School,727294676,KNUT,Nairobi,Nairobi
1547,583831,27448033,"Mwikya, Sarah Mbithe",Umoja Estate Primary School,727318747,KNUT,Nairobi,Nairobi
1548,560655,24106162,"Mbiyu, Peris Nyambura",Kimathi Primary School,727320298,KNUT,Nairobi,Nairobi
1549,721617,25326081,"Chira, Jacline Muthoni",Farasi Lane Primary School,727334499,KNUT,Nairobi,Nairobi
1550,695278,28060936,"Omwancha, Janeth Kwamboka",Arya Girls Primary School,727339421,KNUT,Nairobi,Nairobi
1551,507488,22251446,"Ongeti, Monicah Nyanchama",Salama Primary School,727357703,KNUT,Nairobi,Nairobi
1552,686970,28374067,"Leo, Alvin Odhiambo",Kimathi Primary School,727373919,KNUT,Nairobi,Nairobi
1553,679293,28619500,"Maina, Esther Wambui",Kayole 1 Primary School,727418561,KNUT,Nairobi,Nairobi
1554,862036,33032776,"Ogwayo, Keziah Atieno",Kileleshwa Primary School,727421124,KNUT,Nairobi,Nairobi
1555,584942,24319308,"Muturi, Elizabeth Muthoni",Marurui Primary School,727435472,KNUT,Nairobi,Nairobi
1556,508221,25165431,"Munyiri, Joseph Karuri",Mutuini Secondary School,727449529,KNUT,Nairobi,Nairobi
1557,646193,28065085,"Kanuku, Lauryn Syong'ombe",St. John's Primary School,727457208,KNUT,Nairobi,Nairobi
1558,572657,25355232,"Maramba, Moses Obiero",Ngei Primary School,727508307,KNUT,Nairobi,Nairobi
1559,512405,14567246,"Mwangi, Haron Macharia",Bahati Uhuru Primary School,727523787,KNUT,Nairobi,Nairobi
1560,717974,24658833,"Mwamburi, Agnes Malemba",Tom Mboya Primary School,727529233,KNUT,Nairobi,Nairobi
1561,423635,13570771,"Bosire, Isabella Moraa",Buruburu 1 Primary School,727543098,KNUT,Nairobi,Nairobi
1562,636027,25641369,"Njeri, Naomi Wangui",Aga Khan Primary School,727567063,KNUT,Nairobi,Nairobi
1563,407131,14613565,"Kola, Jackline Muhalia",Mwangaza Primary School,727573727,KNUT,Nairobi,Nairobi
1564,418322,20026671,"Wasilwa, Ziporah ",Kifaru Primary School,727573985,KNUT,Nairobi,Nairobi
1565,629052,28063749,"Mogire, David Nyamwaro",Dr. Aggrey Primary School,727595309,KNUT,Nairobi,Nairobi
1566,658605,24348901,"Ouma, Fred Oluoch",James Gichuru Primary School,727598790,KNUT,Nairobi,Nairobi
1567,752333,32439528,"Kariuki, Samuel Ndichu",Morrison Primary School,727612573,KNUT,Nairobi,Nairobi
1568,643350,26820097,"Otieno, Yuda Opiyo",Highway Manyatta Primary School,727618623,KNUT,Nairobi,Nairobi
1569,584139,22544168,"Atandi, Patrick Onyangore",Parklands Primary School,727620091,KNUT,Nairobi,Nairobi
1570,436551,13326056,"Motari, Robert Mose",Uhuru Gardens Primary School,727620754,KNUT,Nairobi,Nairobi
1571,761174,31928809,"Karanja, Loise Wamaitha",Lavington Primary School,727629280,KNUT,Nairobi,Nairobi
1572,428304,20951513,"Kyengo, Josephine Ngina",Valley Bridge Primary School,727638413,KNUT,Nairobi,Nairobi
1573,538819,23619370,"Nyabera, Joshua Mokong'u",Ainsworth Primary School,727709378,KNUT,Nairobi,Nairobi
1574,391710,10797158,"Njeru, Catherine Marigu",Kahawa Primary School,727732964,KNUT,Nairobi,Nairobi
1575,656175,26256510,"Kiio, Carolyne Muthoki",Makongeni Primary School,727738967,KNUT,Nairobi,Nairobi
1576,873758,25136393,"Wanjiku, Phylisann Ngonyo",Kawangware Primary School,727766388,KNUT,Nairobi,Nairobi
1577,934418,36581930,"Gathiru, Elijah Mwangi",Komarock Primary School,727775503,KNUT,Nairobi,Nairobi
1578,454324,11036821,"Ogechi, Evans Nyonga",A.E.F. Reuben Primary School,727784643,KNUT,Nairobi,Nairobi
1579,654517,21691861,"Mbondo, Eric Mutiso",St. Catherines Primary School,727822974,KNUT,Nairobi,Nairobi
1580,392493,21163718,"Koech, Eunice Ngina",Plainsview Primary School,727842689,KNUT,Nairobi,Nairobi
1581,423536,12852899,"Bollei, Nancy Jepkoech",Plainsview Primary School,727842689,KNUT,Nairobi,Nairobi
1582,483249,22837260,"Manyara, Priscilla Muthoni",Thika Road Primary School,727872174,KNUT,Nairobi,Nairobi
1583,813717,30114425,"Muhoro, Charity Mumbi",Marurui Primary School,727878196,KNUT,Nairobi,Nairobi
1584,364619,11304304,"Ngashira, Rajab Odanga",Daniel Comboni Primary School,727884763,KNUT,Nairobi,Nairobi
1585,526613,22543942,"Ngunyu, Rose Kalisa",Drumvale Primary School,727896532,KNUT,Nairobi,Nairobi
1586,397041,20651360,"Nyaga, Purity Muthoni",Ruai Primary School,727896532,KNUT,Nairobi,Nairobi
1587,405559,13747610,"Mosigari, Leonida Kemunto",Kibera Primary School,727913188,KNUT,Nairobi,Nairobi
1588,811427,25922618,"Gitau, Caroline Wangui",Lenana School,727926549,KNUT,Nairobi,Nairobi
1589,532532,24769418,"Onkware, Stela Kerubo",St. Patricks Primary School,727984621,KNUT,Nairobi,Nairobi
1590,527761,23251725,"Muange, Daniel Kali",Our Lady Of Nazareth Primary School,727994649,KNUT,Nairobi,Nairobi
1591,527761,0,daniel muange,Our Lady Of Nazareth Primary School,727994649,KNUT,Nairobi,Nairobi
1592,338213,11056682,"Waithaka, Charity Nkirote",Jehova Jireh Primary School,728017202,KNUT,Nairobi,Nairobi
1593,468510,22721604,"Micheni, Emily Karimi",Ronald Ngala Primary School,728043566,KNUT,Nairobi,Nairobi
1594,384153,14475391,"Rimanto, Margaret ",M.M. Chandaria Primary School,728060392,KNUT,Nairobi,Nairobi
1595,664510,29942944,"Syombua, Judith Mwikali",Utawala Academy,728084213,KNUT,Nairobi,Nairobi
1596,400781,13279891,"Muruga, Charity Waithira",Racecourse Primary School,728085123,KNUT,Nairobi,Nairobi
1597,990955,27571908,"Adwera, Alice Atieno",Dagoreti North Primary School,728085735,KNUT,Nairobi,Nairobi
1598,428669,12795420,"Maangi, Margaret Nyangara",Kawangware Primary School,728092204,KNUT,Nairobi,Nairobi
1599,515020,24772498,"Muthoni, Samuel Gachoki",Kariobagi South Primary School,728135897,KNUT,Nairobi,Nairobi
1600,578204,26012689,"Mwangi, Peterson Munene",Mukuru Primary School,728141926,KNUT,Nairobi,Nairobi
1601,507418,24656830,"Mwanduka, Agneta Kavivi",St. Michael`s Primary School,728163689,KNUT,Nairobi,Nairobi
1602,285025,9346002,"Asamba, Virginia Rose",Uhuru Estate Primary School,728224185,KNUT,Nairobi,Nairobi
1603,612755,27447161,"Enzori, Hellen Chonanzira",St. Catherines Primary School,728248404,KNUT,Nairobi,Nairobi
1604,396252,11492669,"Nyangweso, James Ombati",Chemichemi Mwengenye Primary School,728249617,KNUT,Nairobi,Nairobi
1605,511346,21932560,"Kihara, David Kinuthia",Mathari Old Primary School,728284184,KNUT,Nairobi,Nairobi
1606,801197,13242804,"Muchira, Pauline Njeri",Dagoreti North Primary School,728289144,KNUT,Nairobi,Nairobi
1607,565131,28158635,"Misoi, Mathew Kipkosgei",Westlands Primary School,728349876,KNUT,Nairobi,Nairobi
1608,624746,25167993,"Munyithya, Bernice Mulaya",Lenana School,728380832,KNUT,Nairobi,Nairobi
1609,451251,22004560,"Kirera, Jeniffer Kangai",Kiboro Primary School,728441864,KNUT,Nairobi,Nairobi
1610,657832,26000118,"Abongo, Samwel Okech",Mukuru Community Centre Pry School,728450267,KNUT,Nairobi,Nairobi
1611,477114,20214545,"Njoroge, Lucyimmaculate Nyaruai",St. Anne's Primary School,728466211,KNUT,Nairobi,Nairobi
1612,548908,25389729,"Otieno, Nerea Juma",Langata Barracks Primary School,728481447,KNUT,Nairobi,Nairobi
1613,844894,32059284,"Kosgei, Shirley Jesang",Embakasi Garrision Primary School,728488878,KNUT,Nairobi,Nairobi
1614,559675,26201028,"Njagi, Benjamin Manderi",Daniel Comboni Primary School,728544665,KNUT,Nairobi,Nairobi
1615,563236,26682441,"Mulandi, Urbanus Katani",Makongeni Primary School,728554045,KNUT,Nairobi,Nairobi
1616,440617,13451463,"Ngonjo, Peris Wanjiku",Dagoretti Special School,728569239,KNUT,Nairobi,Nairobi
1617,720350,27472781,"Mwanzwii, Francis Kiema",Ainsworth Primary School,728580795,KNUT,Nairobi,Nairobi
1618,678171,25880023,"Mukhwana, Peninah Auma",Mwiki Primary School,728585644,KNUT,Nairobi,Nairobi
1619,743045,25483825,"Nguru, Samuel Wambui",Roysambu Primary School,728587730,KNUT,Nairobi,Nairobi
1620,450474,10909258,"Omwoyo, Evans Sagara",Embakasi Primary School,728593630,KNUT,Nairobi,Nairobi
1621,517397,23460305,"Wanjiku, Lucy Susan Wanjiru",G.S.U Embakasi Academy,728593630,KNUT,Nairobi,Nairobi
1622,561413,24117864,"Wanja, Doris Wawira",Tom Mboya Primary School,728611867,KNUT,Nairobi,Nairobi
1623,844195,33446050,"Kariuki, Jane Nyambura",St. Dominics Primary School,728619310,KNUT,Nairobi,Nairobi
1624,470981,12778625,"Gachoya, Martha Muthoni",Gituamba Primary School,728625603,KNUT,Nairobi,Nairobi
1625,563118,20810151,"Wanyoike, Moses Gitau",Imara Primary School,728711942,KNUT,Nairobi,Nairobi
1626,343811,10881484,"Muchoki, Nancy Wangari",Kahawa Primary School,728761191,KNUT,Nairobi,Nairobi
1627,541590,14420255,"Serem, Gabriel Kimutai",New Kihumbuini Primary School,728767154,KNUT,Nairobi,Nairobi
1628,547370,23952391,"Kandie, Maureen Jepkoech",Kware Primary School,728772937,KNUT,Nairobi,Nairobi
1629,343025,10043284,"Makungu, Beatrice ",Mathare 4A Primary School,728780994,KNUT,Nairobi,Nairobi
1630,588376,25757075,"Kyalo, Justus Masai",Olympic Estate Primary School,728791077,KNUT,Nairobi,Nairobi
1631,588576,26531436,"Simiyu, Oscar Watwati",Kabiria Road Primary School,728814217,KNUT,Nairobi,Nairobi
1632,513428,20033248,"Peter, Caroline Evon Kathini",Ngei Primary School,728850050,KNUT,Nairobi,Nairobi
1633,585880,27567599,"Makau, Scholastica Muthue",New Eastleigh Primary School,728883088,KNUT,Nairobi,Nairobi
1634,543863,24773709,"Nyaga, Grace Kagwiria",St. Anne's Primary School,728928319,KNUT,Nairobi,Nairobi
1635,541095,24781989,"Nyambane, Mercellah Mercy",Ayany Primary School,728935802,KNUT,Nairobi,Nairobi
1636,484253,24076781,"Owino, Mollyne Aketch",Njiru Primary School,728949450,KNUT,Nairobi,Nairobi
1637,589901,27417242,"Munyua, Mercy Kawira",C.G.H.U. Primary School,728964599,KNUT,Nairobi,Nairobi
1638,340966,11130709,"Apiyo, Hellen ",Buruburu 1 Primary School,728969508,KNUT,Nairobi,Nairobi
1639,740263,24624336,"Kangeri, Loice Wangari",Tom Mboya Primary School,728994771,KNUT,Nairobi,Nairobi
1640,436401,10479520,"Abung'ana, Orester Shilingi",Thika Road Primary School,728995602,KNUT,Nairobi,Nairobi
1641,560494,25311775,"Otuke, Jael ",Mukuru Primary School,729011899,KNUT,Nairobi,Nairobi
1642,384432,12668482,"Karanu, Agnes Wanjiku",Dagoreti North Primary School,729044225,KNUT,Nairobi,Nairobi
1643,723627,27864441,"Nzyoka, Shadrack Mbithi",Kwa Njenga Primary School,729056613,KNUT,Nairobi,Nairobi
1644,941168,35869412,"Kamau, Mary Waithira",O.L.M. Shauri Moyo Primary School,729080064,KNUT,Nairobi,Nairobi
1645,707055,30136643,"Mwangi, Frasiah Wairimu",Westlands Primary School,729141924,KNUT,Nairobi,Nairobi
1646,529534,22996030,"Kimeu, Damaris Muthakye",Mukuru Primary School,729148322,KNUT,Nairobi,Nairobi
1647,759201,31061714,"Obuya, Paul Ogada",Mukuru Community Centre Pry School,729162372,KNUT,Nairobi,Nairobi
1648,475391,20334869,"Mwirigi, Mary Njoki",Kangemi Primary School,729166268,KNUT,Nairobi,Nairobi
1649,790289,33163063,"Keloi, Regina Marania",C.G.H.U. Primary School,729226790,KNUT,Nairobi,Nairobi
1650,451673,20789227,"Okwoyo, Judith Nyabonyi",Ronald Ngala Primary School,729232862,KNUT,Nairobi,Nairobi
1651,622720,26786789,"Mbatia, Josephine Wanjiru",Hospital Hill Primary School,729241774,KNUT,Nairobi,Nairobi
1652,563930,26166198,"Musundi, Faith Narotso",Heshima Road Primary School,729249658,KNUT,Nairobi,Nairobi
1653,560050,26103667,"Kemunto, Beverlyne Nyabuti",St. Catherines Primary School,729253050,KNUT,Nairobi,Nairobi
1654,642067,25020095,"Mwinzi, Julius Kasanga",Riruta H.G.M. Primary School,729288192,KNUT,Nairobi,Nairobi
1655,559820,25018248,"Churu, Daniel David",Imara Primary School,729313196,KNUT,Nairobi,Nairobi
1656,753298,28534562,"Thuo, Sabastian Thubuku",Njathaini Primary School,729313312,KNUT,Nairobi,Nairobi
1657,774246,24794147,"Amisi, Lindah Chemngeny",New Kihumbuini Primary School,729316490,KNUT,Nairobi,Nairobi
1658,342773,10875102,"Njoroge, Mary Ann Njeri",Mahiga Primary School,729317156,KNUT,Nairobi,Nairobi
1659,571052,20059104,"Karugu, Caroline Wanjiru",St. Teresa's Primary School,729324322,KNUT,Nairobi,Nairobi
1660,385061,27933381,"Karimi, Caroline Muriira",Mahiga Primary School,729371611,KNUT,Nairobi,Nairobi
1661,613676,20716993,"Nzuki, Jane Mwikali",Kangemi Primary School,729383828,KNUT,Nairobi,Nairobi
1662,635693,25860042,"Munyao, Christine Mutindi",Bakhita Primary School,729432719,KNUT,Nairobi,Nairobi
1663,928198,30612702,"Nyambura, Ruth Wambui",O.L.M. Shauri Moyo Primary School,729444568,KNUT,Nairobi,Nairobi
1664,851980,30467745,"Moindi, Everlyne Moraa",St. Dominics Primary School,729451161,KNUT,Nairobi,Nairobi
1665,587085,26176787,"Wafula, Bramwel ",Ayany Primary School,729461137,KNUT,Nairobi,Nairobi
1666,590163,26265651,"Onyango, Molly Akinyi",Bidii Primary School,729474059,KNUT,Nairobi,Nairobi
1667,464079,21842891,"Kiriago, Eucabeth ",Drive-In Estate Primary School,729481002,KNUT,Nairobi,Nairobi
1668,560766,21100787,"Wanyonyi, Andrew Masakari",Farasi Lane Primary School,729515410,KNUT,Nairobi,Nairobi
1669,1006526,24770951,"Katieno, Elisha Omondi",Ayany Primary School,729516351,KNUT,Nairobi,Nairobi
1670,780063,26816236,lilian Obiero,Cheleta Primary School,729526472,KNUT,Nairobi,Nairobi
1671,481225,23620368,"Nyang'au, Nyandika ",Lavington Primary School,729526472,KNUT,Nairobi,Nairobi
1672,678460,27927489,"Munguti, Josphine Nduku",State House Primary School,729526472,KNUT,Nairobi,Nairobi
1673,810535,33374192,"Mutheu, Gladys Rosinah",Shadrack Kimalel Primary School,729526472,KNUT,Nairobi,Nairobi
1674,708420,28921384,"Moranga, Callen Kemunto",Drumvale Primary School,729526472,KNUT,Nairobi,Nairobi
1675,797568,30323960,"Lunani, Titus Benjamin",Mwiki Primary School,729526472,KNUT,Nairobi,Nairobi
1676,1062613,37108561,"Ng'ong'a, Beryl Atieno",Mwiki Primary School,729526472,KNUT,Nairobi,Nairobi
1677,386888,13163399,"Mwaura, Evans Kinyua",Mwiki Primary School,729526472,KNUT,Nairobi,Nairobi
1678,302543,9813836,"Thenya, Jane Mumbi",Njiru Primary School,729526472,KNUT,Nairobi,Nairobi
1679,587584,28185965,"WASHIKA, JOAN VULIMO",Gatoto Primary School,729526472,KNUT,Nairobi,Nairobi
1680,406027,13336616,"Mugendi, Jane Njeri",Gikabu Mwangaza Primary School,729526472,KNUT,Nairobi,Nairobi
1681,,,Patrick Odhiambo,Baraka Primary School,729526472,KNUT,Nairobi,Nairobi
1682,,,Caroline Aluoch,Baraka Primary School,729526472,KNUT,Nairobi,Nairobi
1683,,,faustin Kumbai,Baraka Primary School,729526472,KNUT,Nairobi,Nairobi
1684,,,Richard Obuya,Baraka Primary School,729526472,KNUT,Nairobi,Nairobi
1685,,,Jeremiah Matek,Baraka Primary School,729526472,KNUT,Nairobi,Nairobi
1686,750109,24357985,"Munyoki, Alex Kithae",Eastleigh Airport Primary School,729526472,KNUT,Nairobi,Nairobi
1687,588200,22132562,"Makau, Raphael Kitusa",Zawadi Primary School,729526472,KNUT,Nairobi,Nairobi
1688,320288,16074964,"Kabiro, Lucy Wambui",River Bank Primary School,729526472,KNUT,Nairobi,Nairobi
1689,588132,28067881,"Musungu, Felisha Selina",Mathare 4A Primary School,729526472,KNUT,Nairobi,Nairobi
1690,0,6484571,DANSON MACHARIA MUGWE,KNUT NRB,729526472,KNUT,Nairobi,Nairobi
1691,437112,22212950,"Ogolla, Sylvester Panyako",Kimathi Primary School,729540175,KNUT,Nairobi,Nairobi
1692,541463,24613943,"Birir, Rose Chebichi",Moi Airbase Primary School,729544693,KNUT,Nairobi,Nairobi
1693,307715,9923589,"Kyule, Susan Ndindi",Harambee Estate Primary School,729575823,KNUT,Nairobi,Nairobi
1694,694855,24456412,"Ngungu, Florence Kathini",Mathare 4A Primary School,729588523,KNUT,Nairobi,Nairobi
1695,586697,24456215,"Muendo, Elizabeth Kaluki",Drumvale Primary School,729590035,KNUT,Nairobi,Nairobi
1696,339717,11238017,"Iravonga, Janet Muhenje",Mihang'o Primary School,729602080,KNUT,Nairobi,Nairobi
1697,899908,35859684,"Mutai, Gloria Jelagat",Langata Barracks Primary School,729610670,KNUT,Nairobi,Nairobi
1698,684376,27410746,"Thuku, Beth Wangui",Riruta Satellite Primary School,729632625,KNUT,Nairobi,Nairobi
1699,422505,20234392,"Kavila, Florence Mueni",Muthangari Primary School,729666459,KNUT,Nairobi,Nairobi
1700,832873,21820169,"Mutua, James Musyimi",Westlands Primary School,729668097,KNUT,Nairobi,Nairobi
1701,601219,24757706,"Anyama, Jotham Salano",Mukarara Primary School,729673339,KNUT,Nairobi,Nairobi
1702,762370,23773652,"Mwangi, Francis Maina",Kiboro Primary School,729689977,KNUT,Nairobi,Nairobi
1703,503166,23289344,"Omwenga, Janet Kerubo",Olympic Estate Primary School,729693645,KNUT,Nairobi,Nairobi
1704,668302,27246855,"Gikonyo, Peninah Wangeci",Ndururuno Primary School,729750105,KNUT,Nairobi,Nairobi
1705,686512,26557435,"Kimaiyo, Betyline Jepkosgei",Thika Road Primary School,729765822,KNUT,Nairobi,Nairobi
1706,507327,24294299,"Odero, Antoney Ochieng",Hospital Hill High School,729789342,KNUT,Nairobi,Nairobi
1707,359514,10670668,"Njoroge, Grace Mumbi",Kahawa Primary School,729819378,KNUT,Nairobi,Nairobi
1708,998372,0,Joyce Chepkoech,Embakasi Garrision Primary School,729823227,KNUT,Nairobi,Nairobi
1709,410529,13828265,"Ndemo, Beatrice Moraa",Riruta Satellite Primary School,729823438,KNUT,Nairobi,Nairobi
1710,656199,27609305,"Akama, Emily Auma",St. Brigid's Primary School,729826439,KNUT,Nairobi,Nairobi
1711,451723,20665794,"Onyiego, Esther Moraa",Jamhuri Primary School,729837147,KNUT,Nairobi,Nairobi
1712,549688,25211916,"Ngila, Charles Simon",Morrison Primary School,729876712,KNUT,Nairobi,Nairobi
1713,606008,22792082,"Wanjiru, Lucy Njeri",Kamiti Primary School,729893863,KNUT,Nairobi,Nairobi
1714,812791,27053567,"Kimani, Herbert Mwangi",Raila Educational Centre Primary School,729904496,KNUT,Nairobi,Nairobi
1715,618341,26398202,"Karuna, Benson Mucheru",Olympic Estate Primary School,729908434,KNUT,Nairobi,Nairobi
1716,782969,25835050,"Chepkemoi, Winny ",O.L.M. South B. Primary School,729926894,KNUT,Nairobi,Nairobi
1717,321512,10009197,"Oyoo, Damaris Awuor",Bondeni Primary School,729960214,KNUT,Nairobi,Nairobi
1718,534665,24077224,"Oyoo, Michael Onyango",Unity Primary School,729960214,KNUT,Nairobi,Nairobi
1719,642873,27591403,"Juma, Sostine Barasa",Mathari Old Primary School,729990499,KNUT,Nairobi,Nairobi
1720,314166,10360411,"Wainaina, Irene Wanjiru",Unity Primary School,734074847,KNUT,Nairobi,Nairobi
1721,808255,31817466,"Okeyo, Dominic Owuor",Kenyatta University Primary School,734504716,KNUT,Nairobi,Nairobi
1722,326544,9110001,"Gesare, Orpha Omosa Atera",Dandora 1 Primary School,734820564,KNUT,Nairobi,Nairobi
1723,526305,22961721,fredrick ODHIAMBO,Mbagathi Primary School,735826714,KNUT,Nairobi,Nairobi
1724,480845,22058820,"Mwema, Albert Ngugi",Hospital Hill Primary School,736763736,KNUT,Nairobi,Nairobi
1725,569389,24238333,"Mwaura, Joseph Kisengi",St. Michael`s Primary School,738505085,KNUT,Nairobi,Nairobi
1726,814480,28127072,"Kioko, Miriam Kalee",Harambee Estate Primary School,740064355,KNUT,Nairobi,Nairobi
1727,470423,11593795,"Karogi, Rosaline Wairimu",Unity Primary School,740233850,KNUT,Nairobi,Nairobi
1728,553317,27552209,"Muma, Grace Awuor",Mukarara Primary School,740356160,KNUT,Nairobi,Nairobi
1729,1090705,35699046,SOLOMON WABWIRE,N/A,740627140,KNUT,Nairobi,Nairobi
1730,1125469,29417776,"Mulama, Edwin ",Kariobangi North Primary School,740809942,KNUT,Nairobi,Nairobi
1731,923581,33191439,"Njambi, Christine ",Kabiria Road Primary School,740829120,KNUT,Nairobi,Nairobi
1732,892752,34387961,"Kiragu, Eric Gathenya",Wangu Primary School,741102869,KNUT,Nairobi,Nairobi
1733,473511,20171012,"Ombori, Irene Nyanduko",Eastleigh Airport Primary School,741291150,KNUT,Nairobi,Nairobi
1734,568544,26950222,"Owiti, Felix Olang",Lenana School,741313663,KNUT,Nairobi,Nairobi
1735,918341,34608498,"Ondiba, Charity Kerubo",Maua Primary School,741456946,KNUT,Nairobi,Nairobi
1736,945272,35227024,"Njuguna, Hannah Muthoni",Kabete Vet Labs Primary School,742136408,KNUT,Nairobi,Nairobi
1737,1039627,37282791,GERICHO WANJALA,Gatoto Primary School,742507261,KNUT,Nairobi,Nairobi
1738,902623,27412688,"Kinyanjui, Joseph Kiarie",Shadrack Kimalel Primary School,742665041,KNUT,Nairobi,Nairobi
1739,896013,33962957,"Ngeru, Stacy Wambui",Pangani Primary School,742844018,KNUT,Nairobi,Nairobi
1740,897265,0,VICTOR OKINDO,KIWANJA PRI,742861864,KNUT,Nairobi,Nairobi
1741,608529,24787928,"Wafula, Victor Oduya",Harambee Estate Primary School,742910700,KNUT,Nairobi,Nairobi
1742,715678,30802646,"Mwaniki, Benson Njoroge",New Pumwani Primary School,743046786,KNUT,Nairobi,Nairobi
1743,769706,33083973,"Kamau, Salome Wambui",Busara Primary School,743047377,KNUT,Nairobi,Nairobi
1744,810193,33424525,"Nyarotso, Hussein Mukabana",Kimathi Primary School,743245921,KNUT,Nairobi,Nairobi
1745,875186,36726911,"Kariuki, Lucy Wangari",Our Lady Of Nazareth Primary School,743394428,KNUT,Nairobi,Nairobi
1746,278083,8967447,"Peter, Juliah Wanza",Jehova Jireh Primary School,743435927,KNUT,Nairobi,Nairobi
1747,647023,25906539,"Opondo, Elloh Geoffrey",Mathari Old Primary School,743481558,KNUT,Nairobi,Nairobi
1748,841418,32449425,"Karanja, Lucy Njambi",Rabai Road Primary School,743567929,KNUT,Nairobi,Nairobi
1749,270002,8057961,"Okemwa, Mbaika Thitu",Ngundu Primary School,743670353,KNUT,Nairobi,Nairobi
1750,1021357,37557938,"Habubakar, Habiba Aba",Toi Primary School,743679167,KNUT,Nairobi,Nairobi
1751,954310,22734189,"Barasa, Antony Oponyo",Pangani Primary School,743750753,KNUT,Nairobi,Nairobi
1752,529447,24873138,"Kasenge, Lilian Kalondu",Unity Primary School,743896772,KNUT,Nairobi,Nairobi
1753,824638,32127028,"Ngure, Maureen Wanjiku",Imara Primary School,743972333,KNUT,Nairobi,Nairobi
1754,522076,24227574,"Nyaroo, Joel Ondieki",Riruta Satellite Primary School,745021185,KNUT,Nairobi,Nairobi
1755,925460,31451382,"Opiyo, Esther Adhiambo",Mukuru Community Centre Pry School,745200352,KNUT,Nairobi,Nairobi
1756,728512,26338395,"Kogie, Sephen Ngugi",Dagoreti North Primary School,745334842,KNUT,Nairobi,Nairobi
1757,939775,36932560,"Mwaura, Dan Kamau",O.L.M. Shauri Moyo Primary School,745514916,KNUT,Nairobi,Nairobi
1758,936205,27331426,"Kinuthia, Simon Ndichu",Kawangware Primary School,746124963,KNUT,Nairobi,Nairobi
1759,919259,35549542,"Njuguna, Nancy Wanjiku",Kaloleni Primary School,746229588,KNUT,Nairobi,Nairobi
1760,869869,34496164,"Waithaka, Anthony Kamau",Dagoreti North Primary School,746403288,KNUT,Nairobi,Nairobi
1761,676829,28948548,"Wangechi, Kelfin Ngunjiri",New Pumwani Primary School,746610260,KNUT,Nairobi,Nairobi
1762,981121,30050259,Gerald Okello ,Daima Primary School,748037053,KNUT,Nairobi,Nairobi
1763,943800,31886554,"Wairegi, Paul Ndung'u",Our Lady Of Nazareth Primary School,748394584,KNUT,Nairobi,Nairobi
1764,710352,31918493,"Swali, Merriner Mukhabi",Langata Barracks Primary School,748510509,KNUT,Nairobi,Nairobi
1765,811337,31738621,"Kerubo, Jane Nyaboke",Kiboro Primary School,748670060,KNUT,Nairobi,Nairobi
1766,661123,26658458,"Nyakwaka, Pherminas Otieno",Ruthimitu Primary School,748785835,KNUT,Nairobi,Nairobi
1767,693315,24617450,"Mwangi, Serah Wambui",Bohra Primary School,748810541,KNUT,Nairobi,Nairobi
1768,948619,37236411,"Odhiambo, Daisy Atieno",Harambee Estate Primary School,748965503,KNUT,Nairobi,Nairobi
1769,944150,33250954,"Sharon, Chepngetich ",St. Teresa's Primary School,757254050,KNUT,Nairobi,Nairobi
1770,813018,33349931,"Sammy, Magdaline Kathini",S.S.D. Primary School,757312136,KNUT,Nairobi,Nairobi
1771,867817,29866149,"Mwaniki, Grace Njeri",Kawangware Primary School,757721144,KNUT,Nairobi,Nairobi
1772,850137,33453744,"Thuo, Elijah Kamau",Kilimani Primary School,758561225,KNUT,Nairobi,Nairobi
1773,897716,32603772,"Mwangi, Lucy Muthoni",Lang'ata West Primary School,759476105,KNUT,Nairobi,Nairobi
1774,657171,29210103,"Wesang'ula, Simon Wapicho",Gikabu Mwangaza Primary School,759634197,KNUT,Nairobi,Nairobi
1775,899553,27677031,"Kuria, Kevin Kiare",Bondeni Primary School,759800242,KNUT,Nairobi,Nairobi
1776,504847,22065902,"Muoki, Scholastica Ndanu",Ngu-nyumu (st. John ) Primary School,762333338,KNUT,Nairobi,Nairobi
1777,339448,11035190,"Kungu, Lilian Wambui",Chemichemi Mwengenye Primary School,764338737,KNUT,Nairobi,Nairobi
1778,644664,27236897,"Chebi, Susan Weyimi",Busara Primary School,768481542,KNUT,Nairobi,Nairobi
1779,489602,22699464,"Wangui, Mary Wambui",Dr. Muthiora Primary School,768483699,KNUT,Nairobi,Nairobi
1780,711534,29659639,"Mwaengo, Samuel Mwangemi",Ayany Primary School,769034675,KNUT,Nairobi,Nairobi
1781,935620,34203439,"Wambugu, Margaret Mukami",Muthaiga Primary School,769763156,KNUT,Nairobi,Nairobi
1782,767349,31432257,"Ayoo, Alfred Ouma",Kwa Njenga Primary School,769798943,KNUT,Nairobi,Nairobi
1783,831100,30703021,VICTOR OTIENO,Daima Primary School,769936933,KNUT,Nairobi,Nairobi
1784,658539,24083289,"Itute, Stephen Mutuku",St. Georges Primary School,769955279,KNUT,Nairobi,Nairobi
1785,715042,31391416,"Munui, Martha Nyambura",Mowlem Supaloaf Primary School,776790708,KNUT,Nairobi,Nairobi
1786,355816,10127950,"Kent, Ellen Abdalla",M.M. Chandaria Primary School,781942025,KNUT,Nairobi,Nairobi
1787,787543,30635799,"Gathauri, Peter Mbugua",Pangani Primary School,782349944,KNUT,Nairobi,Nairobi
1788,934388,29998253,"Awuor, Millicent ",Murema Primary School,790211126,KNUT,Nairobi,Nairobi
1789,904697,33426320,"Mutua, Eunice Syovata",Kasarani Primary School,790394770,KNUT,Nairobi,Nairobi
1790,570205,27924534,"Kiguru, David Njoroge",Marura Primary School,790590148,KNUT,Nairobi,Nairobi
1791,866289,32857583,"Mwangi, Francis Macharia",Arya Girls Primary School,790863574,KNUT,Nairobi,Nairobi
1792,827132,29143149,STEPHEN MUTUA Mutwiwa,Heshima Road Primary School,790959330,KNUT,Nairobi,Nairobi
1793,1021160,32989981,Christine Singwa,Daima Primary School,791246605,KNUT,Nairobi,Nairobi
1794,513121,24683929,"Were, Augustine Ouma",Kiboro Primary School,791285148,KNUT,Nairobi,Nairobi
1795,414855,13863868,"Mukhwami, Lydia Shimuli  Kilui",Chemichemi Mwengenye Primary School,791427843,KNUT,Nairobi,Nairobi
1796,582775,27393905,"Mbula, Ceasarine Mbaki",Jogoo Road Primary School,791627579,KNUT,Nairobi,Nairobi
1797,619198,26303659,"Kennedy, Oluoch Omoro",G.S.U Embakasi Academy,791662205,KNUT,Nairobi,Nairobi
1798,1016590,36513866,"Jebet, Milda ",Muthangari Primary School,791801757,KNUT,Nairobi,Nairobi
1799,689233,25093811,"Ogwang, Geofrey Ogwala",S.S.D. Primary School,792004519,KNUT,Nairobi,Nairobi
1800,892013,33716422,"Kimani, Bilha Wambu",O.L.M. Shauri Moyo Primary School,792113453,KNUT,Nairobi,Nairobi
1801,973610,33559275,"Ouma, Hesbon Asembo",Gituamba Primary School,792195375,KNUT,Nairobi,Nairobi
1802,646891,27509321,"Sachita, Patrick Sasala",Ruai Primary School,792230452,KNUT,Nairobi,Nairobi
1803,553037,24089249,"Ndambuki, Johnbosco Musebi",Hospital Hill Primary School,792323845,KNUT,Nairobi,Nairobi
1804,866883,24203121,"Wambui, Lydiah Wanjiru",Maua Primary School,792433246,KNUT,Nairobi,Nairobi
1805,605270,25087655,"Olare, Gladys Odhiambo",Uhuru Gardens Primary School,792568308,KNUT,Nairobi,Nairobi
1806,930351,32367142,"Kanja, Grace Leah Waruguru",Chieko Primary School,792710318,KNUT,Nairobi,Nairobi
1807,779726,32693064,"Waweru, Esther Nyambura",Racecourse Primary School,792876284,KNUT,Nairobi,Nairobi
1808,862925,32102304,"Otieno, Leyla Nafula",Aga Khan Primary School,792920491,KNUT,Nairobi,Nairobi
1809,914662,31630168,"George, Mburu Hannah",Ngu-nyumu (st. John ) Primary School,793552578,KNUT,Nairobi,Nairobi
1810,792359,30208761,"Nyambura, Harrison Chiira",Githurai Primary School,793875212,KNUT,Nairobi,Nairobi
1811,857033,33517686,"Kariuki, Lucy Wanjiku",Riruta H.G.M. Primary School,794315208,KNUT,Nairobi,Nairobi
1812,609579,22483337,"Wainaina, Simon Kamau",Daima Primary School,794333023,KNUT,Nairobi,Nairobi
1813,1134692,27709015,"WAFUKHO, ALEX WANJALA",New Mukuru Primary School,794512745,KNUT,Nairobi,Nairobi
1814,667909,27240155,"Malonza, John Musyoka",Islamia Primary School,794667614,KNUT,Nairobi,Nairobi
1815,554989,26818318,"Gikunda, Phineas Mutembei",Star Of Hope Lunga Lunga Pri Sch,795119595,KNUT,Nairobi,Nairobi
1816,657161,28041520,"Oginga, Erick Ochieng",Kiboro Primary School,795339823,KNUT,Nairobi,Nairobi
1817,886588,34723864,"Karanja, Paul Muiruri",Olympic Estate Primary School,795424337,KNUT,Nairobi,Nairobi
1818,944850,33317557,"Okiring, Brian Okiradu",Baba Dogo Primary School,795500674,KNUT,Nairobi,Nairobi
1819,892909,34418036,"Ongoma, Susan Eshimuli",Makongeni Primary School,795574623,KNUT,Nairobi,Nairobi
1820,862522,31432118,"Juma, Geofrey ",Maua Primary School,795728106,KNUT,Nairobi,Nairobi
1821,919275,34734644,"Kamau, Grace Wanjiku",Mukuru Community Centre Pry School,796009039,KNUT,Nairobi,Nairobi
1822,830668,32412462,"Ojijo, Emily Atieno",Kayole 1 Primary School,796013839,KNUT,Nairobi,Nairobi
1823,696107,29564780,"Munyao, Justus Muasya",Kifaru Primary School,796418452,KNUT,Nairobi,Nairobi
1824,591439,27855544,"Oriko, Willis ",Ainsworth Primary School,796649509,KNUT,Nairobi,Nairobi
1825,1132925,33441252,wilma Akinyi,Daima Primary School,797073805,KNUT,Nairobi,Nairobi
1826,757403,31556957,"Muiga, Dorcas Wanjiru",Kasarani Primary School,797248981,KNUT,Nairobi,Nairobi
1827,690641,29454087,"Keria, Miriam Matu",Kirigu Primary School,797439873,KNUT,Nairobi,Nairobi
1828,646813,25902810,"Ngigi, Philomena Wambui",Gitiba Primary School,797535970,KNUT,Nairobi,Nairobi
1829,1025488,0,Victor Koech,Donholm Primary School,797544591,KNUT,Nairobi,Nairobi
1830,953998,34250620,"Ndungu, Christine Wanjiku",Kimathi Primary School,797647166,KNUT,Nairobi,Nairobi
1831,404763,20928016,"Machoka, Ruth Nyaengu",A.E.F. Reuben Primary School,797792320,KNUT,Nairobi,Nairobi
1832,656930,28195758,"Nzioka, Ndanu ",St. Mary's Karen Primary School,797969967,KNUT,Nairobi,Nairobi
1833,1117656,29174300,"Karuri, Peter Ngatia",Mwiki Primary School,798207009,KNUT,Nairobi,Nairobi
1834,881207,34765646,"Ndinda, Bernard Kilonzo",Kilimani Primary School,798322548,KNUT,Nairobi,Nairobi
1835,689104,24688935,"Mutinda, John Mbovi",Edelvale Primary School,798387324,KNUT,Nairobi,Nairobi
1836,663366,30727424,"Bernard, Mukila Kimongo",Morrison Primary School,798450660,KNUT,Nairobi,Nairobi
1837,897977,25002290,"Okungu, Jared Ogega",Kayole 1 Primary School,798610833,KNUT,Nairobi,Nairobi
1838,903573,29947792,"Mwaura, Monica Wangari",Ndururuno Primary School,798649251,KNUT,Nairobi,Nairobi
1839,698926,25629939,"O'kubasu, Mike Collins",Huruma Estate Primary School,799032702,KNUT,Nairobi,Nairobi
1840,891993,35159107,"Gachina, Jackline Kathomi",Kamiti Primary School,799057701,KNUT,Nairobi,Nairobi
1841,593609,26891236,"Okello, Erick Omondi",Kiboro Primary School,799129324,KNUT,Nairobi,Nairobi
1842,0,0,Vivian Onyango,Imara Primary School,799206047,KNUT,Nairobi,Nairobi
1843,850410,33224611,"Mwangi, Teresia Wanjiru",Kawangware Primary School,799640438,KNUT,Nairobi,Nairobi
1844,724664,29151607,"Oduor, Moses Owino",Kiboro Primary School,799903165,KNUT,Nairobi,Nairobi
1845,657144,27042821,"Achieng, Dorothy ",Muslim Primary School,7055176635,KNUT,Nairobi,Nairobi
1846,879690,29568952,"Kariuki, Christine Njoki",St. Elizabeth Primary School,7158806600,KNUT,Nairobi,Nairobi
1847,433176,10810498,"Ngubia, Jane Gathoni",Riruta Satellite Primary School,7233728798,KNUT,Nairobi,Nairobi
1848,575350,23605165,"Mwanzia, Agnes Kanini",New Pumwani Primary School,7234455811,KNUT,Nairobi,Nairobi
1849,908298,29387195,yvette vanesa machio,Mathare 4A Primary School,7919480590,KNUT,Nairobi,Nairobi
1850,774041,29990724,JANE MWANGI,River Bank Primary School,7054630916,KNUT,Nairobi,Nairobi
1851,827925,22376196,JUDITH KITUKU,River Bank Primary School,721457214,KNUT,Nairobi,Nairobi
1852,675790,22324819,MOHAMMED OBADA,River Bank Primary School,721266077,KNUT,Nairobi,Nairobi
1853,957562,34375304,BARBRA OMONDI,S.S.D. Primary School,728727677,KNUT,Nairobi,Nairobi
1854,644148,28235561,HELLEN OMONDI,S.S.D. Primary School,714571112,KNUT,Nairobi,Nairobi
1855,377527,11035792,MERCY NYORO,ST. BRIGIDS,723252549,KNUT,Nairobi,Nairobi
1856,269972,7980952,HELLEN CHEM,River Bank Primary School,726856321,KNUT,Nairobi,Nairobi
1857,948671,31603577,ANDREW MICHIRA,River Bank Primary School,705922386,KNUT,Nairobi,Nairobi
1858,447300,20482841,"Njeru, Rose Wanjiru",Kihumbuini Primary School,723756263,KNUT,Nairobi,Nairobi
1859,413849,0,SUSAN THUKU,St. Catherines Primary School,726550224,KNUT,Nairobi,Nairobi
1860,539250,23635609,MARY AKINYI,Daima Primary School,726562069,KNUT,Nairobi,Nairobi
1861,340929,,FUAD ABDALLA ALI,NAIROBI COMPREHENSIVE,0712506683,KEPSHA,,
1862,306877,,IRENE YIAILE,LENANA COMPREHENSIVE,0721976485,KEPSHA,,
1863,289650,,KENNEDY KYEVA,WESTLANDS C0MPREHENSIVE,0729286946,KEPSHA,,
1864,326264,,MESHACK ROCHE,SARE COMPREHENSIVE,0725816143,KEPSHA,,
1865,279633,,FRANCIS NDIRANGU,MARA COMPREHENSIVE,0728023028,KEPSHA,,
1866,420143,,HUSSEIN DUBAT,JARIBU COMPREHENSIVE,0711609215,KEPSHA,,
1867,381209,,NICODEMUS MUSYOKA,MAKINDU GNCA COMPREHENSIVE,0713711622,KEPSHA,,
1868,256895,,JOSEPHINE MASINDE,KIBABI GIRLS COMPREHENSIVE,0722969493,KEPSHA,,
1869,343080,,DAVID OMONDI,VISA OSHWAL COMPREHENSIVE,0722365153,KEPSHA,,
1870,404879,,JAMES OSIKEDI,MORUKENYAN COMPREHENSIVE,0715006767,KEPSHA,,
1871,364376,,LUCY NJUGUNA,GATONDO COMPREHENSIVE,0724889865,KEPSHA,,
1872,NA,,REBECCA OTIENO,N/A,0725864448,KEPSHA,,
1873,314674,,VINCENT MWANGI ,NYERI MOI COMPREHENSIVE,0722233273,KEPSHA,,
1874,311997,,FRANCIS THAURI ,RWANG'ONDU COMPREHENSIVE,0725876194,KEPSHA,,
1875,210524,,PATRICK GICHOHI,NG'AWA COMPREHENSIVE,0720370142,KEPSHA,,
1876,,,HANNAH WANJIRU MWAURA,GACHORORO COMPREHENSIVE,0724286738,KEPSHA,,
1877,347544,,MWAURA P. CHEGE,KIRIMIRI COMPREHENSIVE,0720653115,KEPSHA,,
1878,,,DOMINIC KARIUKI,KIGANJO COMPREHENSIVE,0722250191,KEPSHA,,
1879,300716,,ANDREW OMUSALE,MBAJO COMPREHENSIVE,0720994398,KEPSHA,,
1880,333048,,DOUGLAS KAHI LLINGA,Losengeli comprehensive,0721463614,KEPSHA,,
1881,379440,,BONIFACE OBARI,RUGUNGA COMPREHENSIVE,0723364449,KEPSHA,,
1882,284608,,GRACE ANUPI,KHUMUSENO COMPREHENSIVE,0720529272,KEPSHA,,
1883,383749,,CORNELIUS WABWILE,SINGALO RC COMPREHENSIVE,0703633960,KEPSHA,,
1884,383472,,ELLY ONDIEK,NYAMASARIA COMPREHENSIVE,0705014648,KEPSHA,,
1885,330796,,HARON NTABU ,BOKINIBANTO DEB COMPREHENSIVE,0723676082,KEPSHA,,
1886,267855,,DAVID OKELO,ST. JOSEPH OMBO COMPREHENSIVE,0723968557,KEPSHA,,
1887,311078,,MILLICENT ATIENO MUGA,KADIEGE COMPREHENSIVE,0724681939,KEPSHA,,
1888,301174,,KEPHER BWANA,ERONGE SDA COMPREHENSIVE,0792017213,KEPSHA,,
1889,308404,,FREDRICK WALO,SAGAM DEB COMPREHENSIVE,0710934215,KEPSHA,,
1890,,,KENNETH OCHIENG',,0721320207,KEPSHA,,
1891,246337,,SUSAN MAINA,MARURUI COMPREHENSIVE,0722264931,KEPSHA,,
1892,,,GEORGE NJAU ,,0707333444,KEPSHA,,
1893,339976,,JACKLINE OKWARO,MOI FORCES COMPREHENSIVE,0722739390,KEPSHA,,
1894,249365,,IRENE MUCHOKI,BURUBURU 1 COMPREHENSIVE,0729155400,KEPSHA,,
1895,397479,,DARRICK MUTUNGA,TOWNSHIP MUSLIM COMPREHENSIVE,0723549418,KEPSHA,,
1896,402319,,DAVID RIUNGU,JEDIEL KIRAITHE COMPREHENSIVE,0723571628,KEPSHA,,
1897,276149,,JOSEPHINE NZOMO,KATUMBA COMPREHENSIVE,0717645327,KEPSHA,,
1898,,,SALOME NTHENYA,,0724728269,KEPSHA,,
1899,,,GALGALO KORMA GOLICHA,,0725399945,KEPSHA,,
1900,432667,,BENARD KIRAGU,KATHANTHATU COMPREHENSIVE,0721607305,KEPSHA,,
1901,345922,,EDWIN NJIRU,DEB GICHICHE COMPREHENSIVE,0722427868,KEPSHA,,
1902,447700,,JAPHETH KAMISA,NGIINI COMPREHENSIVE,0726397781,KEPSHA,,
1903,362029,,ALI ABDALLAH,AMANI COMPREHENSIVE,0720407036,KEPSHA,,
1904,371471,,SAID AKARE SHUSHE,MIKINDUNI COMPREHENSIVE,0713557221,KEPSHA,,
1905,308036,,JOSEPH AGUTU,LAKE KENYATTA COMPREHENSIVE,0722264154,KEPSHA,,
1906,259916,,MWANAHARUSI ALI,DENYENYE COMPREHENSIVE,0711755057,KEPSHA,,
1907,,,FRANCIS KALISHO,,0796127409,KEPSHA,,
1908,300631,,MWANAJUMA ALI DZIVWA,VINGUJINI COMPREHENSIVE,0726421616,KEPSHA,,
1909,326825,,LIVINGSTONE MWALUMA,MWANYAMBO COMPREHENSIVE,0711444884,KEPSHA,,
1910,424077,,DR. JOSEPH  KITUR,NANDI COMPREHENSIVE,0724782221,KEPSHA,,
1911,331702,,JOSEPH MITEI,AINTABICH COMPREHENSIVE,0722917598,KEPSHA,,
1912,382885,,KOILEKEN NKOITIKO,MMU MODEL COMPREHENSIVE,0727821520,KEPSHA,,
1913,317844,,CECILIA M NGIGE,NASOKOL COMPREHENSIVE,0725892033,KEPSHA,,
1914,369258,,PIUS CHEPKURUI,MURETO COMPREHENSIVE,0725633370,KEPSHA,,
1915,433217,,NATHAN K. TELEI,TAABET COMPREHENSIVE,0724050661,KEPSHA,,
1916,290707,,ISAAC MOONKA,AIC LOITOKTOK COMPREHENSIVE,0723263165,KEPSHA,,
1917,408277,,JACKSON K. RUTO,KAMELILO COMPREHENSIVE,0721291162,KEPSHA,,
1918,369424,,HARUN CHEPCHIENG,MOI KABARTONJO COMPREHENSIVE,0723380587,KEPSHA,,
1919,,,ELIUD NJOROGE,,0721202804,KEPSHA,,
1920,478428,,STEPHEN KILEKWANG,CHEPKONO COMPREHENSIVE,0727229716,KEPSHA,,
1921,381782,,ELIUD KIPRUTO KWALIA,TRANSNZOIA COMPREHENSIVE,0723461679,KEPSHA,,
1922,207655,,JACOB IDOKET,JULUK COMPREHENSIVE,0728589845,KEPSHA,,
1923,,,PETER NDUMIA,,0722658062,KEPSHA,,
1924,459934,,JOSEPH LELEKOITIEN,LKURROTO COMPREHENSIVE,0720321590,KEPSHA,,
1925,339391,,HASSAN FARAH,BOYSTOWN COMPREHENSIVE,0723847223,KEPSHA,,
1926,436645,,ADEN MOHAMED,DAWA INTERGRATED,0724353282,KEPSHA,,
1927,331516,,SUROW AHMED ABDI,JOGBARU COMPREHENSIVE,0711918380,KEPSHA,,
1928,274686,,HABIBA SOPHIE KIDIAH,AMA COMPREHENSIVE,0717069657,KEPSHA,,
1929,233631,,MOHAMED GAIYA ADAN,DEB COMPREHENSIVE,0720900231,KEPSHA,,
1930,298150,,Dr. JOSEPHINE UHURU,KALOLENI,0722793726,KEPSHA,,
1931,290226,,JANET N. SIMUYU,SSD,0724679851,KEPSHA,,
1932,433903,,PETER KANYAGO,AEF RUBEN,0722270369,KEPSHA,,
1933,380927,,SCHOLARSTICA ATIENO ODENY,GIKABU MWANGAZA,0722437453,KEPSHA,,
1934,319495,,HELLLEN A. OLIECH,MUTURWA,0720828232,KEPSHA,,
1935,346688,,JANE W. WAMBUGU,KASARANI,0722617289,KEPSHA,,
1936,310537,,RABECCAH N KILISWA,GSO EMBAKASI,0721316429,KEPSHA,,
1937,325580,,ALICE TINEGA,MUSLIMU PRY,0726089070,KEPSHA,,
1938,266723,,BEATRICE WANGUI NJOROGE,HURUMA ,0723607713,KEPSHA,,
1939,424334,,PAULINE MUTHIO MSIA,RABAI ROAD,0711359577,KEPSHA,,
1940,346098,,SUSAN WANJIRU KARURI,ST. ANNE'S GIRLS,0727543879,KEPSHA,,
1941,380441,,JANET ADHIAMVO O,MARIAKANI,0728255000,KEPSHA,,
1942,288848,,PATRICK JAIRAX OUNZA,FARASI LANE ,0721535721,KEPSHA,,
1943,311884,,NAOMI KARIRI BUCHIANGA,ST. PATRICK'S,0726835579,KEPSHA,,
1944,279257,,BEATRICE MUIGA,STAR OF HOPE,0725815520,KEPSHA,,
1945,298560,,PAULINE NJOROGE,MOI AIR BASE,0722958353,KEPSHA,,
1946,306361,,MARY N. KAMAU,BAHATI,0717456055,KEPSHA,,
1947,309250,,ANNE KATEE NGUNDO,ST. GEORGES ,0723801847,KEPSHA,,
1948,324334,,ROSE W. NJARIA,ST. TERESA'S ,0725915503,KEPSHA,,
1949,289206,,MARY NYAMBURA GACHUICHIO,MUREMA SCHOOL,0722395643,KEPSHA,,
1950,326050,,JANE NJAMBI NJOROGE,UMOJA 1,0719410875,KEPSHA,,
1951,327321,,TERESIA KANYORO,O.L.M GIRLS',0711421874,KEPSHA,,
1952,301083,,RAEL MORAA KERAKA,NAHIGA,0710421222,KEPSHA,,
1953,224707,,MILKA MAINA,JOSEPH APUDO,0708639294,KEPSHA,,
1954,284302,,RUTH KIMANI,ST. PAUL'S,0722304458,KEPSHA,,
1955,287277,,MARGARET WARUI,NAIROBI RIVER,0721698038,KEPSHA,,
1956,317563,,ISAAC MUNGAI,JUJA ROAD ,0721419313,KEPSHA,,
1957,307014,,ELISPAH WANJIKU MACHARIA,GITUAMBA,0722949722,KEPSHA,,
1958,318861,,HASSAN TALA,NEW EASTLEIGH,0723876426,KEPSHA,,
1959,268958,,HELLENA K. NTHIGA,KAHAWA,0721451525,KEPSHA,,
1960,343080,,DAVID OMONDI,VISA OSHWAL,0722365153,KEPSHA,,
1961,3166300,,CATHERINE W. NJUGUNA,DRIVE IN,0721828983,KEPSHA,,
1962,341077,,BEATRICE VUHYA ANDAMBI,GITIBA SCH,0722226804,KEPSHA,,
1963,313740,,ICHWARA ISABELLA NYABOE,PANGANI PRY,0725099333,KEPSHA,,
1964,393371,,MEROLYNE OTIENDE ,KARIOBANGI NORTH,0723539993,KEPSHA,,
1965,346799,,IDAH A. OBONDO,MUKURU PRY,0723402078,KEPSHA,,
1966,274601,,GRACE A OKOMO,ST. ELIZABETH,0722827339,KEPSHA,,
1967,342479,,FAITH GIKUNDA,THIKA ROAD PRY,0722988347,KEPSHA,,
1968,264210,,ROSA MUSYIMI,MUKURRU CMMUNITY CENTRE,0724162418,KEPSHA,,
1969,268450,,SARAH W. KIHORO,JAMES GICHURU,0721413003,KEPSHA,,
1970,243367,,"MARGARET KIM,ANI KABUGI",GATOTO,0720130150,KEPSHA,,
1971,240512,,MARY RONO,BUSARA,0721239473,KEPSHA,,
1972,301530,,FRANCISCA ANYANGO,BONDENI ,0720545152,KEPSHA,,
1973,260684,,PATRICIA M. MUCUMBI,MWANGAZA,0722779070,KEPSHA,,
1974,345875,,NANCY NTHIGA ,KAWANGWARE,0721587109,KEPSHA,,
1975,309883,,MARY ONDITI OSORIO,DAGORETTI MUSLIM,0725761599,KEPSHA,,
1976,327490,,HILDAH CUKURU GATINKU,KABETE VET LAB COMP,0724648086,KEPSHA,,
1977,314630,,MILLICENT KEFA,TUMAINI ,0721882359,KEPSHA,,
1978,342033,,PENINNAH KIILU,MWIKI KASARANI,0720839543,KEPSHA,,
1979,288587,,JANE G. NDONYA,NAIROBI SOUTH,0722272927,KEPSHA,,
1980,383981,,EMILY JEROTICH BIRIR,DR. MUTHIORA,0729637112,KEPSHA,,
1981,269972,,HELLEN SHEM,RIVERBANK,0726856321,KEPSHA,,
1982,285071,,MARY C. ONDIEKI,MIHANGO PRY,0725822877,KEPSHA,,
1983,380521,,MARTIN KINYUA MUCHOKI,NILE ROAD SPECIAL SCH,0721598733,KEPSHA,,
1984,341969,,ELIZABETH THAIRU,KOMAROCK SOUTH,0725925650,KEPSHA,,
1985,386834,,LORNA AWUOR OMOLLO,RIUTA HGM,0722693285,KEPSHA,,
1986,386827,,BETTY A. OMOLLO,PUMWANI ,0722291039,KEPSHA,,
1987,277751,,ELIZABETH AKINYI OCHIENG ,LOWER KABETE,0724467016,KEPSHA,,
1988,295464,,SELINA KEYA,MOI AVENUE,0720432691,KEPSHA,,
1989,297079,,ROSE DAMA DAVID ,MORRISION ,0722455553,KEPSHA,,
1990,295442,,GLADYS AWOUR OMOLO,DANDORA,0722448923,KEPSHA,,
1991,283939,,ELIZABETH A. KUNGA,NJIRU PRY,0733240151,KEPSHA,,
1992,408975,,GEORGE OGOTI MAGORI,TOI PRY,0722487118,KEPSHA,,
1993,330720,,ALICE K LITUNDA,CHELETA,0720816175,KEPSHA,,
1994,325944,,LYDIA NDANU MUTUA ,HIGHWAY MANYATTA,0722923648,KEPSHA,,
1995,258384,,EUNICE ATIENO AGAR,OUR LADY OF NAZARETH,0722468940,KEPSHA,,
1996,380592,,AZIZA MOHAMED,NEW KAMUKUNJI,0722638438,KEPSHA,,
1997,373544,,ALICE N GAITI,KAMITI,0722828303,KEPSHA,,
1998,314669,,ZELIPHAH MWANGI,ST. CATHERINE'S ,0726407004,KEPSHA,,
1999,346087,,PATRICK NYOIKE GACHOHI,MUTHANGARI,0725939737,KEPSHA,,
2000,443835,,TERESIAH M. MWANGI,BOHRA ROAD,0721161142,KEPSHA,,
2001,339237,,GEORGE K. NJAHI,KONGONI,0707333444,KEPSHA,,
2002,328397,,RACHEL WANGARI NDATHE,KARURA FOREST,0722256010,KEPSHA,,
2003,264554,,JANE MASENGO,MAUA ,0721956045,KEPSHA,,
2004,325996,,GEORGE CHEGE NJENGA,KABIRIA ROAD,0723250900,KEPSHA,,
2005,301112,,MARY A ASIYO,EDELVALE,0723813195,KEPSHA,,
2006,262077,,SILAS OPIYO OKUMU,OLYMPIC ,0729356460,KEPSHA,,
2007,321331,,VIRGINIA MWAURA,KOMAROCK PRY,0722571352,KEPSHA,,
2008,326526,,MARGARET MWEBI,KWARE,0722450908,KEPSHA,,
2009,286528,,BELDINA ATIENO,DEFENCE HQ ACADEMY,0720830813,KEPSHA,,
2010,212073,,LUCY APONDI,KILIMANI,0722304396,KEPSHA,,
2011,285411,,WACHIRA KAGUNYA,WANGU,0720870100,KEPSHA,,
2012,317284,,HENRY ODUOR ,NGUNYUMU,0722428700,KEPSHA,,
2013,328266,,GATHINJI J. K,NDURARUA,0721353089,KEPSHA,,
2014,339435,,SAMUEL WAINAINA,BABA DOGO,0722341521,KEPSHA,,
2015,290325,,BONIFACE MATIMRI,MATHARE NORTH,0717423082,KEPSHA,,
2016,338675,,HELLEN JEMUTAI,MARTIN LUTHER,0722770866,KEPSHA,,
2017,447520,,ESTHER NDINDA NTHAMA,DR. KRAFT,0725967097,KEPSHA,,
2018,355002,,JACKSON K. GICHUGUMA,EMBAKASI ,0722836882,KEPSHA,,
2019,339976,,JACQUELINE K. OKWARO ,MOI FORCES ACADEMY ,0722739390,KEPSHA,,
2020,346056,,MARGARET WANJIRU,GATINA SCH,0721617526,KEPSHA,,
2021,302112,,ALI JUMA,CITY,0723349122,KEPSHA,,
2022,298199,,LINET MONYAGI BUNAI,RIRUTA,0721694328,KEPSHA,,
2023,295784,,PAMELA ATIENO OBIERO,LANGATA ROAD ,0721826749,KEPSHA,,
2024,420896,,CHRISTINE A. OLUNDE ODUA,RAILA EDUC CENTRE,0722275954,KEPSHA,,
2025,311061,,DOROTHY A. NYALELE,JOSEPH KANGETHE,0724231640,KEPSHA,,
2026,321408,,ELIZABETH NZIOKI ,BARAKA,0722301538,KEPSHA,,
2027,262854,,MARTHA MAINA,MUTUINI,0722490446,KEPSHA,,
2028,285225,,WILLIAM,THE LAMU APOLO SCH,0722245552,KEPSHA,,
2029,369077,,DAMAR OYUGI ,KWA NJENGA,0720865168,KEPSHA,,
2030,371121,,GABRIEL NDERI,HOSPITAL HILL,0722476752,KEPSHA,,
2031,424310,,GABRIEL MURITHI,JEHOVAH JIREH,0724847111,KEPSHA,,
2032,309643,,EVE G. GALGALO,MUKARARA,0721587805,KEPSHA,,
2033,403423,,RUTH NTABOKE OGACHI,NEW MUKURU,0723835227,KEPSHA,,
2034,327695,,JAMES GAKURU NGERA,IMARA,0718820634,KEPSHA,,
2035,286856,,LUCY W. MUGWE,ST. DOMINIC,0722869629,KEPSHA,,
2036,301929,,REBECCA MUSAVI ANYONYI,MILIMANI,0722739169,KEPSHA,,
2037,299189,,ANNA BARONGO OSORO,CGNTU,0725517891,KEPSHA,,
2038,347036,,MILCAH GRACE A. AMOLO,CHIEKO COMP,0723521180,KEPSHA,,
2039,299611,,LILIAN K. NJERU,GITHURAI COMP,0720970193,KEPSHA,,
2040,243265,,ESTHER NYAWIRA MUNGUYU ,USHIRIKA,0722357041,KEPSHA,,
2041,303479,,EVELYNE WANJIRU MUCHOKI,NJATHAINE PRY,0722878547,KEPSHA,,
2042,4293672,,HELLLEN IGOJI,KILELESHWA,0721108239,KEPSHA,,
2043,333098,,FLORENCE ATIENO AGWANDA,JOGOO ROAD,0712897102,KEPSHA,,
2044,346448,,ELIZABETH W./ NGERU,RUTHIMITU,0722112390,KEPSHA,,
2045,366642,,PETER K. KOIGI,NEMBU ,0721477145,KEPSHA,,
2046,327776,,PATRICK KAMWETI,KIBORO,0723200744,KEPSHA,,
2047,380915,,JACKLINE AKINYI WALALA,NDURURUNO,0722279528,KEPSHA,,
2048,225328,,FRANCIS WARUI,KIRIGU,0722317294,KEPSHA,,
2049,381442,,MARGARET BONARERI,ISLAMIA,0719304711,KEPSHA,,
2050,320460,,DIANA AMOLO OPALA,MBAGATHI ROAD,0722394539,KEPSHA,,
2051,458370,,STEPHEN MWANGI KINGIRI,KAGIRA,0723478434,KEPSHA,,
2052,344015,,FLORENCE AJWANG OTIENO,AYANY,0720739488,KEPSHA,,
2053,275625,,PATRICIA M. MUSYOKI,KINYANJUI,0722731264,KEPSHA,,
2054,334306,,IDRIS A. MUBANGO,UHURU GARDENS,0723711404,KEPSHA,,
2055,291022,,ANNE MUTHOKA,KAREN C,0718526232,KEPSHA,,
2056,381113,,LAWRENCE GICHAGA,TOM MBOYA,0722263567,KEPSHA,,
2057,301093,,MARGARET N. ONYANGO,UTAWALA ACADEMY,0728042136,KEPSHA,,
2058,318009,,RAPHAERA NYAGA ,BIDII,0728299498,KEPSHA,,
2059,280794,,IRENE NJERU,DAIMA,0723737051,KEPSHA,,
2060,288734,,SAMWEL A ONYANGO,KIBERA ,0721991314,KEPSHA,,
2061,311277,,SAMUEL NJUGUNA MAINA,ST. MICHAEL'S,0722438357,KEPSHA,,
2062,274601,,GRACE A. INGWALI,ST. ELIZABETH,0722827339,KEPSHA,,
2063,447520,,ESTHER NTHAMA,DR. KRAPF ,0725967097,KEPSHA,,
2064,341430,,JEREMIAH MAITHYA MUTUA,HARAMBEE,0715534414,KEPSHA,,
2065,343761,,EDWARD NJOROGE NDUNGU,ST. JOHN'S ,0721511090,KEPSHA,,
2066,285225,,WILLIAM LUSIMBO,LUMEN APOLO,0722245532,KEPSHA,,
2067,286693,,TIEMERI AMUKOYA,KIMATHI ESTATE,0722896983,KEPSHA,,
2068,299033,,DOROTHY WAMBUI,OFAFA JERICHO,0729786863,KEPSHA,,
2069,290338,,MICHAEL OPIYO OCHOLLA,HESHIMA ROAD ,0722523983,KEPSHA,,
2070,301529,,ALICE M.A. OBAMBA,ZAWADI,0716219757,KEPSHA,,
2071,511433,,BILHAH SUSAN,EASTLEIGH AIRPORT,0728076403,KEPSHA,,
2072,298199,,LINET MONYANGI BUNAI,RIRUTA SATELLITE,0721694328,KEPSHA,,
2073,295986,,RUTH NYAIRO,LENANA SCH,0722535856,KEPSHA,,
2074,290352,,JANE K. KANGETHE,WAITHAKA SPECIAL,0724938347,KEPSHA,,
2075,321507,,FRANCIS O. MANYALA,DAGORETTI SPECIAL,0723473789,KEPSHA,,
2076,328266,,J.K GATHINJI,NDURARUA,0721353089,KEPSHA,,
2077,275625,,PATRICIA M MUSYOKI,KINYANJUI ROAD,0722731264,KEPSHA,,
2078,386834,,LORNA A. OMOLLO,RIRUTA HGM ,0722693285,KEPSHA,,
2079,246337,,SUSAN ESTHER WAMBUI,MARURUI,0722264931,KEPSHA,,
2080,283629,,TERESIA WAITHIRA NDUNGU,NGONG FOREST,0721210292,KEPSHA,,
2081,360799,,PASCAR MUKHOVIKAYI,LANGATA BARRACKS,0722556014,KEPSHA,,
2082,307933,,TERESIA ATIENO,MADARAKA,0721301215,KEPSHA,,
2083,300342,,MARY N. WANGECHI,NGEI,0722355747,KEPSHA,,
2084,200658,,EUNICE JUDITH OWITI GILO,JOASH OLUM HIGHRISE,0721707652,KEPSHA,,
2085,298560,,PAULINE WANJA NJOROGE,MOI AIR BASE,0722958353,KEPSHA,,
2086,319495,,HELLEN ATIENO OLIECH,MUTHURWA,0720828232,KEPSHA,,
2087,327321,,TERESIA WANJIRA KANYORO,OUR LADY OF MERCY (OLM) SHAURI MOYO,0711421874,KEPSHA,,
2088,300841,,EUNICE K. GICHANA,NEW PUMWANI,0072396006,KEPSHA,,
2089,310537,,RABECCAH N. KILISWA,GSU EMBAKASI ACADEMY,0721316429,KEPSHA,,
2090,310452,,DOROTHY ANYANGO OBADHA,STATEHOUSE ,0714390451,KEPSHA,,
2091,287182,,MONICA SAKUDA,THAWABU,0720900211,KEPSHA,,
2092,314643,,JOSEPHINE KABURA MURIITHI,KAYOLE 1,0722815393,KEPSHA,,
2093,246380,,JULIA WANJIKU,PETERB KIBUKOSYA,0722485808,KEPSHA,,
2094,30124,,MARY OCHOLA,DONHOLM ,0722875620,KEPSHA,,
2095,338925,,LUCY NYANGWESO NYAKIMA,KIFARU,0728242112,KEPSHA,,
2096,326063,,SAMUEL K. NYAGA,EMBAKASI GARRISON,0723161087,KEPSHA,,
2097,303479,,EVALIN MUCHOKI,NJATHANI,0722878547,KEPSHA,,
2098,354825,,ESTHER A. ASUGA,GARDEN ESTATE,0722459025,KEPSHA,,
2099,355002,,JACKSON K. GICHUGUMA,EMBAKASI PRY,0722836882,KEPSHA,,
2100,293842,,CATHERINE BIRIK,UNITY,0722362405,KEPSHA,,
2101,277953,,HELLEN ANYANGO AGUTU,KANGEMI,0722516286,KEPSHA,,
2102,346987,,MBUI M. PATRICK,NEW KIHUMBUINI,0722305987,KEPSHA,,
2103,256417,,JANE WANJIRU MUIRURI,NORTH HIGHRIDGE,0720471860,KEPSHA,,
2104,579183,,LUCAS OUMA OLUOCH,LAVINGTON,0726339877,KEPSHA,,
2105,280711,,MARY KIMANI,AGA KHAN ,0722420714,KEPSHA,,
2106,366445,,LOICE JERUBET NG'ETICH,JOSEPH KANG'ETHE,0729258818,KEPSHA,,
2107,301250,,LUCY WANGA ASIN,SHADRACK KIMALEL ,0711225223,KEPSHA,,
2108,272399,,TITUS KAMAU,JAMHURI,0721256915,KEPSHA,,
2109,231477,,DORCUS N. MUTINDA,HEIDEMARIE MATHARE 4A,0711820627,KEPSHA,,
2110,353681,,SALOME EYANG'ARU,TREESIDE SPECIAL ,0724481606,KEPSHA,,
2111,341677,,EUNICE KOINI,MM. CHANDARIA,0722310600,KEPSHA,,
2112,338463,,MAUREEN W MWANZIGHE,DANIEL COMBONI,0720789845,KEPSHA,,
2113,236616,,GODFREY KIMANI MAINA,NGUNDU,,KEPSHA,,
2114,286742,,ANNE WANJIRU MUTHII,RUAI,,KEPSHA,,
2115,319297,,NYAMAI C. KASINA,RONALD NGALA,,KEPSHA,,
2116,8042250,,JANE WANJIRU MASENGO,ATHI,,KEPSHA,,
2117,491856,,AMINA MOHAMED,NAIROBI PRY,0723245067,KEPSHA,,
2118,424683,,MICHAEL MILANYA,NAIROBI PRY,0723848734,KEPSHA,,
2119,407002,,ZAKAYO ONYANGO,NAIROBI PRY,0722503829,KEPSHA,,
2120,531811,,FAITH MUTHONI,NAIROBI PRY,0722733588,KEPSHA,,
2121,747259,,BENARD KINYANJUI,NAIROBI PRY,0713098643,KEPSHA,,
2122,691743,,MIRIAM ABUBAKAR,NAIROBI PRY,0721866004,KEPSHA,,
2123,549608,,EUNICE NYAMBURA,NAIROBI PRY,0720595062,KEPSHA,,
2124,665474,,LINDA MMBONE,NAIROBI PRY,0710751073,KEPSHA,,
2125,491793,,HENRY TARUS,NAIROBI PRY,0726472814,KEPSHA,,
2126,NA,,KENNEDY ODUOR,KEPSHA SECRETARIAT,0712449837,KEPSHA,,
2127,NA,,LINDA OTIENO,KEPSHA SECRETARIAT,0705424217,KEPSHA,,
2128,NA,,WINNIE MUMBI,KEPSHA SECRETARIAT,0703185200,KEPSHA,,
2129,NA,,CAROLINE SILA,KEPSHA SECRETARIAT,0726883992,KEPSHA,,
2130,250021,,Jacob Songol ,Ngata,721216150,KEPSHA,,
2131,328566,,Samuel Cherutich ,Menengai Integrated ,721353724,KEPSHA,,
2132,343332,,Jane Kimno,Mangu ,723278602,KEPSHA,,
2133,433146,,Geoffrey Gesicho Nyambane ,Ngecha,722621896,KEPSHA,,
2134,437869,,Patrick Chebor,Emarangishu,723380621,KEPSHA,,
2135,281904,,Evalyne Too,Sigito,725999010,KEPSHA,,
2136,399315,,Evans Bowen,Koimogul,722985489,KEPSHA,,
2137,274002,,Nicholas Mbugua,Shallom,722277452,KEPSHA,,
2138,312789,,Joan Rotich,Borror,722450773,KEPSHA,,
2139,339202,,William Koech,Matuiku,722600641,KEPSHA,,
2140,377875,,Joel Sitienei,Atembwa,720363618,KEPSHA,,
2141,330434,,Sammy Mwema,Burgei,723482148,KEPSHA,,
2142,325536,,Francis Mwihoti,Solai Nyakinywa,712541454,KEPSHA,,
2143,355667,,Jerotich Kiptoo,Kampi ya Moto,729489336,KEPSHA,,
2144,398876,,Stephen K. Chepkurgor,Sarambei,722916731,KEPSHA,,
2145,383692,,William K. Rotich,Kimugul,721612890,KEPSHA,,
2146,399062,,Magdaline Kimining,Kipsyenan,712538299,KEPSHA,,
2147,381303,,Benard Chesang,Lomolo,725879839,KEPSHA,,
2148,300204,,WILLY KIMAIYWA,SILIBWET GAA,721449741,KEPSHA,,
2149,341309,,JAMES KAMUNGE,SET KOTES,720316539,KEPSHA,,
2150,459041,,OBED ONJANGO,GITHUNGURI,724644281,KEPSHA,,
2151,243943,, ANNE KARIGO,NYANDA,723662023,KEPSHA,,
2152,465977,,ANTONY ORINA,SUNDU RIVER,726508558,KEPSHA,,
2153,255769,,GRACE AKAI,BOCHEGE,725726826,KEPSHA,,
2154,430340,,STANLEY RONO,RORET,723674020,KEPSHA,,
2155,367442,,CAROLYNE OMBASO,PELE,728775766,KEPSHA,,
2156,288565,,JEREMIAH MARARO,KIMKASA,711793163,KEPSHA,,
2157,468663,,ORPHA ARORI,KARIRIKANIA,713457493,KEPSHA,,
2158,369042,,SAMMY KORIR,KORABARIET,723280491,KEPSHA,,
2159,497168,,PAUL YEGON,KENJONGET,723937812,KEPSHA,,
2160,318082,,SIMON KOSKEI,KAPLELACH,727356075,KEPSHA,,
2161,401188,,SIEBERI MOMESU,JOGOO,717349850,KEPSHA,,
2162,382899,,Christopher Mutai,HESHIMA,723929845,KEPSHA,,
2163,338920,,Richard Langat,PARKVIEW,722239367,KEPSHA,,
2164,300429,,Michael Kipruto,KELELWET,70497606,KEPSHA,,
2165,360991,,Samson Kenei,KIPTENDEN,721133661,KEPSHA,,
2166,447689,,Richard Wachania,H/SPECIAL,721879782,KEPSHA,,
2167,443671,,Joseph Rono,KIGONOR,727596032,KEPSHA,,
2168,479921,,Rose Ronoh,MOGOON,711562583,KEPSHA,,
2169,250486,,Norah Chumba,UHURU,722453756,KEPSHA,,
2170,381297,,Musa k toroitich ,lalwet,723471152,KEPSHA,,
2171,411195,,JOHN  K. TALAM,NDOSWA,722272912,KEPSHA,,
2172,327972,,SIMION  KAMOTHO,MICHINDA BOYS,724221286,KEPSHA,,
2173,499392,,SUSUN WANJIRU MUIRURI,ST JOSEPH,716777804,KEPSHA,,
2174,354834,,WILSON K. KIPYEGON,MIANZINI,720275125,KEPSHA,,
2175,399118,,JOSEPH  KIPRONO  CHERUTICH,MUTATE,721395039,KEPSHA,,
2176,450984,,PETER KIMANI,SOKORO,710148576,KEPSHA,,
2177,439632,,JOSPHAT K. KIRUI,TIMDOLEL,723760348,KEPSHA,,
2178,448290,,DOMINIC   MBURU,ST PETERS BOYS,721864963,KEPSHA,,
2179,326018,,MARY  MUTHONI NJOROGE,ST PETERS GIRLS DAY,729025753,KEPSHA,,
2180,377979,,DAVID  K. KOMEN,NYAKIAMBI,720813017,KEPSHA,,
2181,389946,,RAPHAEL KIARIE,SACHANGWAN,710900608,KEPSHA,,
2182,299548,,BEATRICE  NYABUTI,TAYARI,720456432,KEPSHA,,
2183,418242,,EDNA KAPSAWE,MOLO ACADEMY,722263137,KEPSHA,,
2184,346958,,NAOMI MIUGO,CHESINGELE,720429246,KEPSHA,,
2185,328351,,CATHERINE  WAIRIMU WAIGIRI,KAMBALA,721845225,KEPSHA,,
2186,327739,,STEPHEN MOSE OTAO,NGUZU,728567705,KEPSHA,,
2187,327662,,JOHNSON IRUNGU,GATHIGI,727874676,KEPSHA,,
2188,288136,,ALICE  OBIERO,TUMAINI,710900608,KEPSHA,,
2189,,,ELIUD NJOROGE,KIAMAINA,,KEPSHA,,
2190,447892,,FLORENCE WAIRIMU,NYATHUNA,"0
72045979",KEPSHA,,
2191,391301,,MARTIN NJOROGE,FATIMA,721898046,KEPSHA,,
2192,346686,,FRANCIS KIROTO,OLDONYO,725725918,KEPSHA,,
2193,354373,,SIMON WACHIRA,GITUAMBA,723373684,KEPSHA,,
2194,262996,,LUCAS NYAGA,MERCY,721300112,KEPSHA,,
2195,483009,,SAMUEL KARIUKI,MIKEU,710520061,KEPSHA,,
2196,327822,,LYDIAH WACHUKA,WORKERS,720983156,KEPSHA,,
2197,342255,,ELIUD KINYANJUI,RURII,723592799,KEPSHA,,
2198,301373,,MARY CHERUIYOT,OSEMBO,721305648,KEPSHA,,
2199,394061,,SIMON GAKUNA,ST LWANGA,720401902,KEPSHA,,
2200,365857,,JOSEPH SANDUKI,RIGOGO,722831164,KEPSHA,,
2201,417618,,DAVID NDUNG'U,MARIGU B,750132508,KEPSHA,,
2202,438101,,MONICAH NDONGA,BARAKA,725230415,KEPSHA,,
2203,396703,,MARANGA ONJANG'A,KAGOTO,722467058,KEPSHA,,
2204,425001,,JOYCE KAMUNGE,MUGWATHI,723496100,KEPSHA,,
2205,315332,,ANN WANJIRU,WANYORORO,721587723,KEPSHA,,
2206,429363,,CHEBBE,KMA,722599227,KEPSHA,,
2207,328876,,FRANCIS WAWERU,GIACHONG'E,724857978,KEPSHA,,
2208,292672,,TERESA WANGUI ,,721648243,KEPSHA,,
2209,480643,,MOSES MWAURA ,NDUNGIRI,723794087,KEPSHA,,
2210,416127,,MARGARET MUTHONI ,LANET UMOJA ,723702639,KEPSHA,,
2211,320526,,Kenneth Wambaa ,Kekopey ,722561024,KEPSHA,,
2212,425135,,Isaac Mucheru,NYS,724112220,KEPSHA,,
2213,346078,,Cecilia Kirobi,Komothai,722798846,KEPSHA,,
2214,338337,,George Wainaina,Garrison ,722145939,KEPSHA,,
2215,436151,,Suleiman Omar,Kiungururia,720171069,KEPSHA,,
2216,458629,,Justus Nyarega,Gilgil Township ,724420512,KEPSHA,,
2217,392679,,Antony Mathai,Kigogo,722919265,KEPSHA,,
2218,302020,,Grace Mwangi,Itherero,716132249,KEPSHA,,
2219,346611,,Jane Gichuki,Kasambara,724893082,KEPSHA,,
2220,396583,,Richard Mureithi,Gilgil DEB,721578694,KEPSHA,,
2221,417610,,John Njuguna,Kamathatha,727469853,KEPSHA,,
2222,342858,,Philip Mbugua ,Ngumo,721627874,KEPSHA,,
2223,464636,,Risper Maranga,Gilgil Highway ,7211332303,KEPSHA,,
2224,427908,,Assman Momanyi,Munanda,724833197,KEPSHA,,
2225,343558,,Willis Bisonga,Kapkures,721815649,KEPSHA,,
2226,385638,,James Muna,Muririchua,718470049,KEPSHA,,
2227,560949,,Pius Wamwere,Kanorero,728139095,KEPSHA,,
2228,471907,,Leah Gitonga,Ole-Sultan,720487748,KEPSHA,,
2229,453634,,Gabrielle Mwaura,Kiambogo Township ,721949671,KEPSHA,,
2230,293175,,John k kangethe,Gituamba primary,721350228,KEPSHA,,
2231,303607,,Simon mwangi,unity primary school,711410129,KEPSHA,,
2232,329096,,Daniel Kareithi,Naivasha boarding,722884126,KEPSHA,,
2233,371493,,Margret Njeri,Kabati primary,726049298,KEPSHA,,
2234,392422,,Jane W. Kamau,Maiella M,723816713,KEPSHA,,
2235,447163,,Bernard Ongaga,Mvuke,726728248,KEPSHA,,
2236,428741,,John Manyara ,Shermoi,717178950,KEPSHA,,
2237,405474,,James Kimure ,Ndabibi central ,721328101,KEPSHA,,
2238,262839,,Veronica Mukora ,kanjogo ,768832101,KEPSHA,,
2239,298026,,Esther Ngugi ,Sindano ,721179660,KEPSHA,,
2240,452204,,John K.Kinyanjui,Ihindu,724153727,KEPSHA,,
2241,298026,,Joseph C.Ngunyi,Sission,705480952,KEPSHA,,
2242,539005,,Alex Kariuki kihugu,Satelite ,721952078,KEPSHA,,
2243,911482,,PALVIN NTINYARI,GATHIMA,723222326,KEPSHA,,
2244,1071309,,Joseph Mwangi Maiyu,Ngeya comprehensive,768678312,KEPSHA,,
2245,723077081,,Juliet Wanjiru Muna,longonot,723077081,KEPSHA,,
2246,366908,,Samwel Too,Utafiti Njoro,722780415,KEPSHA,,
2247,328945,,Njuguna Karanja N.,Nessuit Njoro,721327639,KEPSHA,,
2248,368819,,Evalyine Kemunto Ongaga,Kaiyaba Njoro,711947459,KEPSHA,,
2249,319955,,Samuel Kamau Nganga,Mukungugu Njoro,721815620,KEPSHA,,
2250,319535,,Eunice Rotich,Njoro Township,724115313,KEPSHA,,
2251,232810,,Emily W. Kariuki,Saramek Njoro ,723599102,KEPSHA,,
2252,381758,,Julia C. Ngetich,Kapkembu Njoro,723767168,KEPSHA,,
2253,395524,,Joseph Onsarigo,Egerton Njoro,720489810,KEPSHA,,
2254,502525,,David Onsongo,Gichobo primary,727446597,KEPSHA,,
2255,407001,,Philip K.Koriri,Teret Primary ,722930443,KEPSHA,,
2256,355799,,John K. Mwirigi,Mukungugu Primary ,724824733,KEPSHA,,
2257,297447,,Nelson Kipkurui Sang,Sigor Primary ,721232945,KEPSHA,,
2258,293844,,Lucy Wanjiru,Ngwataniro Primary ,722907281,KEPSHA,,
2259,419084,,Samwel Kiprotich Ngeno,Lare Primary ,712715339,KEPSHA,,
2260,274916,,Catherine W. Mwangi,Kianjoya Primary ,725764481,KEPSHA,,
2261,446120,,Elijah Morara Obure,Ngogongeri primary ,726973142,KEPSHA,,
2262,332736,,Joel Munene,Utalii Primary ,721297926,KEPSHA,,
2263,362068,,Julius Langat ,Cheptoroi ,722478078,KEPSHA,,
2264,241518,,Richard Kiprono Tonui,Ole Tachasis Comprehensive,710792160,KEPSHA,,
2265,319398,,Jane Chemutai,Saoset Primary,729836251,KEPSHA,,
2266,397214,,Kennedy Kiplangat Rotich,Chepkiswet,720551519,KEPSHA,,
2267,340936,,David Kipkorir Tanui,Chebotoi,710713059,KEPSHA,,
2268,457633,,Chemutai Koech,Chebtebes,712957162,KEPSHA,,
2269,435675,,Simon Kipkemoi Yegon,Keringet Boarding,721745907,KEPSHA,,
2270,511562,,Wesley Tuitoek Changkwony,Kiptulwo,725595002,KEPSHA,,
2271,531382,,Kibet Korir Leonard,Kapkores,727038703,KEPSHA,,
2272,321061,,Pius Langat,Kabongoi,729956438,KEPSHA,,
2273,541874,,Kiplangat Birgen David,DEB Boarding,710696992,KEPSHA,,
2274,438300,,Leonard Rotich,Kaplamai,723584092,KEPSHA,,
2275,484947,,Philip Kipsang Arusei,Kiptenden,728556270,KEPSHA,,
2276,329101,,Betty Chepkemoi Samoei,Silibwet,725583774,KEPSHA,,
2277,331916,,Betty C. Langat,Kaprengerwo,725800831,KEPSHA,,
2278,507126,,Joseph Kibet Langat,Saptet,722259134,KEPSHA,,
2279,463111,,Kiprono Korir Samwel,Ogiek Primary,727038950,KEPSHA,,
2280,385637,,Wesley Towett,Ng'enda,725612267,KEPSHA,,
2281,366769,,Rensol Sigey,Arorwet,725950714,KEPSHA,,
2282,424783,,PATRICK MWANIKI,IHURURU,720836142,KEPSHA,,
2283,327411,,ELIZABETH NDEGWA,GATHUTHI,720340797,KEPSHA,,
2284,468157,,DANIEL MUCHEMI,NJOGUINI,723290685,KEPSHA,,
2285,381533,,JOSEPH MURIU,MURICHU,721785927,KEPSHA,,
2286,320883,,BEATRICE MUCHIRI,GICHIRA,725438365,KEPSHA,,
2287,434826,,ANTHONY IRUNGU NGACHA ,KAGONYE PRY AND JS ,715325317,KEPSHA,,
2288,429401,,BEATRICE MUTHONI NGUGI,GATUGI PRY AND JS ,706980307,KEPSHA,,
2289,258056,,GRACE WANDIA MUCHIRI,GICHICHE PRY AND JS ,722765581,KEPSHA,,
2290,437047,,ALICE WANJUGU KIMOTHO ,IRINDI PRY AND JS ,721278151,KEPSHA,,
2291,298569,,CATHERINE W. WAMAHIU,KIHUGIRU PRY AND JS ,721299578,KEPSHA,,
2292,422470,,Christopher N Muriuki, Ndunduiinicomprehensive,716226051,KEPSHA,,
2293,445136,,Jane M Muchemi,Rititi comprehensive,722255975,KEPSHA,,
2294,476965,,Peter K Karuri,Tumutumu,7.25E+08,KEPSHA,,
2295,437246,,Evelyne N Muiruri,Kiriko comprehensive,722696701,KEPSHA,,
2296,423316,,Nicholas W Muriithi,Ngandu boys,723922597,KEPSHA,,
2297,178921,,Peter Kariuki Ndiritu,Bellevue pry and Js,720428622,KEPSHA,,
2298,302609,,Lucy Wanjiru Munyoroku ,Amboni pry and Js,721789751,KEPSHA,,
2299,334436,,James Karanja Mbogo,Mugunda pry and Js,713715116,KEPSHA,,
2300,520890,,Joshua Wangombe Ndumia,Kiria pry and Js,725680758,KEPSHA,,
2301,328790,,Juliana WatiriKaranja,Ruiria Pry and Js,725908328,KEPSHA,,
2302,422861,,EVANSON KOGI ,KIAMUCHERU PRI&JS,721553384,KEPSHA,,
2303,300350,,MOLLY  WAWERUP,KARURA PRI&JS,722242411,KEPSHA,,
2304,504730,,HARRISON MUHIA,KANJURI PRI&JS,723737670,KEPSHA,,
2305,299397,,WILSON MUTURI,KIAMWANGI PRI $JS,728177809,KEPSHA,,
2306,283869,,ANNAH MWANGI,GATHEHU PRI&JS,723791745,KEPSHA,,
2307,297861,,CHARLES MUNUHE,NDATHI,722910288,KEPSHA,,
2308,262871,,LILIAN WAITHIRA,KIMBO,720788279,KEPSHA,,
2309,418157,,TABITHA MURUGI,WATHITUGA,110003811,KEPSHA,,
2310,328203,,FRANCIS KARANJA,KARICHEN,720999336,KEPSHA,,
2311,288887,,MARY KIBISU,GUARA,727146364,KEPSHA,,
2312,492578,,DAVID    WAMBUGU,NGANGARITHI,705628972,KEPSHA,,
2313,423302,,PATRICK   KAGOIYA,RIAMUKURWE,721556882,KEPSHA,,
2314,360042,,FRANCIS  GATHOGO,NYARIBO,720830586,KEPSHA,,
2315,340654,,PERIS  WACHIRA,KINGONGO,720765272,KEPSHA,,
2316,261517,,JACKLINE   GICHURU,GITHWARIGA,722664643,KEPSHA,,
2317,355481,,SIMON NDIRANGU KARIU,THANGATHI,723838489,KEPSHA,,
2318,392899,,FRANCIS WANJAGUA THIIRU,NYAKAHUHO,710189209,KEPSHA,,
2319,362365,,PETER WATORO NYANGI,TAMBAYA,722449619,KEPSHA,,
2320,377625,,PATRIC MUNDIA MBUTHIA,KAHARO,725502001,KEPSHA,,
2321,320267,,GRACE MARY W. WAITHAKA,KAHETI,721598047,KEPSHA,,
2322,288352,,NANCY KIMANI,KABUKU,,KEPSHA,,
2323,385310,,JUDY WAIYAKI,MURENGETI,,KEPSHA,,
2324,267345,,CAROLINE MWANGI,JONATHAN MAARA,,KEPSHA,,
2325,313526,,PETER KAIRU,KAMIRITHU,,KEPSHA,,
2326,393194,,ESTHER JOSEPH,RONGAI,,KEPSHA,,
2327,385946,,SAMUEL MBUGUA,KIAWAROGA,,KEPSHA,,
2328,368640,,MIRIAM KIOKO,TIGONI,,KEPSHA,,
2329,459657,,CHRISTOPHER NJENGA,NGECHA,,KEPSHA,,
2330,382132,,GLADYS MWANGI,MANGUO,,KEPSHA,,
2331,366697,,JACKSON GICHUKI,GATIMU,,KEPSHA,,
2332,354881,,MARY MUHOHO,BIBIRIONI,,KEPSHA,,
2333,395195,,LUCAS GICHEHA,NGARARIGA,,KEPSHA,,
2334,331807,,MARY KURIA,LIMURU TOWN,,KEPSHA,,
2335,327442,,PATRICK K. MUTISO,MWIHOKO COMPREHENSIVE,,KEPSHA,,
2336,275518,,MARY TAIGU NGINYO,KWANG'ETHE JUNIOR ,,KEPSHA,,
2337,342235,,PETER K. MURIITHI,MWIKI PRIMARY,,KEPSHA,,
2338,353730,,ALICE NYAMBURA MWANGI,MUTUYA PRIMARY,,KEPSHA,,
2339,317129,,STEPHEN KARIUKI GIKWA,MANGUU COMPREHENSIVE,,KEPSHA,,
2340,528254,,EVA KIBURI,KIGANJO,,KEPSHA,,
2341,454838,,CHRISTINE WANGUI,GENERAL KAGO,,KEPSHA,,
2342,226650,,LYDIA WARIUA,KIBOKO,,KEPSHA,,
2343,366288,,JENNIFFER NJUGUNA ,KAMENU,,KEPSHA,,
2344,339210,,JAMES MAINA,THIKA PRIMARY,,KEPSHA,,
2345,317898,,HENRY NDUATI,MT. VIEW,,KEPSHA,,
2346,447467,,RUTH WANJIKU,ST PATRICKS SPECIAL,,KEPSHA,,
2347,380931,,TERESIA MWANGI,KISIWA,,KEPSHA,,
2348,268130,,FLORENCE OBWAYO,GARISSA ROAD,,KEPSHA,,
2349,392107,,JAMES KARANJA,ATHENA,,KEPSHA,,
2350,362633,,SIMON KARIUKI,JAMHURI,,KEPSHA,,
2351,344116,,JOHN MUNYUA,KIMUCHU,,KEPSHA,,
2352,485427,,PETER WAWERU,Q.R. S,,KEPSHA,,
2353,365553,, WAWERU KAMUNYU,MUGUGA,,KEPSHA,,
2354,256473,,LUCY W. MIANO,UTHIRU,,KEPSHA,,
2355,399353,,AGATHA KARIMI,KANJERU,,KEPSHA,,
2356,301628,,EDITH KARIUKI,NGURE,,KEPSHA,,
2357,467756,,FRANCIS KAIRU,MODEL,,KEPSHA,,
2358,325505,,MERCY WARUKIRA,WANGIGE,,KEPSHA,,
2359,380711,,RAHAB MBUGUA,KING'EERO,,KEPSHA,,
2360,425969,,HENRY NJAU,GATHIGA,,KEPSHA,,
2361,439093,,HENRY NJIRU,KAMGUGA,,KEPSHA,,
2362,452880,,ESTHER KIRIKA,KAMONJONI,,KEPSHA,,
2363,342187,,PAUL MUIGAI,MAHIA-INI,,KEPSHA,,
2364,303739,,ANN MBURU,KAIBA,,KEPSHA,,
2365,328417,,ANCILLAH MWAMBURI,KIRANGARI,,KEPSHA,,
2366,437306,,DAVID KIBUNJA,MAGANA,,KEPSHA,,
2367,284436,,JOHN KURIA KARANJA,NDULA,,KEPSHA,,
2368,384872,,BEATRICE WANJIKU KARIHA,POWERLINE,,KEPSHA,,
2369,499625,,JOHN M. WANJOGA,GITHIMA,,KEPSHA,,
2370,317770,,ANNE N. MUREITHI,KOMO,,KEPSHA,,
2371,330261,,SERAH KIMANI,MARIA MAGDELENA SPECIAL,,KEPSHA,,
2372,289598,,VERONICA M. MWANZIA,HOLY ROSARY KIANJAHI,,KEPSHA,,
2373,406692,,EDWARD NDEGWA,MAGOGONI,,KEPSHA,,
2374,275758,,KENNETH M. CHIRA,MUNYU,,KEPSHA,,
2375,320084,,PATRICK WAMBUA,NGOLIBA,,KEPSHA,,
2376,318557,,ROSE W. MWANGI,MBAGATHI,,KEPSHA,,
2377,224374,,BERNARD N. KARIUKI,GATUANYAGA,,KEPSHA,,
2378,409056,,PAULINE W. MACHARIA,KIGAA,,KEPSHA,,
2379,271030,,PETER NDUNG'U NGOI,KAMUTUA,,KEPSHA,,
2380,382335,,JULIUS MWANGI KIRABI,GITWE,,KEPSHA,,
2381,298539,,PURITY KARIMI,GATHAGE,,KEPSHA,,
2382,885780,,EUNICE NG'ANG'A,GATUNDU PRY,,KEPSHA,,
2383,519493,,LUCY NJAMBI,GATUNDU PRY,,KEPSHA,,
2384,381190,,HANNAH MWAURA,GACHORORO,,KEPSHA,,
2385,393388,,PAUL KIONGO,KINALE,,KEPSHA,,
2386,361877,,ALBERT MAINA,MIRANGI,,KEPSHA,,
2387,327939,,ELIZABETH W. CHEGE,CROSSROADS,,KEPSHA,,
2388,400861,,JOHN M. MBURU,KIRASHA,,KEPSHA,,
2389,381471,,RACHAEL KAMAU,KAMBURU,,KEPSHA,,
2390,390617,,DANIEL KIMANI,GATHIMA,,KEPSHA,,
2391,381195,,RAHAB KAMAU,KIBATHITHI,,KEPSHA,,
2392,526608,,JACKSON MBUGUA,MATIMBEI,,KEPSHA,,
2393,434492,,JAMES MWATHA,KARIGUINI,,KEPSHA,,
2394,355874,,JANE NYANJUI,MUTHANDE,,KEPSHA,,
2395,343752,,LYDIA MUKUNDI,GAKENGE,,KEPSHA,,
2396,437392,,HANNAH KUNG'U,WANGWARE,,KEPSHA,,
2397,362261,,HARUN MBURU,JUVENALIS,,KEPSHA,,
2398,391754,,ANNELIS IKENYE,GATHAITI,,KEPSHA,,
2399,332203,,HANNAH WAMUHI,MUTUNGURU,,KEPSHA,,
2400,437642,,ALICE WANJIKU NJUGUNA,NDUCHI,,KEPSHA,,
2401,386266,,IRENE N. KARANJA,KARATU,,KEPSHA,,
2402,378388,,DOMINIC K. KARIUKI,GATUNDU PRY,,KEPSHA,,
2403,319942,,JOSEPH KAMAU NGUGI,MUTHURUMBI,,KEPSHA,,
2404,428855,,MARTIN NGURE,GSU,,KEPSHA,,
2405,400273,,JOSEPH MBURU,KUMURA,,KEPSHA,,
2406,451210,,DAVID KOIGI,M. THETA,,KEPSHA,,
2407,317829,,MAGDALENE KABUA,NDURURUMO,,KEPSHA,,
2408,476912,,PETER NJOROGE,THOME,,KEPSHA,,
2409,256425,,LUCY MANI,TWIGA,,KEPSHA,,
2410,327616,,ANTONY MBOGO,RUERA,,KEPSHA,,
2411,297952,,LYDIA W. KIBUGI,MUGUTHA,,KEPSHA,,
2412,369607,,CARINA ELIZABETH,MURERA,,KEPSHA,,
2413,396204,,DAMARIS WARANU,MAGOMANO,,KEPSHA,,
2414,382738,,ANN MATHIA,RURIE,,KEPSHA,,
2415,302319,,PRISCILLA N. KIMANI,JACARANDA,,KEPSHA,,
2416,368053,,MARGARET NDERITU,MUTUNDU,,KEPSHA,,
2417,316607,,STANELY W. MACHARIA,KOMOTHAI,,KEPSHA,,
2418,445513,,NANCY WACINGA,MIRITHU,,KEPSHA,,
2419,448161,,SAMUEL GITAU,NYATARAGI ,,KEPSHA,,
2420,346766,,JANE C. BETT,NDERU ,,KEPSHA,,
2421,403197,,ESTER NJERI,KIAWANDA ,,KEPSHA,,
2422,325472,,JOSEPH KARUGA,RWAMBURI ,,KEPSHA,,
2423,318808,,KOMU MUIKIA,GITUTHA ,,KEPSHA,,
2424,395087,,ALICE N. KARIUKI,MAKUTANO,,KEPSHA,,
2425,320936,,PAUL N MUNGAI ,RWACUMARI,,KEPSHA,,
2426,428702,,JOSPHINE  KARIMI,TUTU,,KEPSHA,,
2427,342172,,HENRY  NJENGA ,KIRIRI,,KEPSHA,,
2428,289246,,SAMUEL K . KARANGU,KANJAI,,KEPSHA,,
2429,321438,,SERAPHINE RUGU,NJUNU,,KEPSHA,,
2430,343905,,JANE NJOROGE,NGEWA,,KEPSHA,,
2431,365484,,THOMAS HINGA,NGINDURI,,KEPSHA,,
2432,362469,,LENAH M. MUNYUA,GITHIORO,,KEPSHA,,
2433,354967,,SIMON K. KARIUKI,KIHURIRIO,,KEPSHA,,
2434,300458,,STEPHEN MACHARIA,KAMONDO,,KEPSHA,,
2435,380703,,SALOME N. KIARIE,GATITU,,KEPSHA,,
2436,476788,,PATRICIA N. NJOROGE,GITHIGA,,KEPSHA,,
2437,296807,,FRANCIS N. MWANGI,MIIRI,,KEPSHA,,
2438,289594,,PAUL K. MBUGUA,GITHUNGURI T/S,,KEPSHA,,
2439,250803,,RUTH KHISA MULONGO,THIRIME PRI.,,KEPSHA,,
2440,433708,,ANDREW MOSES KIHUYU,KIKUYU TOWNSHIP PRI.,,KEPSHA,,
2441,369602,,ANNE JOYCE CHEGE,KIDFARMACO PRI.,,KEPSHA,,
2442,326869,,ESTHER K. MWAURA,THOGOTO PRI.,,KEPSHA,,
2443,326833,,MERCY NDEGWA,KERWA PRI.,,KEPSHA,,
2444,398984,,FRANCIS MUIRURI,KANYANJARA PRI.,,KEPSHA,,
2445,286454,,BEATRICE NDERITU,UTAFITI PRI.,,KEPSHA,,
2446,385939,,SIMON KARORI ,GICHARANI PRI.,,KEPSHA,,
2447,330264,,JOSPHINE RUIGU,NGURIUNDITU PRI.,,KEPSHA,,
2448,457987,,PETER M.NYAGA,KANYIHA PRI,,KEPSHA,,
2449,354882,,BENJAMINNDUNGU,KANDUTURA PRI,,KEPSHA,,
2450,257182,,PRISCILLA M.KINGUU,KAMAUNGU PRI,,KEPSHA,,
2451,366090,,LEAH W.KIHUHA,MAI-AI-HII PRI,,KEPSHA,,
2452,381190,,HANNAH WANJIRU,GACHORORO,,KEPSHA,,
2453,391436,,JAMES MWANGI,KURAIHA,,KEPSHA,,
2454,344321,,JOHN KIRUNGO,THIRIRIKA,,KEPSHA,,
2455,332821,,PATRICK WANYOIKE,ST. FRANCIS,,KEPSHA,,
2456,283865,,DORCAS OMBABA,ST. PAUL,,KEPSHA,,
2457,317133,,JOHN WAINAINA,KARAMAINI,,KEPSHA,,
2458,448098,,DAVID KIBARU,KALIMONI,,KEPSHA,,
2459,280351,,MAGDALENE KIUNDU,JOMO,,KEPSHA,,
2460,319755,,LUCY WANJIRU,MIRIMAINI,,KEPSHA,,
2461,426692,,GEOFFREY MWANGI,ABBA SALAMA,,KEPSHA,,
2462,262213,,HENRY IRUNGU,NYACABA,,KEPSHA,,
2463,455668,,CATHERINE WAIREGI,ATHI,,KEPSHA,,
2464,385758,,IRENE MWANGI,JUJA FARM,,KEPSHA,,
2465,387983,,NICHOLAS KARANJA W.,IRURI,,KEPSHA,,
2466,355515,,JAMES M. KAMAU,MUKURWE,,KEPSHA,,
2467,286797,,MARTIN N. KAHURA,MWEA,,KEPSHA,,
2468,381173,,MARY J.N. KAHITI,NYAMATHUMBI,,KEPSHA,,
2469,392303,,JOY MWAGO,GIKINDU,,KEPSHA,,
2470,332796,,LYDIA N. JOSEPH,SOUTH KANYONI,,KEPSHA,,
2471,395658,,SIMON N. KAMAU,WANDUI,,KEPSHA,,
2472,256413,,SAMUEL NJIHIA,NJATHAINI,,KEPSHA,,
2473,343765,,MARY W. KURIA,KAMUNYAKA.C,,KEPSHA,,
2474,437020,,JANE W. KIMEMIA,KANJABI,,KEPSHA,,
2475,299283,,ELENA N. GACHAU,GATEI,,KEPSHA,,
2476,256161,,ELEZABETH LELEYAN GICHU,NDIKO,,KEPSHA,,
2477,429540,,HILDER ANN KIWAG,MAKOHOKOHO,,KEPSHA,,
2478,356819,,PETER M. MUTURA,KAIBERE,,KEPSHA,,
2479,320134,,TITUS M. KIMANI,MUNYAKA,,KEPSHA,,
2480,400759,,JOHN M. WANGUI,IGEGANIA,,KEPSHA,,
2481,386736,,KIARIE KAGWI,KAMWANGI,,KEPSHA,,
2482,437748,,DANIEL NGUMBA,KANGAITA,,KEPSHA,,
2483,391690,,PAUL C. KARANJA,KARURE,,KEPSHA,,
2484,386194,,JOHN N. MUKORA,GATUNGURU,,KEPSHA,,
2485,423133,,DISMAS MOGAKA,KAMWIRIGI,,KEPSHA,,
2486,381499,,SALOME W. MUCHUNA,MARIANI,,KEPSHA,,
2487,458337,,SIMON GITAU K.,KIRIKO SPECIAL,,KEPSHA,,
2488,433893,,PETER MUIRURI K.,CHANIA,,KEPSHA,,
2489,366145,,LUCY W. KIMANI,NYAMANGARA,,KEPSHA,,
2490,259276,,SALOME N. MAUNDU,NGOMANO DEB,0724728269,KEPSHA,,
2491,410437,,ALICEM. KYALO,KITHINGIISYO,0728088451,KEPSHA,,
2492,419471,,JAMES K. KYOLE,NZAYO,0712639989,KEPSHA,,
2493,294034,,PATRICK MULILI,KATHIIANI,0720753304,KEPSHA,,
2494,407414,,MARK M. MAWEU,KITHEINI,0706283777,KEPSHA,,
2495,344077,,PAUL KASESI,ATHI KAMUNYUNI,0721815595,KEPSHA,,
2496,397295,,MAURICE MUSYOKA,KALIANI,0725792660,KEPSHA,,
2497,353686,,JUSTINA MWANZIA,KIANGE,0723916912,KEPSHA,,
2498,345576,,BARNABUS NDAMBUKI,YINDUNDU,0720916912,KEPSHA,,
2499,449358,,WILLY KISWILI,NGWATA,0722851601,KEPSHA,,
2500,392435,,STEPHEN MUTUA,MTITO ANDEI,0724232354,KEPSHA,,
2501,386016,,JOSHUA KYULU,MAVINDINI,0722876244,KEPSHA,,
2502,527383,,MICHAEL MWANZIA,NTHUNGUNI,0727718195,KEPSHA,,
2503,436844,,FLORIAN THOMAS,KATHEKANI,0727858332,KEPSHA,,
2504,392672,,JOSEPH ISEO,KAMBILI,0724780470,KEPSHA,,
2505,436057,,HARRISON MUTISO MATHUKU,THOMEANDU BOYS,0728916199,KEPSHA,,
2506,411309,,WILFRED MUSEMBI MBULU,MUSALALA,0729932467,KEPSHA,,
2507,360814,,EUNICE NGINA TOTO,KAVATANZOU,0719441661,KEPSHA,,
2508,344224,,PETER MUTIE NZYIMA,KYANGELA,0712019205,KEPSHA,,
2509,482266,,MICHAEL KIVUVA NZUVE,KYAKITUKU,0102120355,KEPSHA,,
2510,401030,,SYLVESTER NDISYA MUTISYA,MATUA,0710558077,KEPSHA,,
2511,422060,,JOHN KYULE,NUNGUNI,0714312320,KEPSHA,,
2512,394643,,VERONICAH MWIKALI KATUNGA,AIC TUSUNINI,0702357965,KEPSHA,,
2513,241131,,MAURICE MUNYAO,KIAMBANI,0720354663,KEPSHA,,
2514,409476,,JUSTUS MUSILA,KAMBU TOWNSHIP,0710572398,KEPSHA,,
2515,242694,,SCOLAR M. KYETI,NZAMBANI,0721564788,KEPSHA,,
2516,427291,,SIMON MUSYOKI MOSES,KOMBOYOO,0721625940,KEPSHA,,
2517,286923,,DOROTHY KACHE,MAKOKANI,0711893811,KEPSHA,,
2518,342451,,DOMINIC MBALU,MWENYEANI,0728109569,KEPSHA,,
2519,378928,,JAPHETH MUIA,UVIPH,0720880446,KEPSHA,,
2520,398786,,JULIUS NGANGI,MAVINDU,0726335164,KEPSHA,,
2521,429095,,REGINA NDOLA,KIATINENI,0722635360,KEPSHA,,
2522,274406,,MULELA SHADRACK,KITHUNGO,0741309060,KEPSHA,,
2523,214816,,SAMMY KYONGO,UKIA,0726056224,KEPSHA,,
2524,395566,,ANGELA MUTUKU,MANDOI BOARDING,0728158054,KEPSHA,,
2525,338277,,RACHEAL MAINGI,WATEMA,0726884709,KEPSHA,,
2526,214808,,MONICAH MUSYOKA,KAMBIMAWE,0726056111,KEPSHA,,
2527,356994,,JENIFFER KAINI NDUVI,MAKONGO HGM,0716559475,KEPSHA,,
2528,359517,,JOSEPH KIINI,AIC MUTULANI,0727426572,KEPSHA,,
2529,254392,,PATRICIA MASAI,KEE SA,0711551360,KEPSHA,,
2530,414674,,THOMAS MUTHINI,MUTHINI,0728552583,KEPSHA,,
2531,392347,,PATRICK MAWEU,MUNGELI,0710990491,KEPSHA,,
2532,338988,,AMOS KILUNDO,NTHONGONI,0710237131,KEPSHA,,
2533,325640,,JUSTUS KITUKU,KYAMUTHEI,0724560721,KEPSHA,,
2534,443610,,ORIPHA MUISU,MITINGANI,0713333286,KEPSHA,,
2535,386636,,MAGRET KITUKU,MAKONGO SCHOOL FOR DEAF,0720838126,KEPSHA,,
2536,309304,,PETER MANTHI,KIUUKUNI,0710779563,KEPSHA,,
2537,414523,,JACINTA MULWA,KYUASINI,0710216850,KEPSHA,,
2538,457959,,PAUL KISYULA,ITUMBULE,0758879692,KEPSHA,,
2539,260809,,DAMARIS KISULI,MAKULI,0720089979,KEPSHA,,
2540,385990,,EDNA KAVYU,KYAU,0721823354,KEPSHA,,
2541,345581,,JAMES MBITI,KAVANI,0707898560,KEPSHA,,
2542,424424,,JACINTA MBATHA,NZOUNI,0713679708,KEPSHA,,
2543,392029,,DORCUS KITHEKA,IKALYONI,0710210897,KEPSHA,,
2544,270449,,RACHEL NDETI,KWALULU,0714007230,KEPSHA,,
2545,395915,,SILVESTER WAMBUA,KATULYE,0714518047,KEPSHA,,
2546,444536,,MUSAU PETER,KAUTI,0729357146,KEPSHA,,
2547,513956,,WINFRED M. THOMAS,KWAKAKULU,721254445,KEPSHA,,
2548,3437745,,LUCY N. NJUGUNA,KITHATHA,723558671,KEPSHA,,
2549,470867,,ANDREW MWILU MUIA,MAUMBA SCHOOL,726511656,KEPSHA,,
2550,379519,,RAPHAEL KIMULI,MAUMBA SCHOOL,715619000,KEPSHA,,
2551,289150,,HELLEN MUBEA,KARUNGA,,KEPSHA,,
2552,345235,,HANNAH MAMBO,,,KEPSHA,,
2553,450710,,DANIEL K. GATHURU,RIABAI,,KEPSHA,,
2554,408365,,DEDAN WANYATI,KANGOYA,,KEPSHA,,
2555,321421,,LYDIA N. MAINA,NDUMBERI,,KEPSHA,,
2556,220575,,CATHERINE WANJIKU,RIARA,,KEPSHA,,
2557,382797,,BETH KARIUKI,KAMITI ANMER,,KEPSHA,,
2558,317581,,RAHAB N. WANJIE,KIAMBU TOWNSHIP,,KEPSHA,,
2559,342174,,GRACE W. NGURO,MACIRI,,KEPSHA,,
2560,299318,,MARY MWANGI,TING'ANG'A MODEL,,KEPSHA,,
2561,353536,,FREDRICK MBURU,THINDIGUA,,KEPSHA,,
2562,343751,,JOHN NYORO,MUNGAI CHENGECHA,,KEPSHA,,
2563,453562,,GEORGE THUMBI,KASARINI,,KEPSHA,,
2564,345236,,WAKARO LAWRENCE,GITHARURU,,KEPSHA,,
2565,273841,,Francis mwangi ,Gakingi ,724045644,KEPSHA,,
2566,447100,,George kenei,ACK Kaptarakwa ,725703680,KEPSHA,,
2567,406848,,Recheal Nganga,Nyamamithi,721836128,KEPSHA,,
2568,386494,,Saina Kiptsia,Simboyon ,791925098,KEPSHA,,
2569,402562,,Simon Mutai,Gatagati ,7203020398,KEPSHA,,
2570,512919,,Dickson Kithaka,Ndatho Hope,724964415,KEPSHA,,
2571,241101,,Anthony Njoroge,Oldonyo Mara,723784768,KEPSHA,,
2572,433225,,Samuel Kamanga Mbogua,Subukia,724587985,KEPSHA,,
2573,390983,,Wilson Bowen,Wei,720930960,KEPSHA,,
2574,428703,,"Jennifer Wambui 
Muthoga",Kianyoro,722124194,KEPSHA,,
2575,382622,,Alice W.Waweru,Kamumo,723785997,KEPSHA,,
2576,390576,,Amos W.Githinji,Kieni,722599953,KEPSHA,,
2577,296727,,Simon M. Kirugu,Maombi,720993778,KEPSHA,,
2578,418412,,Wycliffe K. Cheres,Magomano,720795630,KEPSHA,,
2579,326006,,Muraya Mwangi J.,Sidai,722687750,KEPSHA,,
2580,311711,,Nicholas K.. Muigai,Kabazi,722758788,KEPSHA,,
2581,276389,,Francis Karanja,Our Lady of Victory,724683107,KEPSHA,,
2582,343318,,Phyllis Wamae,Tetu Subukia,727466270,KEPSHA,,
2583,510128,,Beth Thogori,tabuga ,711970512,KEPSHA,,
2584,281247,,Racheal Gicheha,PCEA,721725722,KEPSHA,,
2585,395014,,Jones Oirere,Muringa,710269012,KEPSHA,,
2586,384332,,Kipsang Kiplang'at,,720279601,KEPSHA,,
2587,386530,,Stanley Kipng'etich Kemboi,Chemasis comprehensive,,KEPSHA,,
2588,386135,,Jonhmark Odhiambo Awor,kirobon,722215725,KEPSHA,,
2589,340263,,Chelagat Chebon,thirandu school,720866184,KEPSHA,,
2590,485015,,Esther Wambui,kiamunyi comprehensive,729161924,KEPSHA,,
2591,468781,,MAMAI ETIANG,BIRUNDA,,PRIMARY AND JUNIOR SPORTS OFFICIALS,TRANSNZOIA,RIFT VALLEY
2592,523255,,DIANA VAATI WAMBUA,NGENGI,,PRIMARY AND JUNIOR SPORTS OFFICIALS,KITUI,EASTERN
2593,371359,,MARGARET CHIZI NGALE,TARU,,PRIMARY AND JUNIOR SPORTS OFFICIALS,KWALE,COAST
2594,865578,,JOHN WALUMBE OLTUKAI,BABA DOGO,,PRIMARY AND JUNIOR SPORTS OFFICIALS,NAIROBI,NAIROBI
2595,230742,,AHMED DEKOW GUHAD ,ALFATAH,,PRIMARY AND JUNIOR SPORTS OFFICIALS,GARISSA,N/EASTERN
2596,326713,,CHARLES MAINA,KIBURU,,PRIMARY AND JUNIOR SPORTS OFFICIALS,KIRINYAGA,CENTRAL
2597,434884,,SARAH MUHONJA,TSIMBALO,,PRIMARY AND JUNIOR SPORTS OFFICIALS,VIHIGA,WESTERN
2598,394233,,JAMES MARITE,NGATATAEK,,PRIMARY AND JUNIOR SPORTS OFFICIALS,KAJIADO,RIFT VALLEY
2599,406476,,PETER K.SANG,KIPKURES,,PRIMARY AND JUNIOR SPORTS OFFICIALS,NANDI,RIFT VALLEY
2600,385057,,MOHAMED MOHAMUD,EMEJEN,,PRIMARY AND JUNIOR SPORTS OFFICIALS,ISIOLO,EASTERN
2601,345763,,RAHA ABDI HASSAN,WAJIR,,PRIMARY AND JUNIOR SPORTS OFFICIALS,WAJIR,EASTERN
2602,346987,,MBUI M. PATRICK ,NEW KIHUMBUINI,,PRIMARY AND JUNIOR SPORTS OFFICIALS,NAIROBI,NAIROBI
2603,327181,,TRUPHOSA WANJA,COUNTY SCHOOL,,PRIMARY AND JUNIOR SPORTS OFFICIALS,EMBU,EASTERN
2604,343101,,EDWIN KIPTIS,KAPSETEK,,PRIMARY AND JUNIOR SPORTS OFFICIALS,NAKURU,RIFT VALLEY
2605,481231,,COLLINS MWAFUGA,MBULIA,,PRIMARY AND JUNIOR SPORTS OFFICIALS,TAITA TAVETA,COAST
2606,383907,,DENNIS OMARI,KEGATI DEB,,PRIMARY AND JUNIOR SPORTS OFFICIALS,KISII,NYANZA
2607,378240,,CATHERINE KOMU,NGAMWA,,PRIMARY AND JUNIOR SPORTS OFFICIALS,NYERI,CENTRAL
2608,715440,,JOHN MATU,MWIKI,,PRIMARY AND JUNIOR SPORTS OFFICIALS,KIAMBU,CENTRAL
2609,505489,,KEFFA WENGERE,GACHIE,,PRIMARY AND JUNIOR SPORTS OFFICIALS,KIAMBU,CENTRAL
2610,714578,,JACKSON MWANGI,GACII,,PRIMARY AND JUNIOR SPORTS OFFICIALS,KIAMBU,CENTRAL
2611,861272,,OUMA DANCUN,SACRED HEART ,,PRIMARY AND JUNIOR SPORTS OFFICIALS,NAIROBI,NAIROBI
2612,667898,,TERESIAH NJERI KIRIKA,MWIKI,,PRIMARY AND JUNIOR SPORTS OFFICIALS,KIAMBU,CENTRAL
2613,654473,,ELIZABETH NDIRANGU,NDIINI,,PRIMARY AND JUNIOR SPORTS OFFICIALS,KIAMBU,CENTRAL
2614,932727,,AMBROSE KIBE NDUNGU,KAMUIRU,,PRIMARY AND JUNIOR SPORTS OFFICIALS,KIAMBU,CENTRAL
2615,766422,,MARGARET NYAKERARIO,KAMUIRU,,PRIMARY AND JUNIOR SPORTS OFFICIALS,KIAMBU,CENTRAL
2616,1071485,,MERCY MWANGI,KIAMBA,,PRIMARY AND JUNIOR SPORTS OFFICIALS,KIAMBU,CENTRAL
2617,520643,,BEATRICE KARANJA,KINALE,,PRIMARY AND JUNIOR SPORTS OFFICIALS,KIAMBU,CENTRAL
2618,426489,,PETER MULWA,LILY ACADEMY,,PRIMARY AND JUNIOR SPORTS OFFICIALS,KIAMBU,CENTRAL
2619,468466,,JULIUS. M.ACHOKI,HIGHRIDGE,,PRIMARY AND JUNIOR SPORTS OFFICIALS,NAIROBI,NAIROBI
2620,987085,,FRANCIS KAMALA,THIKA ROAD,,PRIMARY AND JUNIOR SPORTS OFFICIALS,NAIROBI,NAIROBI
2621,919415,,SOTI PAUL,BABA DOGO,,PRIMARY AND JUNIOR SPORTS OFFICIALS,NAIROBI,NAIROBI
2622,960754,,PARORIT LEMOMO,ILTRIPEN,,PRIMARY AND JUNIOR SPORTS OFFICIALS,KAJIADO,R/V
2623,445214,,SUSAN OLOITIPTIP,AIC GIRLS,,PRIMARY AND JUNIOR SPORTS OFFICIALS,KAJIADO,R/V
2624,290338,,MICHAEL OPIYO,HESHIMA,,PRIMARY AND JUNIOR SPORTS OFFICIALS,NAIROBI,NAIROBI
2625,782305,,ELIZABETH MUTUA,NEMBU,,PRIMARY AND JUNIOR SPORTS OFFICIALS,NAIROBI,NAIROBI
2626,895557,,CALEB MSINYA,KAMITI,,PRIMARY AND JUNIOR SPORTS OFFICIALS,NAIROBI,NAIROBI
2627,1027160,,FAITH WANJA,K. NORTH,,PRIMARY AND JUNIOR SPORTS OFFICIALS,NAIROBI,NAIROBI
2628,449521,,MOSES F.N. MATHENGE,KIRENGA,,PRIMARY AND JUNIOR SPORTS OFFICIALS,KIAMBU,CENTRAL
2629,716081,,FRIDAH OUMA,ST.JOHNS,,PRIMARY AND JUNIOR SPORTS OFFICIALS,NAIROBI,NAIROBI
2630,614710,,PHYLLIS MUTHONI,WESTLANDS,,PRIMARY AND JUNIOR SPORTS OFFICIALS,NAIROBI,NAIROBI
2631,378042,,EUNICE A. OMONDI,ZAWADI,,PRIMARY AND JUNIOR SPORTS OFFICIALS,NAIROBI,NAIROBI
2632,1029948,,KEVIN OUMA,BABA DOGO,,PRIMARY AND JUNIOR SPORTS OFFICIALS,NAIROBI,NAIROBI
2633,394730,,WILLIAM MUTURI,OLOIKA,,PRIMARY AND JUNIOR SPORTS OFFICIALS,KAJIADO,RIFT VALLEY
2634,587215,,LAURA ZAWADI,NEW KIHUMBUINI,,PRIMARY AND JUNIOR SPORTS OFFICIALS,NAIROBI,NAIROBI
2635,408960,,KEN WAMBUI,NEW KIHUMBUINI,,PRIMARY AND JUNIOR SPORTS OFFICIALS,NAIROBI,NAIROBI
2636,461666,,DIANAH MAYAKA,OLOOLUA,,PRIMARY AND JUNIOR SPORTS OFFICIALS,KAJIADO,R/V
2637,816653,,DOROTHY BOSIBORI,KASARANI,,PRIMARY AND JUNIOR SPORTS OFFICIALS,NAIROBI,NAIROBI
2638,302112,,ALI JUMA,CITY,,PRIMARY AND JUNIOR SPORTS OFFICIALS,NAIROBI,NAIROBI
2639,782527,,STANLEY K. KEMBOI,PLAINVIEW,,PRIMARY AND JUNIOR SPORTS OFFICIALS,NAIROBI,NAIROBI
2640,462273,,NELSON OCHIENG ,INKUANJANI,,PRIMARY AND JUNIOR SPORTS OFFICIALS,KAJIADO,R/V
2641,868593,,JULIA NJOROGE,OLEKASASI,,PRIMARY AND JUNIOR SPORTS OFFICIALS,KAJIADO,R/V
2642,539144,,FAITH MAGHAS,ATHI RIVER ,,PRIMARY AND JUNIOR SPORTS OFFICIALS,KAJIADO,RIFT VALLEY
2643,,37278180,Adan Rabin,,,JUNIOR SCHOOL TEACHERS,,
2644,,38324306,Alexis Yoosin,,,JUNIOR SCHOOL TEACHERS,,
2645,,26041910,Ali Oduor,,,JUNIOR SCHOOL TEACHERS,,
2646,,31780516,Amos Ouma,,,JUNIOR SCHOOL TEACHERS,,
2647,,37778780,Anthony Munguti,,,JUNIOR SCHOOL TEACHERS,,
2648,,37963192,Antons Obonyo,,,JUNIOR SCHOOL TEACHERS,,
2649,,30525530,Bembela Ogola Oluga,,,JUNIOR SCHOOL TEACHERS,,
2650,,34961610,Christabel Lukoye,,,JUNIOR SCHOOL TEACHERS,,
2651,,24107024,Daniel Opole Oando,,,JUNIOR SCHOOL TEACHERS,,
2652,,37101694,David Oketch Okong'o,,,JUNIOR SCHOOL TEACHERS,,
2653,,33216023,David Onyango,,,JUNIOR SCHOOL TEACHERS,,
2654,,13784697,David Onege,,,JUNIOR SCHOOL TEACHERS,,
2655,,34609353,Duncan Kwala,,,JUNIOR SCHOOL TEACHERS,,
2656,,36940316,Edwin Magero,,,JUNIOR SCHOOL TEACHERS,,
2657,,37089168,Emmanuel Yoyo,,,JUNIOR SCHOOL TEACHERS,,
2658,,25076646,Eunice Ngigi,,,JUNIOR SCHOOL TEACHERS,,
2659,,,Jacinta Masila,,,JUNIOR SCHOOL TEACHERS,,
2660,,38046906,Janet Cherotich,,,JUNIOR SCHOOL TEACHERS,,
2661,,23358017,John Banda,,,JUNIOR SCHOOL TEACHERS,,
2662,,38711786,Joshua Asiri,,,JUNIOR SCHOOL TEACHERS,,
2663,,35684282,Justus Mong'are,,,JUNIOR SCHOOL TEACHERS,,
2664,,33809622,Kenneth Ooko Okumu,,,JUNIOR SCHOOL TEACHERS,,
2665,,34395351,Kevin Ogamba,,,JUNIOR SCHOOL TEACHERS,,
2666,,35715784,Levis Owino,,,JUNIOR SCHOOL TEACHERS,,
2667,,38411046,Mark Wambua,,,JUNIOR SCHOOL TEACHERS,,
2668,,22146165,Mary A. Odira,,,JUNIOR SCHOOL TEACHERS,,
2669,,34996581,Mary Makau,,,JUNIOR SCHOOL TEACHERS,,
2670,,22546973,Medrick Ater,,,JUNIOR SCHOOL TEACHERS,,
2671,,30233954,Metrine Nyongesa,,,JUNIOR SCHOOL TEACHERS,,
2672,,37853807,Nyangweso Simon,,,JUNIOR SCHOOL TEACHERS,,
2673,,34515679,Oketch Odingo,,,JUNIOR SCHOOL TEACHERS,,
2674,,35674416,Okoth Charles,,,JUNIOR SCHOOL TEACHERS,,
2675,,31601621,Pauline Makori,,,JUNIOR SCHOOL TEACHERS,,
2676,,30467103,Phanice Kalayi,,,JUNIOR SCHOOL TEACHERS,,
2677,,32395114,Phelix Ochieng,,,JUNIOR SCHOOL TEACHERS,,
2678,,29796510,Remmy Omondi,,,JUNIOR SCHOOL TEACHERS,,
2679,,31972143,Rodgers Odhiambo,,,JUNIOR SCHOOL TEACHERS,,
2680,,31050292,Samuel Omonya,,,JUNIOR SCHOOL TEACHERS,,
2681,,38412914,Sharon Wekesa,,,JUNIOR SCHOOL TEACHERS,,
2682,,34251280,Victor Otieno Aduo,,,JUNIOR SCHOOL TEACHERS,,
2683,,28601592,Williams Otieno,,,JUNIOR SCHOOL TEACHERS,,
2684,289650,8056522,"Kyeva, Kennedy Kiio",Westlands Primary School,,KNUT,,
2685,289650,8056522,"Kyeva, Kennedy Kiio",Westlands Primary School,,KNUT,,
2686,289650,8056522,"Kyeva, Kennedy Kiio",Westlands Primary School,,KNUT,,
2687,289650,8056522,"Kyeva, Kennedy Kiio",Westlands Primary School,,KNUT,,
2688,289650,8056522,"Kyeva, Kennedy Kiio",Westlands Primary School,,KNUT,,
2689,289650,8056522,"Kyeva, Kennedy Kiio",Westlands Primary School,,KNUT,,
2690,289650,8056522,"Kyeva, Kennedy Kiio",Westlands Primary School,,KNUT,,
2691,289650,8056522,"Kyeva, Kennedy Kiio",Westlands Primary School,,KNUT,,
2692,289650,8056522,"Kyeva, Kennedy Kiio",Westlands Primary School,,KNUT,,
2693,289650,8056522,"Kyeva, Kennedy Kiio",Westlands Primary School,,KNUT,,
2694,289650,8056522,"Kyeva, Kennedy Kiio",Westlands Primary School,,KNUT,,
2695,289650,8056522,"Kyeva, Kennedy Kiio",Westlands Primary School,,KNUT,,
2696,289650,8056522,"Kyeva, Kennedy Kiio",Westlands Primary School,,KNUT,,
2697,289650,8056522,"Kyeva, Kennedy Kiio",Westlands Primary School,,KNUT,,
2698,289650,8056522,"Kyeva, Kennedy Kiio",Westlands Primary School,,KNUT,,
2699,289650,8056522,"Kyeva, Kennedy Kiio",Westlands Primary School,,KNUT,,
2700,289650,8056522,"Kyeva, Kennedy Kiio",Westlands Primary School,,KNUT,,
2701,289650,8056522,"Kyeva, Kennedy Kiio",Westlands Primary School,,KNUT,,
2702,289650,8056522,"Kyeva, Kennedy Kiio",Westlands Primary School,,KNUT,,
2703,289650,8056522,"Kyeva, Kennedy Kiio",Westlands Primary School,,KNUT,,
2704,289650,8056522,"Kyeva, Kennedy Kiio",Westlands Primary School,,KNUT,,
2705,289650,8056522,"Kyeva, Kennedy Kiio",Westlands Primary School,,KNUT,,
2706,289650,8056522,"Kyeva, Kennedy Kiio",Westlands Primary School,,KNUT,,
2707,289650,8056522,"Kyeva, Kennedy Kiio",Westlands Primary School,,KNUT,,
2708,289650,8056522,"Kyeva, Kennedy Kiio",Westlands Primary School,,KNUT,,
2709,289650,8056522,"Kyeva, Kennedy Kiio",Westlands Primary School,,KNUT,,
2710,289650,8056522,"Kyeva, Kennedy Kiio",Westlands Primary School,,KNUT,,
2711,289650,8056522,"Kyeva, Kennedy Kiio",Westlands Primary School,,KNUT,,
2712,289650,8056522,"Kyeva, Kennedy Kiio",Westlands Primary School,,KNUT,,
2713,289650,8056522,"Kyeva, Kennedy Kiio",Westlands Primary School,,KNUT,,
2714,289650,8056522,"Kyeva, Kennedy Kiio",Westlands Primary School,,KNUT,,
2715,289650,8056522,"Kyeva, Kennedy Kiio",Westlands Primary School,,KNUT,,
2716,,,RAO RD,NAIROBI,,RD, NAIROBI COUNTY,NAIROBI
2717,,,LYDIA NJAGI,KASARANI,,SCD, NAIROBI COUNTY,NAIROBI
2718,,,STEPHEN MAINA,MATHARE,,SCD, NAIROBI COUNTY,NAIROBI
2719,,,JACKSON MUTAI,WESTLAND,,SCD, NAIROBI COUNTY,NAIROBI
2720,,,PAULINE KOKY,EMBAKASI,,SCD, NAIROBI COUNTY,NAIROBI
2721,,,FANICE CHESARI,KAMUKUJI,,SCD, NAIROBI COUNTY,NAIROBI
2722,,,SAUMU ABDALA,MAKADALA,,SCD, NAIROBI COUNTY,NAIROBI
2723,,,FAITH KANANA,STAREHE,,SCD, NAIROBI COUNTY,NAIROBI
2724,,,CAROLINE ADONGO,KIBRA,,SCD, NAIROBI COUNTY,NAIROBI
2725,,,JOSPHAT NDUNGU ,STAREHE,,CSO, NAIROBI COUNTY,NAIROBI
2726,,,JANE KURIA,WESTLAND,,CSO, NAIROBI COUNTY,NAIROBI
2727,,,JOYCE KARIMI,LANGATA,,CSO, NAIROBI COUNTY,NAIROBI
2728,,,YUNES ANGANYA,NJIRU,,CSO SNE, NAIROBI COUNTY,NAIROBI
2729,,,FARHIA KONTOMA,MAKADALA,,CSO, NAIROBI COUNTY,NAIROBI
2730,,,FERDINARD KYALO,KIBRA,,CSO, NAIROBI COUNTY,NAIROBI
2731,,,LILIAN NJAMUKU,STAREHE,,CSO, NAIROBI COUNTY,NAIROBI
2732,,,NAOMI KURIA,KASARANI,,CSO, NAIROBI COUNTY,NAIROBI
2733,,,JOYCE NYAWIRA,KASARANI,,CSO, NAIROBI COUNTY,NAIROBI
2734,,,ALICE NJERU,KAMUKUNJI,,CSO, NAIROBI COUNTY,NAIROBI
2735,,,MERCY NJENGA,EMBAKASI,,CSO SNE, NAIROBI COUNTY,NAIROBI
2736,,,JENIFFER MUSYOKA,MAKADALA,,CSO SNE, NAIROBI COUNTY,NAIROBI
2737,,,EDITH KIRUKI,NJIRU,,CSO, NAIROBI COUNTY,NAIROBI
2738,,,OLYMPIA NJUE,DAGORETTI,,CSO, NAIROBI COUNTY,NAIROBI
2739,,,RICHARD KIPTUM,KAMUKUNJI,,CSO SNE, NAIROBI COUNTY,NAIROBI
2740,,,BERNARD KISYANGA,STAREHE,,CSO SNE, NAIROBI COUNTY,NAIROBI
2741,,,MARTIN KIMANTHI,KIBRA,,CSO SNE, NAIROBI COUNTY,NAIROBI
2742,,,IRENE TAMBO,MAKADALA,,CSO, NAIROBI COUNTY,NAIROBI
2743,,,HILDAH OUNAH,MATHARE,,CSO, NAIROBI COUNTY,NAIROBI
2744,,,CATHERINE NDEDA,DAGOTTI NORTH,,CSO, NAIROBI COUNTY,NAIROBI
2745,,,ABIGAEL ANYANGO,EMBAKASI,,CSO, NAIROBI COUNTY,NAIROBI
2746,,,CATHERINE KIYAPI,WESTLAND,,CSO, NAIROBI COUNTY,NAIROBI
2747,,,SUSAN KWAYA,LANGATA,,CSO SNE, NAIROBI COUNTY,NAIROBI
2748,,,VALENTINE MUCHINA,MATHARE,,HRO , NAIROBI COUNTY,NAIROBI
2749,,,PETER MUNANGA,REGION,,HRO , NAIROBI COUNTY,NAIROBI
2750,,,FLORENCE MUCHIRI,REGION,,HRO , NAIROBI COUNTY,NAIROBI
2751,,,BK MANENO,REGION,,ADD, NAIROBI COUNTY,NAIROBI
2752,,,PAULINE KANGETHE,KASARANI,,HRO , NAIROBI COUNTY,NAIROBI
2753,,,DINAH ROTICH,WESTLAND,,CSO SNE, NAIROBI COUNTY,NAIROBI
2754,,,,,,, NAIROBI COUNTY,NAIROBI
2755,,,MERCY WAMBUA,KASARANI,,CSO SNE, NAIROBI COUNTY,NAIROBI
2756,,,LINDA KARWITHA,KAMUKUNJI,,HRO, NAIROBI COUNTY,NAIROBI
2757,,,ESTHER NDUNGU,KAMUKUNJI,,ADMN, NAIROBI COUNTY,NAIROBI
2758,,,MARY NJOROGE,LANGATA,,HRO, NAIROBI COUNTY,NAIROBI
2759,,,JACCKLIN MASESE,KAMUKUNJI,,HRO, NAIROBI COUNTY,NAIROBI
2760,711354,28642579,Jacqueline Njiraini,,,KIAMBU TEACHER,KIAMBU,CENTRAL
2761,697835,29607300,Lydia Nyaira,,,KIAMBU TEACHER,KIAMBU,CENTRAL
2762,543464,11028477,Patrick Wanyoro,,,KIAMBU TEACHER,KIAMBU,CENTRAL
2763,526007,23623902,Richard King'ori,,,KIAMBU TEACHER,KIAMBU,CENTRAL
2764,575249,25169349,Angeline Muli,,,KIAMBU TEACHER,KIAMBU,CENTRAL
2765,970517,33139957,Joseph Kimani,,,KIAMBU TEACHER,KIAMBU,CENTRAL
2766,886136,33207546,Martin Aroni,,,KIAMBU TEACHER,KIAMBU,CENTRAL
2767,523280,23527694,Stephen Njuguna,,,KIAMBU TEACHER,KIAMBU,CENTRAL
2768,1151141,41477587,Myra Kailutha,,,KIAMBU TEACHER,KIAMBU,CENTRAL
2769,1155078,39483360,Newton Masai,,,KIAMBU TEACHER,KIAMBU,CENTRAL
2770,1108133,39001849,Emma Muthoni,,,KIAMBU TEACHER,KIAMBU,CENTRAL
2771,586691,27939509,Benson Onyango,,,KIAMBU TEACHER,KIAMBU,CENTRAL
2772,445380,21873061,Naomi Kwamboka,,,KIAMBU TEACHER,KIAMBU,CENTRAL
2773,773346,32400682,Florence Mukonene,,,KIAMBU TEACHER,KIAMBU,CENTRAL
2774,1052848,37471278,Peter Gathanju,,,KIAMBU TEACHER,KIAMBU,CENTRAL
2775,505985,23625671,PETER KAMAU N.,,,KIAMBU TEACHER,KIAMBU,CENTRAL
2776,513441,22370914,PETER GITARI,,,KIAMBU TEACHER,KIAMBU,CENTRAL
2777,468153,12527409,SIMON NDUNGU M.,,,KIAMBU TEACHER,KIAMBU,CENTRAL
2778,671902,28391053,HELLEN WATHITHI W.,,,KIAMBU TEACHER,KIAMBU,CENTRAL
2779,556973,24652331,PERIS WATHITHA M.,,,KIAMBU TEACHER,KIAMBU,CENTRAL
2780,774963,30957250,NICHOLAS WANJIRU,,,KIAMBU TEACHER,KIAMBU,CENTRAL
2781,1024394,37102393,MICHAEL NDEGWA K.,,,KIAMBU TEACHER,KIAMBU,CENTRAL
2782,505345,21932323,TYRUS GATHOGO,,,KIAMBU TEACHER,KIAMBU,CENTRAL
2783,724596,29177386,JOHN MUTURI,,,KIAMBU TEACHER,KIAMBU,CENTRAL
2784,651215,27755846,ELWUD IRAKI G.,,,KIAMBU TEACHER,KIAMBU,CENTRAL
2785,705462,25145382,SAMUEL KIMANI K.,,,KIAMBU TEACHER,KIAMBU,CENTRAL
2786,777741,28967328,STEPHEN THAIRU,,,KIAMBU TEACHER,KIAMBU,CENTRAL
2787,505715,24131758,TABITHA WANGARI K.,,,KIAMBU TEACHER,KIAMBU,CENTRAL
2788,789665,29535606,LINDA NAVALAYO,,,KIAMBU TEACHER,KIAMBU,CENTRAL
2789,359227,10709682,FRANCIS KANYUGO N.,,,KIAMBU TEACHER,KIAMBU,CENTRAL
2790,485231,22992300,ESTHER WANGARI K.,,,KIAMBU TEACHER,KIAMBU,CENTRAL
2791,472620,22517566,ROBERT NTAGA,,,KIAMBU TEACHER,KIAMBU,CENTRAL
2792,703454,28506085,ESTHER MUTAHI,,,KIAMBU TEACHER,KIAMBU,CENTRAL
2793,604161,27725687,JOSEPH MAINA K.,,,KIAMBU TEACHER,KIAMBU,CENTRAL
2794,899703,29559855,KERVIN OWITI,,,KIAMBU TEACHER,KIAMBU,CENTRAL
2795,1010601,28008355,JOHN KAMUNDI MBIU,,,KIAMBU TEACHER,KIAMBU,CENTRAL
2796,888581,33109325,EZAKIEL OMWAMI KIVIHI,,,KIAMBU TEACHER,KIAMBU,CENTRAL
2797,817792,28385341,ISAAC MUYA NGANDU,,,KIAMBU TEACHER,KIAMBU,CENTRAL
2798,782575,32727017,OLIVER WAMACHARI MOMBO,,,KIAMBU TEACHER,KIAMBU,CENTRAL
2799,570108,27654941,RISPER MWENDE NJAGI,,,KIAMBU TEACHER,KIAMBU,CENTRAL
2800,1103294,29259597,NAOMI KARIMI WACHIRA,,,KIAMBU TEACHER,KIAMBU,CENTRAL
2801,836723,31826225,JOSEPH NDIRANGU,,,KIAMBU TEACHER,KIAMBU,CENTRAL
2802,906630,32771782,COLLINS OKOTH OTIENO,,,KIAMBU TEACHER,KIAMBU,CENTRAL
2803,872901,27529884,JOHN KIMANI KAMAU,,,KIAMBU TEACHER,KIAMBU,CENTRAL
2804,890424,30177665,CATHRINE WAMUYU MAINA,,,KIAMBU TEACHER,KIAMBU,CENTRAL
2805,736604,27293729,ERIC M WAMBUA,,,KIAMBU TEACHER,KIAMBU,CENTRAL
2806,1103644,38364040,BEATRICE WAMBUI MBURU,,,KIAMBU TEACHER,KIAMBU,CENTRAL
2807,1084955,27205780,PETER OTIENO BUORO,,,KIAMBU TEACHER,KIAMBU,CENTRAL
2808,822236,32104734,LUCY WANJIKU KIARIE,,,KIAMBU TEACHER,KIAMBU,CENTRAL
2809,850221,33231485,MERCY NJERI GITAU,,,KIAMBU TEACHER,KIAMBU,CENTRAL
2810,834429,31841132,DAVID KARANJA GITAU,,,KIAMBU TEACHER,KIAMBU,CENTRAL
2811,817131,33283825,NYAWIRA MAUREEN WAIRIMU,,,KIAMBU TEACHER,KIAMBU,CENTRAL
2812,969121,34145705,GLADYS WANJIRU MUNYUA,,,KIAMBU TEACHER,KIAMBU,CENTRAL
2813,785603,31428788,JAMES MBUGUA,,,KIAMBU TEACHER,KIAMBU,CENTRAL
2814,716669,30610284,ANASTACIA WAITHERA NGUGI,,,KIAMBU TEACHER,KIAMBU,CENTRAL
2815,1010457,35691857,SHARON JMUTHONI NJENGA ,,,KIAMBU TEACHER,KIAMBU,CENTRAL
2816,996259,35571509,MAUREEN KANGETHE,,,KIAMBU TEACHER,KIAMBU,CENTRAL
2817,970226,36330978,ALEX MOGUSU ANUNDA ,,,KIAMBU TEACHER,KIAMBU,CENTRAL
2818,947166,33523234,DOREEN NKIROTE ,,,KIAMBU TEACHER,KIAMBU,CENTRAL
2819,1005674,32419564,AGNES MUKAMI,,,KIAMBU TEACHER,KIAMBU,CENTRAL
2820,951729,34387990,MORRIS MAINA,,,KIAMBU TEACHER,KIAMBU,CENTRAL
2821,984287,33176640,WANJA KIRAGU MAINA,,,KIAMBU TEACHER,KIAMBU,CENTRAL
2822,967262,34715797,BONFACE SIRO,,,KIAMBU TEACHER,KIAMBU,CENTRAL
2823,956508,3672238,ESTHER WANGARI WAGAYA,,,KIAMBU TEACHER,KIAMBU,CENTRAL
2824,787183,31048070,TABITHA WAMBUI KAMAU,,,KIAMBU TEACHER,KIAMBU,CENTRAL
2825,967590,35697322,VIRGINIA WANGARI,,,KIAMBU TEACHER,KIAMBU,CENTRAL
2826,1041273,36076221,JONATHAN MUTHOKA,,,KIAMBU TEACHER,KIAMBU,CENTRAL
2827,787538,31375938,CALEB OPATI MUYENDO,,,KIAMBU TEACHER,KIAMBU,CENTRAL
2828,705243,30249236,CAROLINE NUNGARI WAMBUI,,,KIAMBU TEACHER,KIAMBU,CENTRAL
2829,848235,31657809,SAMSON AMIANI,,,KIAMBU TEACHER,KIAMBU,CENTRAL
2830,848729,31598469,WINFRED NJERI WAMUGUNDA,,,KIAMBU TEACHER,KIAMBU,CENTRAL
2831,1021766,35316428,NAMASAKA BRIAN,,,KIAMBU TEACHER,KIAMBU,CENTRAL
2832,791215,3064911,LENAH MUTISYA ,,,KIAMBU TEACHER,KIAMBU,CENTRAL
2833,933152,34113311,BETH KAGIGI,,,KIAMBU TEACHER,KIAMBU,CENTRAL
2834,995667,34219776,LYDIAH MUKIRI MPEKETHU,,,KIAMBU TEACHER,KIAMBU,CENTRAL
2835,766979,28674678,ELIZABETH WANJIKU ,,,KIAMBU TEACHER,KIAMBU,CENTRAL
2836,1034268,32226969,LUCY WAMAITHA GATHUNDO,,,KIAMBU TEACHER,KIAMBU,CENTRAL
2837,843912,28383496,JAMLECK NJOGU,,,KIAMBU TEACHER,KIAMBU,CENTRAL
2838,773974,31998877,CAROL KALONDU,,,KIAMBU TEACHER,KIAMBU,CENTRAL
2839,545790,23382637,JOYCE WANGUI MURIGI,,,KIAMBU TEACHER,KIAMBU,CENTRAL
2840,1024396,36938172,STELLAH MUGURE NJOROGE,,,KIAMBU TEACHER,KIAMBU,CENTRAL
2841,892869,33487017,DAMACLENE MAKENYE,,,KIAMBU TEACHER,KIAMBU,CENTRAL
2842,926732,33102678,PETER KIIRU WANJIRU,,,KIAMBU TEACHER,KIAMBU,CENTRAL
2843,941382,2844478,GABRIEL GIKERA,,,KIAMBU TEACHER,KIAMBU,CENTRAL
2844,709598,30030658,ANN WAIRIMU,,,KIAMBU TEACHER,KIAMBU,CENTRAL
2845,956950,35425882,JOHN GACHANGO,,,KIAMBU TEACHER,KIAMBU,CENTRAL
2846,981844,35858364,PATRICK NJOROGE KIRUTHI,,,KIAMBU TEACHER,KIAMBU,CENTRAL
2847,965789,36039092,FREDRICK OLOO,,,KIAMBU TEACHER,KIAMBU,CENTRAL
2848,864137,31039535,LAWI IGUKU NJERI,,,KIAMBU TEACHER,KIAMBU,CENTRAL
2849,847134,33038370,MOSES WAINAINAM CHEGE,,,KIAMBU TEACHER,KIAMBU,CENTRAL
2850,853303,27875769,DAVID NGARARI,,,KIAMBU TEACHER,KIAMBU,CENTRAL
2851,958045,30280098,CAROL KATHURE,,,KIAMBU TEACHER,KIAMBU,CENTRAL
2852,949074,33210831,BONIFACE MBUGUA,,,KIAMBU TEACHER,KIAMBU,CENTRAL
2853,871730,33355098,DENIS MUNENE,,,KIAMBU TEACHER,KIAMBU,CENTRAL
2854,971302,33658674,MOTARI ONINGO ROBERT,,,KIAMBU TEACHER,KIAMBU,CENTRAL
2855,867757,33075546,ANTHONY GITAU,,,KIAMBU TEACHER,KIAMBU,CENTRAL
2856,971302,36942292,GABRIEL GITAU WACEKE,,,KIAMBU TEACHER,KIAMBU,CENTRAL
2857,941300,33115105,JACINTA WANJIRU NGINYA,,,KIAMBU TEACHER,KIAMBU,CENTRAL
2858,775596,31384708,EMMANUEL MURIUNGI,,,KIAMBU TEACHER,KIAMBU,CENTRAL
2859,892871,9967494,LINET KWANBOKA NYAMBATI,,,KIAMBU TEACHER,KIAMBU,CENTRAL
2860,847849,35393681,KELVIN SAYYID,,,KIAMBU TEACHER,KIAMBU,CENTRAL
2861,977126,33184523,WYCLIFFE ONYIEGO,,,KIAMBU TEACHER,KIAMBU,CENTRAL
2862,799944,32549271,DORCAS MBURU,,,KIAMBU TEACHER,KIAMBU,CENTRAL
2863,980923,30074599,SOPHIA WANGUI,,,KIAMBU TEACHER,KIAMBU,CENTRAL
2864,984096,33596783,FRANCIS KIMWAKI,,,KIAMBU TEACHER,KIAMBU,CENTRAL
2865,915857,35148461,GRACE MWANGI,,,KIAMBU TEACHER,KIAMBU,CENTRAL
2866,830785,30872785,WILSON BOGE,,,KIAMBU TEACHER,KIAMBU,CENTRAL
2867,888901,33205377,JOHN NGUNJIRI,,,KIAMBU TEACHER,KIAMBU,CENTRAL
2868,967695,28046156,BERNARD KIMANI ,,,KIAMBU TEACHER,KIAMBU,CENTRAL
2869,984021,30756759,DAVID GICHUKI KARIUKI,,,KIAMBU TEACHER,KIAMBU,CENTRAL
2870,875042,30553036,LAMBAINO KIPROP,,,KIAMBU TEACHER,KIAMBU,CENTRAL
2871,1024630,33543294,EVELYNE WAMAITHA GITAU,,,KIAMBU TEACHER,KIAMBU,CENTRAL
2872,888725,34552348,IRINE MUHEMBI,,,KIAMBU TEACHER,KIAMBU,CENTRAL
2873,889962,33527255,DAVID JUMA,,,KIAMBU TEACHER,KIAMBU,CENTRAL
2874,797577,30715626,DORRIS MBOGO,,,KIAMBU TEACHER,KIAMBU,CENTRAL
2875,882960,32772628,MARTHA MUTURI,,,KIAMBU TEACHER,KIAMBU,CENTRAL
2876,844264,32188021,STEPHEN GITHUMBI NYAGA,,,KIAMBU TEACHER,KIAMBU,CENTRAL
2877,951619,31380864,DAVID MUGAI,,,KIAMBU TEACHER,KIAMBU,CENTRAL
2878,958421,33416742,NICHOLAS MWENDIA KAMOYO,,,KIAMBU TEACHER,KIAMBU,CENTRAL
2879,843517,32944252,MERCY AUMA ,,,KIAMBU TEACHER,KIAMBU,CENTRAL
2880,945568,34226680,GEORGE KIMANI WANJIRU,,,KIAMBU TEACHER,KIAMBU,CENTRAL
2881,914404,33177368,SIMON NGUNDI,,,KIAMBU TEACHER,KIAMBU,CENTRAL
2882,975812,32977328,FELISTUS WAMBUI NJOGU,,,KIAMBU TEACHER,KIAMBU,CENTRAL
2883,887553,32385954,ISAAC JUMA,,,KIAMBU TEACHER,KIAMBU,CENTRAL
2884,973962,35926280,GEOGE OMBATI,,,KIAMBU TEACHER,KIAMBU,CENTRAL
2885,970937,35834869,CAROLINE MWELU,,,KIAMBU TEACHER,KIAMBU,CENTRAL
2886,920849,34359231,VICTOR MUHINDI,,,KIAMBU TEACHER,KIAMBU,CENTRAL
2887,914475,33350687,BRIAN ORENDO,,,KIAMBU TEACHER,KIAMBU,CENTRAL
2888,959897,36359701,EMMAH WANJIRU,,,KIAMBU TEACHER,KIAMBU,CENTRAL
2889,971850,27955270,MARY NJOROGE,,,KIAMBU TEACHER,KIAMBU,CENTRAL
2890,913139,31140216,JANE NUNGARI,,,KIAMBU TEACHER,KIAMBU,CENTRAL
2891,983742,33139486,GEOFREY OGUTU,,,KIAMBU TEACHER,KIAMBU,CENTRAL
2892,972084,36498122,KELVIN OKOTH ,,,KIAMBU TEACHER,KIAMBU,CENTRAL
2893,634620,30357888,ANN MORAA,,,KIAMBU TEACHER,KIAMBU,CENTRAL
2894,668914,30031161,LUCY NYOKABI KIMANI,,,KIAMBU TEACHER,KIAMBU,CENTRAL
2895,925682,35042432,JAMES NGANGA NJIRAINI,,,KIAMBU TEACHER,KIAMBU,CENTRAL
2896,985093,34901882,MOURICE SAMBAYA,,,KIAMBU TEACHER,KIAMBU,CENTRAL
2897,1016968,36726829,SCHOLASTICA WANJIRU,,,KIAMBU TEACHER,KIAMBU,CENTRAL
2898,708734,31763162,JOHN MBATIA NJENGA,,,KIAMBU TEACHER,KIAMBU,CENTRAL
2899,879971,34368418,EUNICE MUTURI,,,KIAMBU TEACHER,KIAMBU,CENTRAL
2900,879634,30493046,ISAIAH ONSERIO,,,KIAMBU TEACHER,KIAMBU,CENTRAL
2901,897783,30978826,Shem Ndegwa,,,KIAMBU TEACHER,KIAMBU,CENTRAL
2902,885211,32860151,Maureen Makena,,,KIAMBU TEACHER,KIAMBU,CENTRAL
2903,968987,33845157,Daniel Ndumbi,,,KIAMBU TEACHER,KIAMBU,CENTRAL
2904,926855,31399063,Samuel Gitau,,,KIAMBU TEACHER,KIAMBU,CENTRAL
2905,864234,33023539,Sofia Kimanga,,,KIAMBU TEACHER,KIAMBU,CENTRAL
2906,932279,31479150,Mary Muriithi,,,KIAMBU TEACHER,KIAMBU,CENTRAL
2907,878705,30955179,Irene Mwangi,,,KIAMBU TEACHER,KIAMBU,CENTRAL
2908,891311,32373201,Elizabeth Kimani,,,KIAMBU TEACHER,KIAMBU,CENTRAL
2909,823558,30818704,Brian Mbugua,,,KIAMBU TEACHER,KIAMBU,CENTRAL
2910,914757,34275767,Lewis Njoroge,,,KIAMBU TEACHER,KIAMBU,CENTRAL
2911,1028600,38942101,Tabitha Gathoni,,,KIAMBU TEACHER,KIAMBU,CENTRAL
2912,943361,33228668,Joseph Ngure,,,KIAMBU TEACHER,KIAMBU,CENTRAL
2913,1007128,33230533,Ruth Njeri,,,KIAMBU TEACHER,KIAMBU,CENTRAL
2914,1033713,35546729,Denis Munene,,,KIAMBU TEACHER,KIAMBU,CENTRAL
2915,993750,31974967,John Otieno,,,KIAMBU TEACHER,KIAMBU,CENTRAL
2916,676002,28639763,George Githara,,,KIAMBU TEACHER,KIAMBU,CENTRAL
2917,978190,35584091,John Njuguna,,,KIAMBU TEACHER,KIAMBU,CENTRAL
2918,859129,32581969,Agnes Maina,,,KIAMBU TEACHER,KIAMBU,CENTRAL
2919,903297,32990224,Lenah Ntinyari,,,KIAMBU TEACHER,KIAMBU,CENTRAL
2920,1065025,38882482,Stephene Isaboke Onkware,,,KIAMBU TEACHER,KIAMBU,CENTRAL
2921,876922,34411851,Samuel Mwicigi ,,,KIAMBU TEACHER,KIAMBU,CENTRAL
2922,813821,32399727,John Thuo Kibiro,,,KIAMBU TEACHER,KIAMBU,CENTRAL
2923,979063,36215370,Brian Omwamba Gekonge,,,KIAMBU TEACHER,KIAMBU,CENTRAL
2924,929394,31835980,Hilda Muthoni ,,,KIAMBU TEACHER,KIAMBU,CENTRAL
2925,989328,32788543,Kelvin Abuga,,,KIAMBU TEACHER,KIAMBU,CENTRAL
2926,864336,33137709,Abigael Nyende,,,KIAMBU TEACHER,KIAMBU,CENTRAL
2927,881041,29399842,Dennis Migosi Onchera,,,KIAMBU TEACHER,KIAMBU,CENTRAL
2928,905984,32012952,Christine wanja Ndegwa,,,KIAMBU TEACHER,KIAMBU,CENTRAL
2929,856975,32387399,Racheal Nekesa,,,KIAMBU TEACHER,KIAMBU,CENTRAL
2930,842016,32002860,Martha Njeri ,,,KIAMBU TEACHER,KIAMBU,CENTRAL
2931,966028,34387693,Erastus Chesir,,,KIAMBU TEACHER,KIAMBU,CENTRAL
2932,728036,30632274,Solomon Ambani,,,KIAMBU TEACHER,KIAMBU,CENTRAL
2933,868250,33348343,Geoffrey Nyamora,,,KIAMBU TEACHER,KIAMBU,CENTRAL
2934,811503,29379750,Tabitha Njeri Gathoni,,,KIAMBU TEACHER,KIAMBU,CENTRAL
2935,923530,34454736,Alex Wainaina ,,,KIAMBU TEACHER,KIAMBU,CENTRAL
2936,768448,26156488,Eunice Wanjiku,,,KIAMBU TEACHER,KIAMBU,CENTRAL
2937,861570,32442277,Walter Nyamweya ,,,KIAMBU TEACHER,KIAMBU,CENTRAL
2938,776832,29506160,BRIAN OTIENO,,,KIAMBU TEACHER,KIAMBU,CENTRAL
2939,867252,23660906,ERICK OTIENO,,,KIAMBU TEACHER,KIAMBU,CENTRAL
2940,996448,32077849,MAUREEN WANGUI,,,KIAMBU TEACHER,KIAMBU,CENTRAL
2941,1056273,39003153,NEWTON MBUGUA,,,KIAMBU TEACHER,KIAMBU,CENTRAL
2942,922787,30816866,ZILIPA NDAKALU,,,KIAMBU TEACHER,KIAMBU,CENTRAL
2943,996326,37612253,JULIETMOITUI,,,KIAMBU TEACHER,KIAMBU,CENTRAL
2944,908478,33035080,MARTIN MUTUGI,,,KIAMBU TEACHER,KIAMBU,CENTRAL
2945,1029963,35931482,ESTHER NGAITHE,,,KIAMBU TEACHER,KIAMBU,CENTRAL
2946,902258,32432294,FAITH NJENGA,,,KIAMBU TEACHER,KIAMBU,CENTRAL
2947,979838,23648352,PETER NGIGE,,,KIAMBU TEACHER,KIAMBU,CENTRAL
2948,1066446,37976583,SYLVIA NEKESA,,,KIAMBU TEACHER,KIAMBU,CENTRAL
2949,982332,34008339,JOSEPH KAMAU,,,KIAMBU TEACHER,KIAMBU,CENTRAL
2950,897813,32429041,HILAN MUNENE,,,KIAMBU TEACHER,KIAMBU,CENTRAL
2951,1026925,34166424,ANN NJERI,,,KIAMBU TEACHER,KIAMBU,CENTRAL
2952,933481,34855916,VINCENT K. KOECH,,,KIAMBU TEACHER,KIAMBU,CENTRAL
2953,990348,3588925,MARY MUTHONI,,,KIAMBU TEACHER,KIAMBU,CENTRAL
2954,694808,30731359,CHARITY NGETICH,,,KIAMBU TEACHER,KIAMBU,CENTRAL
2955,1087546,35841941,FLORENCE WANJIRU,,,KIAMBU TEACHER,KIAMBU,CENTRAL
2956,814363,31938357,HARIET SUDI,,,KIAMBU TEACHER,KIAMBU,CENTRAL
2957,1001708,33785766,JULIAS OJWANG,,,KIAMBU TEACHER,KIAMBU,CENTRAL
2958,801779,31679214,IMMACULATE KEMUNTO,,,KIAMBU TEACHER,KIAMBU,CENTRAL
2959,816189,31855130,MERCY LORNA,,,KIAMBU TEACHER,KIAMBU,CENTRAL
2960,718968,29291699,BOB NJAU NJAGI,,,KIAMBU TEACHER,KIAMBU,CENTRAL
2961,864316,32066086,BENSON GITAU MUGO,,,KIAMBU TEACHER,KIAMBU,CENTRAL
2962,1022105,35981275,IVONE CHELANGAT,,,KIAMBU TEACHER,KIAMBU,CENTRAL
2963,1016419,37925054,FAITH MWENDWA MWITI,,,KIAMBU TEACHER,KIAMBU,CENTRAL
2964,981136,35247171,BON OKUMU,,,KIAMBU TEACHER,KIAMBU,CENTRAL
2965,974711,35715766,BONIFACE NYAKUNDI,,,KIAMBU TEACHER,KIAMBU,CENTRAL
2966,888613,33244346,JOSEPH MBUGUA KIRUGA,,,KIAMBU TEACHER,KIAMBU,CENTRAL
2967,939620,32512846,GUYLORD JUMA,,,KIAMBU TEACHER,KIAMBU,CENTRAL
2968,1097403,39282297,EPHANTUS NJAU,,,KIAMBU TEACHER,KIAMBU,CENTRAL
2969,1020319,35287739,HANNAH NDUTA,,,KIAMBU TEACHER,KIAMBU,CENTRAL
2970,895980,33482240,MAGRET MBUGUA,,,KIAMBU TEACHER,KIAMBU,CENTRAL
2971,766422,30694660,MAGRET NYAKERARIO,,,KIAMBU TEACHER,KIAMBU,CENTRAL
2972,816035,33364470,CAUDESIA NJIRU,,,KIAMBU TEACHER,KIAMBU,CENTRAL
2973,871401,34148469,FAITH MALI DAVID,,,KIAMBU TEACHER,KIAMBU,CENTRAL
2974,974719,33391199,FRANCIS NJOROGE,,,KIAMBU TEACHER,KIAMBU,CENTRAL
2975,975981,33852688,SHIMRON MWAZO,,,KIAMBU TEACHER,KIAMBU,CENTRAL
2976,1006950,33081814,DANIEL NDUNGI,,,KIAMBU TEACHER,KIAMBU,CENTRAL
2977,782939,29445217,COLLETAH KATUMO,,,KIAMBU TEACHER,KIAMBU,CENTRAL
2978,970641,28555597,ANN WAMBUI,,,KIAMBU TEACHER,KIAMBU,CENTRAL
2979,535779,31497217,DEBORAH KERUBO,,,KIAMBU TEACHER,KIAMBU,CENTRAL
2980,804747,31879423,PURITY KENDI,,,KIAMBU TEACHER,KIAMBU,CENTRAL
2981,813987,31842229,OBED MOSE MASIOGE ,,,KIAMBU TEACHER,KIAMBU,CENTRAL
2982,989092,26628983,DICKSON WANYAMA,,,KIAMBU TEACHER,KIAMBU,CENTRAL
2983,795143,31263230,LONAH GATITU WANGECI,,,KIAMBU TEACHER,KIAMBU,CENTRAL
2984,971800,33867510,PETER OBARE,,,KIAMBU TEACHER,KIAMBU,CENTRAL
2985,821051,29994341,JEEMREEVES STIMA,,,KIAMBU TEACHER,KIAMBU,CENTRAL
2986,677609,29462164,SARAH NGACHA,,,KIAMBU TEACHER,KIAMBU,CENTRAL
2987,776432,29123792,JAMLICK MURIUNGI,,,KIAMBU TEACHER,KIAMBU,CENTRAL
2988,953232,34390650,SARAH BONARERI,,,KIAMBU TEACHER,KIAMBU,CENTRAL
2989,979834,36988598,CAROLINE KURUMA,,,KIAMBU TEACHER,KIAMBU,CENTRAL
2990,671522,28401246,FREDRICK WAWERU,,,KIAMBU TEACHER,KIAMBU,CENTRAL
2991,956621,333181093,ENFRY MUTUMA,,,KIAMBU TEACHER,KIAMBU,CENTRAL
2992,654473,27613795,ELIZABETH NDIRANGU,,,KIAMBU TEACHER,KIAMBU,CENTRAL
2993,926013,28637594,MONICAH WAMBUI,,,KIAMBU TEACHER,KIAMBU,CENTRAL
2994,886627,33917048,BRENDA TEMKO,,,KIAMBU TEACHER,KIAMBU,CENTRAL
2995,821921,31548904,EMILY NYABOKE ,,,KIAMBU TEACHER,KIAMBU,CENTRAL
2996,748417,31747403,BERTILLA OYUNGE,,,KIAMBU TEACHER,KIAMBU,CENTRAL
2997,798336,30450146,CAREEN KWAMBOKA ,,,KIAMBU TEACHER,KIAMBU,CENTRAL
2998,1061995,34892069,SIMON KIMEMIA,,,KIAMBU TEACHER,KIAMBU,CENTRAL
2999,815206,29392866,TITUS NDINGU,,,KIAMBU TEACHER,KIAMBU,CENTRAL
3000,823297,30478223,JESCAH WERE,,,KIAMBU TEACHER,KIAMBU,CENTRAL
3001,830530,34519542,MERCY IGANDU,,,KIAMBU TEACHER,KIAMBU,CENTRAL
3002,916225,31673111,JOHN MURIITHI,,,KIAMBU TEACHER,KIAMBU,CENTRAL
3003,870492,32926910,BENARD ANDALA,,,KIAMBU TEACHER,KIAMBU,CENTRAL
3004,846245,33259595,WILSON WAITHAKA,,,KIAMBU TEACHER,KIAMBU,CENTRAL
3005,1020494,37006004,JOHN EKAI,,,KIAMBU TEACHER,KIAMBU,CENTRAL
3006,815906,32721841,BRENDA KARIMI,,,KIAMBU TEACHER,KIAMBU,CENTRAL
3007,999508,30029178,DANIEL NJOROGE,,,KIAMBU TEACHER,KIAMBU,CENTRAL
3008,834665,31313065,DAVID OSANO,,,KIAMBU TEACHER,KIAMBU,CENTRAL
3009,828278,32039042,JULIA MUCHAI,,,KIAMBU TEACHER,KIAMBU,CENTRAL
3010,889126,31267220,MOSES MUNGAI,,,KIAMBU TEACHER,KIAMBU,CENTRAL
3011,918697,32980731,ENATHA MULAMU,,,KIAMBU TEACHER,KIAMBU,CENTRAL
3012,827947,29410496,JOHNSON MBUGUA,,,KIAMBU TEACHER,KIAMBU,CENTRAL
3013,719773,31247619,DANIEL MULEI,,,KIAMBU TEACHER,KIAMBU,CENTRAL
3014,1030293,36015735,SHARON MURUTHI,,,KIAMBU TEACHER,KIAMBU,CENTRAL
3015,873210,35082482,SARAH MUGUKU,,,KIAMBU TEACHER,KIAMBU,CENTRAL
3016,865902,26329563,JULIUS NDUATI,,,KIAMBU TEACHER,KIAMBU,CENTRAL
3017,775837,31887059,CHRISTINE MWANGI,,,KIAMBU TEACHER,KIAMBU,CENTRAL
3018,1026808,37349279,CAROLINE WAIRIMU,,,KIAMBU TEACHER,KIAMBU,CENTRAL
3019,946512,35884067,JANE MILLICENT MUMBI,,,KIAMBU TEACHER,KIAMBU,CENTRAL
3020,666573,27817443,SILVERIA RUGURU,,,KIAMBU TEACHER,KIAMBU,CENTRAL
3021,752104,31856086,MERCY MWAURA,,,KIAMBU TEACHER,KIAMBU,CENTRAL
3022,912822,32294157,MERCY KARIUKI,,,KIAMBU TEACHER,KIAMBU,CENTRAL
3023,938249,335393,CAROLINE WANJIKU,,,KIAMBU TEACHER,KIAMBU,CENTRAL
3024,1012051,30172228,ANNA NGENDO,,,KIAMBU TEACHER,KIAMBU,CENTRAL
3025,807467,31991217,Caroline Kambua Busolo ,,,KIAMBU TEACHER,KIAMBU,CENTRAL
3026,957856,30512336,Henry Gatitu,,,KIAMBU TEACHER,KIAMBU,CENTRAL
3027,1014823,33224340,serah Njeri,,,KIAMBU TEACHER,KIAMBU,CENTRAL
3028,929685,33458165,Josephine Wanjira,,,KIAMBU TEACHER,KIAMBU,CENTRAL
3029,620996,27862810,John Chege,,,KIAMBU TEACHER,KIAMBU,CENTRAL
3030,881723,33502848,Faith Martha Mwangi,,,KIAMBU TEACHER,KIAMBU,CENTRAL
3031,893780,32516517,Sinaida Nipher Silah,,,KIAMBU TEACHER,KIAMBU,CENTRAL
3032,704755,28932393, Beatrice Wanjiru Njoroge,,,KIAMBU TEACHER,KIAMBU,CENTRAL
3033,990745,35189058,Evaline Wairimu,,,KIAMBU TEACHER,KIAMBU,CENTRAL
3034,902870,32079217,Antony Kariuki,,,KIAMBU TEACHER,KIAMBU,CENTRAL
3035,926844,34370788,Dorcas Isundwa,,,KIAMBU TEACHER,KIAMBU,CENTRAL
3036,915694,35010012,Lisper Ong'uti,,,KIAMBU TEACHER,KIAMBU,CENTRAL
3037,934964,34238540,Alvia Otieno,,,KIAMBU TEACHER,KIAMBU,CENTRAL
3038,981442,33034548,Agnes Wanjiku Wangeci,,,KIAMBU TEACHER,KIAMBU,CENTRAL
3039,815438,29471954,Loise Gathuiya Boro,,,KIAMBU TEACHER,KIAMBU,CENTRAL
3040,809292,27260800,Dylis Kariuki,,,KIAMBU TEACHER,KIAMBU,CENTRAL
3041,836610,31532527,Lilian Wanjiru Wachira,,,KIAMBU TEACHER,KIAMBU,CENTRAL
3042,809973,29705438,Teresiah Wambui Gacuiri,,,KIAMBU TEACHER,KIAMBU,CENTRAL
3043,906821,32763104,Dennis Mutie Mwinza,,,KIAMBU TEACHER,KIAMBU,CENTRAL
3044,813663,30259233,Jessica Moraa,,,KIAMBU TEACHER,KIAMBU,CENTRAL
3045,825897,25743127,Euphresia Kageha,,,KIAMBU TEACHER,KIAMBU,CENTRAL
3046,730102,30248978,James Mbae,,,KIAMBU TEACHER,KIAMBU,CENTRAL
3047,957893,33514839,Grace Mwihaki,,,KIAMBU TEACHER,KIAMBU,CENTRAL
3048,101099,34219102,Winnie Omwenga,,,KIAMBU TEACHER,KIAMBU,CENTRAL
3049,836405,33309168,Faith Gacheri,,,KIAMBU TEACHER,KIAMBU,CENTRAL
3050,815082,35467172,Benjami Kimeu,,,KIAMBU TEACHER,KIAMBU,CENTRAL
3051,751094,32346560,Joyce Njeri,,,KIAMBU TEACHER,KIAMBU,CENTRAL
3052,878075,33425933,Peter Gitau,,,KIAMBU TEACHER,KIAMBU,CENTRAL
3053,929650,32948854,Samuel Kangethe,,,KIAMBU TEACHER,KIAMBU,CENTRAL
3054,836783,32380012,Amos Okwako,,,KIAMBU TEACHER,KIAMBU,CENTRAL
3055,934439,35861256,Philomena Chepngeno,,,KIAMBU TEACHER,KIAMBU,CENTRAL
3056,971276,35903980,Jane Waithera,,,KIAMBU TEACHER,KIAMBU,CENTRAL
3057,1011059,31331199,Edmond Wesonga,,,KIAMBU TEACHER,KIAMBU,CENTRAL
3058,720035,28421994,Lewis Muthuri,,,KIAMBU TEACHER,KIAMBU,CENTRAL
3059,896727,34185311,Lavender Duma,,,KIAMBU TEACHER,KIAMBU,CENTRAL
3060,751427,31571956,Joseph Mauti,,,KIAMBU TEACHER,KIAMBU,CENTRAL
3061,970370,31886847,Chris Gachema,,,KIAMBU TEACHER,KIAMBU,CENTRAL
3062,802026,30484687,Mary Migwi,,,KIAMBU TEACHER,KIAMBU,CENTRAL
3063,986032,35665919,Brian Kagia,,,KIAMBU TEACHER,KIAMBU,CENTRAL
3064,1081519,37865868,Shallon Njuguna,,,KIAMBU TEACHER,KIAMBU,CENTRAL
3065,1077886,38004715,Esther Njeri,,,KIAMBU TEACHER,KIAMBU,CENTRAL
3066,1013321,36914739,Lawrence Nyaga,,,KIAMBU TEACHER,KIAMBU,CENTRAL
3067,725778,29190431,PURITY LUTOMIA WAMUKOTA,,,KIAMBU TEACHER,KIAMBU,CENTRAL
3068,902527,34120247,Peter Thiong'o,,,KIAMBU TEACHER,KIAMBU,CENTRAL
3069,919335,32220133,BONIFACE OBINO ONYANCHA,,,KIAMBU TEACHER,KIAMBU,CENTRAL
3070,919920,33326140,Chelagat Maureen,,,KIAMBU TEACHER,KIAMBU,CENTRAL
3071,989210,33835139,Grace Wayua Mutiso,,,KIAMBU TEACHER,KIAMBU,CENTRAL
3072,978952,37020891,Erastus Turuka Obara,,,KIAMBU TEACHER,KIAMBU,CENTRAL
3073,912690,28716904,Hesbon Araka Omariba,,,KIAMBU TEACHER,KIAMBU,CENTRAL
3074,726070,29830156,Jared Mose,,,KIAMBU TEACHER,KIAMBU,CENTRAL
3075,786240,30594311,Langat Geoffrey,,,KIAMBU TEACHER,KIAMBU,CENTRAL
3076,989440,35554565,Grace Nyatigo,,,KIAMBU TEACHER,KIAMBU,CENTRAL
3077,946573,29175437,Simon Mwangi Kinyanjui,,,KIAMBU TEACHER,KIAMBU,CENTRAL
3078,968059,29358908,Evans Masinde,,,KIAMBU TEACHER,KIAMBU,CENTRAL
3079,930653,34481679,Ben Odhiambo John,,,KIAMBU TEACHER,KIAMBU,CENTRAL
3080,862107,33400811,Miriam Onsongo,,,KIAMBU TEACHER,KIAMBU,CENTRAL
3081,1049898,35677476,Jane Wambui,,,KIAMBU TEACHER,KIAMBU,CENTRAL
3082,1061975,38638996,Alex Munene Mwangi,,,KIAMBU TEACHER,KIAMBU,CENTRAL
3083,879413,31863407,Gentrix Mukoya Luchina,,,KIAMBU TEACHER,KIAMBU,CENTRAL
3084,1033825,37330223,Leah Muthandi,,,KIAMBU TEACHER,KIAMBU,CENTRAL
3085,773700,29656103,Samuel Irungu,,,KIAMBU TEACHER,KIAMBU,CENTRAL
3086,886783,32968224,Ishmael Ngari,,,KIAMBU TEACHER,KIAMBU,CENTRAL
3087,840479,29315299,Henry Masika,,,KIAMBU TEACHER,KIAMBU,CENTRAL
3088,709556,29377246,JUSTINE MURIMI,,,KIAMBU TEACHER,KIAMBU,CENTRAL
3089,719343,29873283,PETER IRERI,,,KIAMBU TEACHER,KIAMBU,CENTRAL
3090,549926,24695690,LUCAS NGANGA,,,KIAMBU TEACHER,KIAMBU,CENTRAL
3091,833178,29765243,GLADWELL ESTHER,,,KIAMBU TEACHER,KIAMBU,CENTRAL
3092,508293,23664486,CAROLINE NUMA,,,KIAMBU TEACHER,KIAMBU,CENTRAL
3093,657364,29590594,GEOFREY MAINA,,,KIAMBU TEACHER,KIAMBU,CENTRAL
3094,579912,26410396,ABRAHAM KAMAU,,,KIAMBU TEACHER,KIAMBU,CENTRAL
3095,735720,30998968,FLORENCE GACHERU,,,KIAMBU TEACHER,KIAMBU,CENTRAL
3096,861034,33141528,JAMES GIKONYE,,,KIAMBU TEACHER,KIAMBU,CENTRAL
3097,497743,21814916,Stephen Ngugi,,,KIAMBU TEACHER,KIAMBU,CENTRAL
3098,657252,27477035,Naftaly Choge,,,KIAMBU TEACHER,KIAMBU,CENTRAL
3099,471277,29905743,Eros Wambui,,,KIAMBU TEACHER,KIAMBU,CENTRAL
3100,665335,26110026,Millicent Njeru,,,KIAMBU TEACHER,KIAMBU,CENTRAL
3101,770018,28400037,Regina Kaganjo,,,KIAMBU TEACHER,KIAMBU,CENTRAL
3102,567029,27512813,Carlyn Muttoni,,,KIAMBU TEACHER,KIAMBU,CENTRAL
3103,681576,2792605,Dorcas Mwangi,,,KIAMBU TEACHER,KIAMBU,CENTRAL
3104,965109,32089429,Alex Tanui,,,KIAMBU TEACHER,KIAMBU,CENTRAL
3105,406075,11555723,Yonah Obwoge,,,KIAMBU TEACHER,KIAMBU,CENTRAL
3106,540925,25157251,Joseph Murimi,,,KIAMBU TEACHER,KIAMBU,CENTRAL
3107,1072164,39176905,Jacinta Nyagia,,,KIAMBU TEACHER,KIAMBU,CENTRAL
3108,585900,25986376,Eunice Kangethe,,,KIAMBU TEACHER,KIAMBU,CENTRAL
3109,547407,24733074,Hilda Wangu,,,KIAMBU TEACHER,KIAMBU,CENTRAL
3110,841064,32177613,Eunice Maingi,,,KIAMBU TEACHER,KIAMBU,CENTRAL
3111,974981,33570897,Adamu Karavuli,,,KIAMBU TEACHER,KIAMBU,CENTRAL
3112,559071,23180939,Peter Kanani,,,KIAMBU TEACHER,KIAMBU,CENTRAL
3113,24567245,574595,Sammy Karanja,,,KIAMBU TEACHER,KIAMBU,CENTRAL
3114,556943,24648024,Michael Mwanga,,,KIAMBU TEACHER,KIAMBU,CENTRAL
3115,635711,27371232,Peter Mutia,,,KIAMBU TEACHER,KIAMBU,CENTRAL
3116,801930,34235407,Michael Macharia,,,KIAMBU TEACHER,KIAMBU,CENTRAL
3117,917842,33672931,Dennis Kanyani,,,KIAMBU TEACHER,KIAMBU,CENTRAL
3118,771694,30688389,Mbochi Malachi,,,KIAMBU TEACHER,KIAMBU,CENTRAL
3119,470755,22579110,John Gacheba,,,KIAMBU TEACHER,KIAMBU,CENTRAL
3120,472986,20850116,David Mbaabu,,,KIAMBU TEACHER,KIAMBU,CENTRAL
3121,785732,31877244,Kennedy Kabachi,,,KIAMBU TEACHER,KIAMBU,CENTRAL
3122,848665,30363685,Alfred Cherop,,,KIAMBU TEACHER,KIAMBU,CENTRAL
3123,854225,29227038,Antony Irungu,,,KIAMBU TEACHER,KIAMBU,CENTRAL
3124,"815,344",27554615,Jared Ongwenyi,,,KIAMBU TEACHER,KIAMBU,CENTRAL
3125,"101,188",37096111,Patrick Waka,,,KIAMBU TEACHER,KIAMBU,CENTRAL
3126,"104,141",36981580,Everlyne Muthoni,,,KIAMBU TEACHER,KIAMBU,CENTRAL
3127,"993,645",32268749,Loise Wanjiru,,,KIAMBU TEACHER,KIAMBU,CENTRAL
3128,"934,885",34215906,Charity Ng'ang'a,,,KIAMBU TEACHER,KIAMBU,CENTRAL
3129,"825,666",31629913,Salome Kamau,,,KIAMBU TEACHER,KIAMBU,CENTRAL
3130,"113,837",37219492,Jairus Mutange,,,KIAMBU TEACHER,KIAMBU,CENTRAL
3131,"109,750",31126731,Wambua Paul Mulinge,,,KIAMBU TEACHER,KIAMBU,CENTRAL
3132,"109,492",32426385,Jesse Keith,,,KIAMBU TEACHER,KIAMBU,CENTRAL
3133,"952,303",34466219,Jane Wairimu Wainaina,,,KIAMBU TEACHER,KIAMBU,CENTRAL
3134,"106,036",36916524,Stephen Owiti,,,KIAMBU TEACHER,KIAMBU,CENTRAL
3135,"941,176",33541652,Naomi Wanjiku,,,KIAMBU TEACHER,KIAMBU,CENTRAL
3136,"755,066",32412452,Gladys Gathoni,,,KIAMBU TEACHER,KIAMBU,CENTRAL
3137,"103,702",37236006,Rayford Njeru,,,KIAMBU TEACHER,KIAMBU,CENTRAL
3138,"103,229",34358492,Victor Kerima,,,KIAMBU TEACHER,KIAMBU,CENTRAL
3139,"108,063",1080635,Ruth Syonzau,,,KIAMBU TEACHER,KIAMBU,CENTRAL
3140,"998,911",27417391,Ida Kageni,,,KIAMBU TEACHER,KIAMBU,CENTRAL
3141,"101,272",36052990,Margret Mbithe,,,KIAMBU TEACHER,KIAMBU,CENTRAL
3142,"964,020",37613003,Susan Wahinya,,,KIAMBU TEACHER,KIAMBU,CENTRAL
3143,"995,381",33022592,Francis Muiruri,,,KIAMBU TEACHER,KIAMBU,CENTRAL
3144,"101,532",33546281,Esther Maina,,,KIAMBU TEACHER,KIAMBU,CENTRAL
3145,530802,25323917,PETER MAINA MWANGI,,,KIAMBU TEACHER,KIAMBU,CENTRAL
3146,605034,25204962,CHRIS KIHARA NYOKABI,,,KIAMBU TEACHER,KIAMBU,CENTRAL
3147,558126,25295146,FLORENCE AKOTH ASATI,,,KIAMBU TEACHER,KIAMBU,CENTRAL
3148,422924,13544875,JOSEPH KAGUNDA WAHOME,,,KIAMBU TEACHER,KIAMBU,CENTRAL
3149,670916,28334220,ANNE TERESIA  MOGIRE,,,KIAMBU TEACHER,KIAMBU,CENTRAL
3150,733842,30232778,MORIS KOBIA AMBAU,,,KIAMBU TEACHER,KIAMBU,CENTRAL
3151,469301,22236429,GITHIO GEORGE KAGOMBE,,,KIAMBU TEACHER,KIAMBU,CENTRAL
3152,677488,27448650,MOSERI VICTOR,,,KIAMBU TEACHER,KIAMBU,CENTRAL
3153,536308,24671867,FRANCIS NGUGI,,,KIAMBU TEACHER,KIAMBU,CENTRAL
3154,842888,29389597,JOSEPH GICHARU NGUNYI,,,KIAMBU TEACHER,KIAMBU,CENTRAL
3155,522998,24421171,ALLAN OYONDI ONYANDO,,,KIAMBU TEACHER,KIAMBU,CENTRAL
3156,627303,26102704,BETH WAIRIMU MHIGA,,,KIAMBU TEACHER,KIAMBU,CENTRAL
3157,556015,25365551,ABEL BOEN,,,KIAMBU TEACHER,KIAMBU,CENTRAL
3158,698591,30045844,MARYANNE MWANGI,,,KIAMBU TEACHER,KIAMBU,CENTRAL
3159,684741,27599427,JOHN KIMONDO,,,KIAMBU TEACHER,KIAMBU,CENTRAL
3160,389040,11650072,RICHARD KIMANI PAUL,,,KIAMBU TEACHER,KIAMBU,CENTRAL
3161,473884,21929720,LUCY WANJIRU GICHOHI,,,KIAMBU TEACHER,KIAMBU,CENTRAL
3162,508188,21948930,SIMON NDATHE NJOROGE,,,KIAMBU TEACHER,KIAMBU,CENTRAL
3163,680622,23997589,TABITHA NYAMBURA,,,KIAMBU TEACHER,KIAMBU,CENTRAL
3164,826160,29805957,SALOME KIBUE,,,KIAMBU TEACHER,KIAMBU,CENTRAL
3165,678482,28599483,LYDIA WANJIKU NDIRANGU,,,KIAMBU TEACHER,KIAMBU,CENTRAL
3166,547908,25413612,DAVID OMIDO ONYANDO,,,KIAMBU TEACHER,KIAMBU,CENTRAL
3167,701637,24042612,CHRISTOPHER MOMANYI,,,KIAMBU TEACHER,KIAMBU,CENTRAL
3168,1068643,34262958,LUCY WAINAINA,,,KIAMBU TEACHER,KIAMBU,CENTRAL
3169,713171,28771896,DIVINAH KEMUMA,,,KIAMBU TEACHER,KIAMBU,CENTRAL
3170,524499,23236738,MARY KAMANDE,,,KIAMBU TEACHER,KIAMBU,CENTRAL
3171,784840,26421108,DENNIS ORUMBA,,,KIAMBU TEACHER,KIAMBU,CENTRAL
3172,1026542,34669462,ROBERT KIHARA,,,KIAMBU TEACHER,KIAMBU,CENTRAL
3173,633366,26421108,VIOLET KADI,,,KIAMBU TEACHER,KIAMBU,CENTRAL
3174,701300,29174030,FRANCIS KAMITA WANJIKU,,,KIAMBU TEACHER,KIAMBU,CENTRAL
3175,893935,33553849,SYLVIA NJERI,,,KIAMBU TEACHER,KIAMBU,CENTRAL
3176,843558,30872485,MIKE ONSARE,,,KIAMBU TEACHER,KIAMBU,CENTRAL
3177,850089,30847643,JACQUELINE WANGUI,,,KIAMBU TEACHER,KIAMBU,CENTRAL
3178,394402,1349610,Pauline Regina Thangwa,,,KIAMBU TEACHER,KIAMBU,CENTRAL
3179,336049,9199629,Joseph Njoroge,,,KIAMBU TEACHER,KIAMBU,CENTRAL
3180,604541,25318730,Bonface Asige,,,KIAMBU TEACHER,KIAMBU,CENTRAL
3181,689058,29906870,Kenneth Manyeki rungu,,,KIAMBU TEACHER,KIAMBU,CENTRAL
3182,967529,35905678,Irene Mwangi,,,KIAMBU TEACHER,KIAMBU,CENTRAL
3183,760863,29306214,Catherine N. Gitau,,,KIAMBU TEACHER,KIAMBU,CENTRAL
3184,825078,29220439,Alice Mwaniki,,,KIAMBU TEACHER,KIAMBU,CENTRAL
3185,573505,25292769,Tabitha Karundu,,,KIAMBU TEACHER,KIAMBU,CENTRAL
3186,822499,30778740,Joseph Simiyu,,,KIAMBU TEACHER,KIAMBU,CENTRAL
3187,754628,29197265,Stanley Mburu,,,KIAMBU TEACHER,KIAMBU,CENTRAL
3188,650387,28508251,Kausi Barasa George,,,KIAMBU TEACHER,KIAMBU,CENTRAL
3189,699610,29890140,Peter Mungai Mumbi,,,KIAMBU TEACHER,KIAMBU,CENTRAL
3190,675812,25916102,Patrick Matindi,,,KIAMBU TEACHER,KIAMBU,CENTRAL
3191,1146619,39480730,John Kamau,,,KIAMBU TEACHER,KIAMBU,CENTRAL
3192,740657,29439301,Joseph Simon Kawa,,,KIAMBU TEACHER,KIAMBU,CENTRAL
3193,1028130,32861993,Francis Njuguna,,,KIAMBU TEACHER,KIAMBU,CENTRAL
3194,780968,32075850,Lucas Murunga,,,KIAMBU TEACHER,KIAMBU,CENTRAL
3195,536461,23649557,Francis Kuria,,,KIAMBU TEACHER,KIAMBU,CENTRAL
3196,926644,32470896,Vincent Nyamweya,,,KIAMBU TEACHER,KIAMBU,CENTRAL
3197,425811,22007605,Lucy Njoroge,,,KIAMBU TEACHER,KIAMBU,CENTRAL
3198,547247,23046779,Ann Inganji,,,KIAMBU TEACHER,KIAMBU,CENTRAL
3199,684527,27818421,Wycliffe Onkundi,,,KIAMBU TEACHER,KIAMBU,CENTRAL
3200,763261,28890961,Josephine Gichari,,,KIAMBU TEACHER,KIAMBU,CENTRAL
3201,1117369,39121955,Dennis Ngunjiri,,,KIAMBU TEACHER,KIAMBU,CENTRAL
3202,708440,29355964,Maina Muhoho,,,KIAMBU TEACHER,KIAMBU,CENTRAL
3203,678091,27631016,Steven Ligare Awimbo,,,KIAMBU TEACHER,KIAMBU,CENTRAL
3204,516933,24387685,Lilian Kibet,,,KIAMBU TEACHER,KIAMBU,CENTRAL
3205,581564,25227925,ALEX MUGAMBI NJUE,,,KIAMBU TEACHER,KIAMBU,CENTRAL
3206,539734,26002075,LAURENZIA MUTHONI NYAGA,,,KIAMBU TEACHER,KIAMBU,CENTRAL
3207,663364,30106735,SATOH TERRENCE,,,KIAMBU TEACHER,KIAMBU,CENTRAL
3208,703767,32230746,GEOFFREY NYAKERI ORANGO,,,KIAMBU TEACHER,KIAMBU,CENTRAL
3209,712811,29092774,ANNE NJOKI NJOGU,,,KIAMBU TEACHER,KIAMBU,CENTRAL
3210,586049,25236206,PATRICK OBWOGO,,,KIAMBU TEACHER,KIAMBU,CENTRAL
3211,787105,27870731,MARTIN NJUGUNA MUTITU,,,KIAMBU TEACHER,KIAMBU,CENTRAL
3212,635281,28813858,MURIUNGI NKATHA PURITY,,,KIAMBU TEACHER,KIAMBU,CENTRAL
3213,628283,27827296,KENNETH THITU,,,KIAMBU TEACHER,KIAMBU,CENTRAL
3214,396565,13453911,ESTHER WAMUYU,,,KIAMBU TEACHER,KIAMBU,CENTRAL
3215,357645,11645751,BERNARD WANYOIKE,,,KIAMBU TEACHER,KIAMBU,CENTRAL
3216,697971,28675254,RACHAEL W. KARIRI,,,KIAMBU TEACHER,KIAMBU,CENTRAL
3217,739024,26030319,ANTHONY ONYANGO,,,KIAMBU TEACHER,KIAMBU,CENTRAL
3218,442553,12353773,FAITH W. NYAGA,,,KIAMBU TEACHER,KIAMBU,CENTRAL
3219,777552,292893043,LAWRENCE WAITHERERO,,,KIAMBU TEACHER,KIAMBU,CENTRAL
3220,440527,14504215,HARRISON WANYAGIA I.,,,KIAMBU TEACHER,KIAMBU,CENTRAL
3221,662215,27096753,STEPHEN NJENGA NJUGUNA,,,KIAMBU TEACHER,KIAMBU,CENTRAL
3222,657961,27901691,JOSEPH MATUNDURA NYAMARI,,,KIAMBU TEACHER,KIAMBU,CENTRAL
3223,967693,33379526,CHEGE PATRICK,,,KIAMBU TEACHER,KIAMBU,CENTRAL
3224,892516,33578077,MWITA JOHN SAGAYI,,,KIAMBU TEACHER,KIAMBU,CENTRAL
3225,899712,33283909,MICHAEL ODHIAMBO,,,KIAMBU TEACHER,KIAMBU,CENTRAL
3226,575043,26124055,AYIETA GLADYS,,,KIAMBU TEACHER,KIAMBU,CENTRAL
3227,483926,21809286,LINET OKEYO,,,KIAMBU TEACHER,KIAMBU,CENTRAL
3228,502988,22697436,OLIVE KAMUNYU,,,KIAMBU TEACHER,KIAMBU,CENTRAL
3229,666353,29009381,GRACE KARANI,,,KIAMBU TEACHER,KIAMBU,CENTRAL
3230,846171,22822081,BEATRICE NYAMBURA,,,KIAMBU TEACHER,KIAMBU,CENTRAL
3231,893929,24679243,GRACE BERNGETUNY,,,KIAMBU TEACHER,KIAMBU,CENTRAL
3232,681722,29327894,LUCY NYAMBURA,,,KIAMBU TEACHER,KIAMBU,CENTRAL
3233,690011,28554196,MARY WANGUI MUNGAI,,,KIAMBU TEACHER,KIAMBU,CENTRAL
3234,812646,31599744,ROSELINE NJERI,,,KIAMBU TEACHER,KIAMBU,CENTRAL
3235,693050,27659943,ENOCK BOSIRE,,,KIAMBU TEACHER,KIAMBU,CENTRAL
3236,833141,32656930,LABAN BIWOTT,,,KIAMBU TEACHER,KIAMBU,CENTRAL
3237,1652091,25444624,ALICE MBURU,,,KIAMBU TEACHER,KIAMBU,CENTRAL
3238,690855,28253536,PETER HALUSA,,,KIAMBU TEACHER,KIAMBU,CENTRAL
3239,909161,34641315,LYNET CHELANGAT,,,KIAMBU TEACHER,KIAMBU,CENTRAL
3240,666840,23910644,RICHARD NGANGA,,,KIAMBU TEACHER,KIAMBU,CENTRAL
3241,696667,28080062,KEVIN ONDUTO,,,KIAMBU TEACHER,KIAMBU,CENTRAL
3242,481979,22078751,GEOFFREY NENE,,,KIAMBU TEACHER,KIAMBU,CENTRAL
3243,639750,25781876,ANDREW RUTTO,,,KIAMBU TEACHER,KIAMBU,CENTRAL
3244,558594,25429162,BROWN MAVALE,,,KIAMBU TEACHER,KIAMBU,CENTRAL
3245,734294,29176474,PETER MACHARIA,,,KIAMBU TEACHER,KIAMBU,CENTRAL
3246,682379,29746274,TITUS MUTUKU,,,KIAMBU TEACHER,KIAMBU,CENTRAL
3247,639128,25246004,IGNATIUS KIMANI,,,KIAMBU TEACHER,KIAMBU,CENTRAL
3248,565648,25791113,GILBERT KILONZO,,,KIAMBU TEACHER,KIAMBU,CENTRAL
3249,791417,29919574,PETER KARUMBA,,,KIAMBU TEACHER,KIAMBU,CENTRAL
3250,513786,22824988,SAMUEL GATIMU,,,KIAMBU TEACHER,KIAMBU,CENTRAL
3251,788526,25794545,CHARITY WANJIRU,,,KIAMBU TEACHER,KIAMBU,CENTRAL
3252,821719,32098095,THOMAS MUTITU,,,KIAMBU TEACHER,KIAMBU,CENTRAL
3253,505105,22707772,MOSES MUGO,,,KIAMBU TEACHER,KIAMBU,CENTRAL
3254,498808,22720570,ANASTACIA NGAU,,,KIAMBU TEACHER,KIAMBU,CENTRAL
3255,548680,24637636,CATHERINE KAHIU,,,KIAMBU TEACHER,KIAMBU,CENTRAL
3256,523780,23474948,JULIUS GATIBARU,,,KIAMBU TEACHER,KIAMBU,CENTRAL
3257,525976,24092623,WILLY KEMBOI,,,KIAMBU TEACHER,KIAMBU,CENTRAL
3258,480932,14419018,ROSEMARY NYAMBURA,,,KIAMBU TEACHER,KIAMBU,CENTRAL
3259,579901,25181114,CYNTHIA AMBENGE,,,KIAMBU TEACHER,KIAMBU,CENTRAL
3260,506898,22975252,RAHAB NJERI,,,KIAMBU TEACHER,KIAMBU,CENTRAL
3261,580460,28349046,BRIGID MUGURE,,,KIAMBU TEACHER,KIAMBU,CENTRAL
3262,456210,11716194,Daniel M.  Karanja ,,,KIAMBU TEACHER,KIAMBU,CENTRAL
3263,536327,24392249,Carolyne Nyambura ,,,KIAMBU TEACHER,KIAMBU,CENTRAL
3264,589652,24416124,John Kimani Ndukuya,,,KIAMBU TEACHER,KIAMBU,CENTRAL
3265,464279,14656569,John G.  Gaitho ,,,KIAMBU TEACHER,KIAMBU,CENTRAL
3266,739958,29808106,Joshua Nyambuto,,,KIAMBU TEACHER,KIAMBU,CENTRAL
3267,515790,24409288,Faith Koech,,,KIAMBU TEACHER,KIAMBU,CENTRAL
3268,743178,29188869,Nathan Tolo,,,KIAMBU TEACHER,KIAMBU,CENTRAL
3269,702812,29932869,Victor Onyango ,,,KIAMBU TEACHER,KIAMBU,CENTRAL
3270,496800,23972937,Thomas Kanyunju,,,KIAMBU TEACHER,KIAMBU,CENTRAL
3271,1084211,37941291,Richard Maina ,,,KIAMBU TEACHER,KIAMBU,CENTRAL
3272,612030,27464040,BRIDGET KITHIA,,,KIAMBU TEACHER,KIAMBU,CENTRAL
3273,694102,28353583,John Wanyeki,,,KIAMBU TEACHER,KIAMBU,CENTRAL
3274,457074,22239490,VICTOR KAMANJA,,,KIAMBU TEACHER,KIAMBU,CENTRAL
3275,792342,30257720,FRANCIS KIIO,,,KIAMBU TEACHER,KIAMBU,CENTRAL
3276,421916,11619578,JOSEPH NJENGA,,,KIAMBU TEACHER,KIAMBU,CENTRAL
3277,577524,26174693,KEFRINE NZAYWA,,,KIAMBU TEACHER,KIAMBU,CENTRAL
3278,495906,23208105,JOSEPH MURIMI,,,KIAMBU TEACHER,KIAMBU,CENTRAL
3279,611632,28815689,ALEX NYAMWEHO,,,KIAMBU TEACHER,KIAMBU,CENTRAL
3280,678304,29369663,MERCY MWANIKI,,,KIAMBU TEACHER,KIAMBU,CENTRAL
3281,669649,23796557,SHELMITH WANGUI,,,KIAMBU TEACHER,KIAMBU,CENTRAL
3282,551600,24781013,MWENGE KALINGA,,,KIAMBU TEACHER,KIAMBU,CENTRAL
3283,616829,23301365,MARION GATHAMBO,,,KIAMBU TEACHER,KIAMBU,CENTRAL
3284,426521,2169368,JACLINE NJERI,,,KIAMBU TEACHER,KIAMBU,CENTRAL
3285,664577,27690883,ELOSY KINYA,,,KIAMBU TEACHER,KIAMBU,CENTRAL
3286,711238,29396382,VERONICA NDIRITU,,,KIAMBU TEACHER,KIAMBU,CENTRAL
3287,574607,27324291,ROBERT NYAGA,,,KIAMBU TEACHER,KIAMBU,CENTRAL
3288,520134,24424297,IRUNGU MAINA,,,KIAMBU TEACHER,KIAMBU,CENTRAL
3289,466083,21746661,ELIZABETH NGUNJIRI,,,KIAMBU TEACHER,KIAMBU,CENTRAL
3290,766788,28885799,FLODINA NG'ANG'A,,,KIAMBU TEACHER,KIAMBU,CENTRAL
3291,698738,29903167,VICTORIA MWELU,,,KIAMBU TEACHER,KIAMBU,CENTRAL
3292,668732,28600947,PAMELA NYABARO,,,KIAMBU TEACHER,KIAMBU,CENTRAL
3293,469414,21990439,JAMES MUTURI,,,KIAMBU TEACHER,KIAMBU,CENTRAL
3294,686627,25253611,PAUL MUIGAI,,,KIAMBU TEACHER,KIAMBU,CENTRAL
3295,612347,28899925,THERESIA AKINYI,,,KIAMBU TEACHER,KIAMBU,CENTRAL
3296,1071958,37934006,MARY MUSIKYA,,,KIAMBU TEACHER,KIAMBU,CENTRAL
3297,516221,24763391,TERESIA MUGO,,,KIAMBU TEACHER,KIAMBU,CENTRAL
3298,889565,31732112,THOMAS MUINDE,,,KIAMBU TEACHER,KIAMBU,CENTRAL
3299,556407,25224335,MARTIN MUNENE,,,KIAMBU TEACHER,KIAMBU,CENTRAL
3300,563266,25546710,JOHN MWANGI,,,KIAMBU TEACHER,KIAMBU,CENTRAL
3301,815933,32155280,DENNIS KIOKO,,,KIAMBU TEACHER,KIAMBU,CENTRAL
3302,975931,32379278,TIMOTHY MWARIGI,,,KIAMBU TEACHER,KIAMBU,CENTRAL
3303,711707,20649515,JAMES KAHARA,,,KIAMBU TEACHER,KIAMBU,CENTRAL
3304,674317,29531124,SAMUEL NWAURA,,,KIAMBU TEACHER,KIAMBU,CENTRAL
3305,774357,29609316,David Kangethe,,,KIAMBU TEACHER,KIAMBU,CENTRAL
3306,550191,25149507,Patrrick Mbui,,,KIAMBU TEACHER,KIAMBU,CENTRAL
3307,1034268,32226969,LUCY WAMAITHA GATHUNDO,,,KIAMBU TEACHER,KIAMBU,CENTRAL
3308,843912,28383496,JAMLECK NJOGU,,,KIAMBU TEACHER,KIAMBU,CENTRAL
3309,773974,31998877,CAROL KALONDU,,,KIAMBU TEACHER,KIAMBU,CENTRAL
3310,545790,23382637,JOYCE WANGUI MURIGI,,,KIAMBU TEACHER,KIAMBU,CENTRAL
3311,1024396,36938172,STELLAH MUGURE NJOROGE,,,KIAMBU TEACHER,KIAMBU,CENTRAL
3312,971386,34563118, MIRIAM KAMAU,,,KIAMBU TEACHER,KIAMBU,CENTRAL
3313,926732,33102678,PETER KIIRU WANJIRU,,,KIAMBU TEACHER,KIAMBU,CENTRAL
3314,941382,2844478,GABRIEL GIKERA,,,KIAMBU TEACHER,KIAMBU,CENTRAL
3315,709598,30030658,ANN WAIRIMU,,,KIAMBU TEACHER,KIAMBU,CENTRAL
3316,956950,35425882,JOHN GACHANGO,,,KIAMBU TEACHER,KIAMBU,CENTRAL
3317,981844,35858364,PATRICK NJOROGE KIRUTHI,,,KIAMBU TEACHER,KIAMBU,CENTRAL
3318,965789,36039092,FREDRICK OLOO,,,KIAMBU TEACHER,KIAMBU,CENTRAL
3319,864137,31039535,LAWI IGUKU NJERI,,,KIAMBU TEACHER,KIAMBU,CENTRAL
3320,847134,33038370,MOSES WAINAINAM CHEGE,,,KIAMBU TEACHER,KIAMBU,CENTRAL
3321,853303,27875769,DAVID NGARARI,,,KIAMBU TEACHER,KIAMBU,CENTRAL
3322,958045,30280098,CAROL KATHURE,,,KIAMBU TEACHER,KIAMBU,CENTRAL
3323,949074,33210831,BONIFACE MBUGUA,,,KIAMBU TEACHER,KIAMBU,CENTRAL
3324,871730,33355098,DENIS MUNENE,,,KIAMBU TEACHER,KIAMBU,CENTRAL
3325,971302,33658674,MOTARI ONINGO ROBERT,,,KIAMBU TEACHER,KIAMBU,CENTRAL
3326,867757,33075546,ANTHONY GITAU,,,KIAMBU TEACHER,KIAMBU,CENTRAL
3327,971302,36942292,GABRIEL GITAU WACEKE,,,KIAMBU TEACHER,KIAMBU,CENTRAL
3328,941300,33115105,JACINTA WANJIRU NGINYA,,,KIAMBU TEACHER,KIAMBU,CENTRAL
3329,775596,31384708,EMMANUEL MURIUNGI,,,KIAMBU TEACHER,KIAMBU,CENTRAL
3330,892871,9967494,LINET KWANBOKA NYAMBATI,,,KIAMBU TEACHER,KIAMBU,CENTRAL
3331,847849,35393681,KELVIN SAYYID,,,KIAMBU TEACHER,KIAMBU,CENTRAL
3332,977126,33184523,WYCLIFFE ONYIEGO,,,KIAMBU TEACHER,KIAMBU,CENTRAL
3333,799944,32549271,DORCAS MBURU,,,KIAMBU TEACHER,KIAMBU,CENTRAL
3334,980923,30074599,SOPHIA WANGUI,,,KIAMBU TEACHER,KIAMBU,CENTRAL
3335,984096,33596783,FRANCIS KIMWAKI,,,KIAMBU TEACHER,KIAMBU,CENTRAL
3336,915857,35148461,GRACE MWANGI,,,KIAMBU TEACHER,KIAMBU,CENTRAL
3337,830785,30872785,WILSON BOGE,,,KIAMBU TEACHER,KIAMBU,CENTRAL
3338,888901,33205377,JOHN NGUNJIRI,,,KIAMBU TEACHER,KIAMBU,CENTRAL
3339,812978,30113744,HOSEA MIROGA,,,KIAMBU TEACHER,KIAMBU,CENTRAL
3340,699093,29935799,JOAN MURIUKI,,,KIAMBU TEACHER,KIAMBU,CENTRAL
3341,984772,33243824,JAMES KARIUKI,,,KIAMBU TEACHER,KIAMBU,CENTRAL
3342,757273,27587884,TERESIAH GATONI,,,KIAMBU TEACHER,KIAMBU,CENTRAL
3343,985574,34117421,DUNCAN KIMETTO,,,KIAMBU TEACHER,KIAMBU,CENTRAL
3344,922364,32685265,OLIVIA KITUYI,,,KIAMBU TEACHER,KIAMBU,CENTRAL
3345,877517,33960105,AMOS MASESE,,,KIAMBU TEACHER,KIAMBU,CENTRAL
3346,764286,31840326,JANE WAITHERA,,,KIAMBU TEACHER,KIAMBU,CENTRAL
3347,875722,33501381,NELSON ONDARI,,,KIAMBU TEACHER,KIAMBU,CENTRAL
3348,881423,30587924,JACKTONNYAKUND,,,KIAMBU TEACHER,KIAMBU,CENTRAL
3349,1005489,36202324,ANN KABUU,,,KIAMBU TEACHER,KIAMBU,CENTRAL
3350,883790,31109626,JOSEPH WAINAINA,,,KIAMBU TEACHER,KIAMBU,CENTRAL
3351,981323,32451498,PETER GACHERU,,,KIAMBU TEACHER,KIAMBU,CENTRAL
3352,896038,31004990,ELIAS KINGORI,,,KIAMBU TEACHER,KIAMBU,CENTRAL
3353,921409,30987845,VINCENT MAYODI,,,KIAMBU TEACHER,KIAMBU,CENTRAL
3354,851546,32285458,AYUB MWANGI,,,KIAMBU TEACHER,KIAMBU,CENTRAL
3355,933035,35542345,FAITH NEKESA,,,KIAMBU TEACHER,KIAMBU,CENTRAL
3356,987980,33060870,DANIEL OKINYI,,,KIAMBU TEACHER,KIAMBU,CENTRAL
3357,989590,35565736,MIKE KINYANJUI,,,KIAMBU TEACHER,KIAMBU,CENTRAL
3358,1114743,30566444,PHYLISS ACHESO,,,KIAMBU TEACHER,KIAMBU,CENTRAL
3359,962136,27892135,GILBERT KIBOR,,,KIAMBU TEACHER,KIAMBU,CENTRAL
3360,963704,30334347,JARED OMBUI,,,KIAMBU TEACHER,KIAMBU,CENTRAL
3361,745777,29353118,CHARLES KINYANJUI,,,KIAMBU TEACHER,KIAMBU,CENTRAL
3362,973503,31245678,SIMON KAMAU,,,KIAMBU TEACHER,KIAMBU,CENTRAL
3363,897869,29922250,PETER KANYUKIE,,,KIAMBU TEACHER,KIAMBU,CENTRAL
3364,825282,29495389,NYABAGA KELVIN,,,KIAMBU TEACHER,KIAMBU,CENTRAL
3365,769277,30060977,VIOLET OGATO,,,KIAMBU TEACHER,KIAMBU,CENTRAL
3366,782139,32190505,FRANCIS WAWERU,,,KIAMBU TEACHER,KIAMBU,CENTRAL
3367,954111,30252861,DANIEL ARWASA,,,KIAMBU TEACHER,KIAMBU,CENTRAL
3368,880474,34710445,MONICAH KIHARA,,,KIAMBU TEACHER,KIAMBU,CENTRAL
3369,927444,33453434,ELINAH KERUBO,,,KIAMBU TEACHER,KIAMBU,CENTRAL
3370,933753,34912166,MUNENE DOMINIC ,,,KIAMBU TEACHER,KIAMBU,CENTRAL
3371,811247,29429736,MARGARET NYAMBURA ,,,KIAMBU TEACHER,KIAMBU,CENTRAL
3372,555998,24794846,TERESIA MUEDE,,,KIAMBU TEACHER,KIAMBU,CENTRAL
3373,493294,22855795,JOSEPH MUNGA K.,,,KIAMBU TEACHER,KIAMBU,CENTRAL
3374,770238,31732477,KELVIN MBURU K.,,,KIAMBU TEACHER,KIAMBU,CENTRAL
3375,406989,14628166,JORAM M. NDUNGU,,,KIAMBU TEACHER,KIAMBU,CENTRAL
3376,827013,29790038,ERIC MACHARIA,,,KIAMBU TEACHER,KIAMBU,CENTRAL
3377,556445,26965407,GLADYS WAMBUI K.,,,KIAMBU TEACHER,KIAMBU,CENTRAL
3378,509574,23851455,JOSEPH MWANGI M.,,,KIAMBU TEACHER,KIAMBU,CENTRAL
3379,605231,24986928,MARY M. KAMUIRU,,,KIAMBU TEACHER,KIAMBU,CENTRAL
3380,362703,10875719,PATRICK MUNGAI N.,,,KIAMBU TEACHER,KIAMBU,CENTRAL
3381,830359,32414091,ORINA ALPHONCE,,,KIAMBU TEACHER,KIAMBU,CENTRAL
3382,705362,29582269,ANTHONY NDERITU,,,KIAMBU TEACHER,KIAMBU,CENTRAL
3383,670003,28450492,MARTIN NJOROGE,,,KIAMBU TEACHER,KIAMBU,CENTRAL
3384,509093,22483864,SIMON NJUGUNA,,,KIAMBU TEACHER,KIAMBU,CENTRAL
3385,429993,14688843,CHRIS NJOROGE,,,KIAMBU TEACHER,KIAMBU,CENTRAL
3386,505985,23625671,PETER KAMAU N.,,,KIAMBU TEACHER,KIAMBU,CENTRAL
3387,513441,22370914,PETER GITARI,,,KIAMBU TEACHER,KIAMBU,CENTRAL
3388,468153,12527409,SIMON NDUNGU M.,,,KIAMBU TEACHER,KIAMBU,CENTRAL
3389,671902,28391053,HELLEN WATHITHI W.,,,KIAMBU TEACHER,KIAMBU,CENTRAL
3390,556973,24652331,PERIS WATHITHA M.,,,KIAMBU TEACHER,KIAMBU,CENTRAL
3391,774963,30957250,NICHOLAS WANJIRU,,,KIAMBU TEACHER,KIAMBU,CENTRAL
3392,1024394,37102393,MICHAEL NDEGWA K.,,,KIAMBU TEACHER,KIAMBU,CENTRAL
3393,505345,21932323,TYRUS GATHOGO,,,KIAMBU TEACHER,KIAMBU,CENTRAL
3394,724596,29177386,JOHN MUTURI,,,KIAMBU TEACHER,KIAMBU,CENTRAL
3395,651215,27755846,ELWUD IRAKI G.,,,KIAMBU TEACHER,KIAMBU,CENTRAL
3396,705462,25145382,SAMUEL KIMANI K.,,,KIAMBU TEACHER,KIAMBU,CENTRAL
3397,777741,28967328,STEPHEN THAIRU,,,KIAMBU TEACHER,KIAMBU,CENTRAL
3398,505715,24131758,TABITHA WANGARI K.,,,KIAMBU TEACHER,KIAMBU,CENTRAL
3399,789665,29535606,LINDA NAVALAYO,,,KIAMBU TEACHER,KIAMBU,CENTRAL
3400,359227,10709682,FRANCIS KANYUGO N.,,,KIAMBU TEACHER,KIAMBU,CENTRAL
3401,485231,22992300,ESTHER WANGARI K.,,,KIAMBU TEACHER,KIAMBU,CENTRAL
3402,472620,22517566,ROBERT NTAGA,,,KIAMBU TEACHER,KIAMBU,CENTRAL
3403,703454,28506085,ESTHER MUTAHI,,,KIAMBU TEACHER,KIAMBU,CENTRAL
3404,604161,27725687,JOSEPH MAINA K.,,,KIAMBU TEACHER,KIAMBU,CENTRAL
3405,360254,9949091,JOHN NJOROGE,,,KIAMBU TEACHER,KIAMBU,CENTRAL
3406,389465,11613574,SAMUEL MWANGI,,,KIAMBU TEACHER,KIAMBU,CENTRAL
3407,584511,29325317,MICHAEL OUNA,,,KIAMBU TEACHER,KIAMBU,CENTRAL
3408,437121,21258433,CHARLES KARIUKI,,,KIAMBU TEACHER,KIAMBU,CENTRAL
3409,619297,26403049,CHRISTOPHER KAMAU,,,KIAMBU TEACHER,KIAMBU,CENTRAL
3410,516148,24441598,GABRIEL KIRATU,,,KIAMBU TEACHER,KIAMBU,CENTRAL
3411,367923,10378946,JANE NDUNDA,,,KIAMBU TEACHER,KIAMBU,CENTRAL
3412,812022,31689712,HILLARY OPIYO,,,KIAMBU TEACHER,KIAMBU,CENTRAL
3413,442770,13214789,STEPHEN KIMANI,,,KIAMBU TEACHER,KIAMBU,CENTRAL
3414,555672,26390501,JULIUS MUCHOKI,,,KIAMBU TEACHER,KIAMBU,CENTRAL
3415,584932,27431733,STEPHEN ARASA,,,KIAMBU TEACHER,KIAMBU,CENTRAL
3416,733748,30945744,DOUGLAS BOSIRE,,,KIAMBU TEACHER,KIAMBU,CENTRAL
3417,664965,25898355,HENRY MUNAI,,,KIAMBU TEACHER,KIAMBU,CENTRAL
3418,663994,28740646,PURITY MUTHONI,,,KIAMBU TEACHER,KIAMBU,CENTRAL
3419,780529,30793446,JUSTICE MUTEITHIA,,,KIAMBU TEACHER,KIAMBU,CENTRAL
3420,790967,30383782,BRIAN OTIENO,,,KIAMBU TEACHER,KIAMBU,CENTRAL
3421,405296,11190522,MORRIS GIKAHU,,,KIAMBU TEACHER,KIAMBU,CENTRAL
3422,817109,32395161,FRANCIS KAHURA,,,KIAMBU TEACHER,KIAMBU,CENTRAL
3423,534105,24640392,CECILIA WANGUI,,,KIAMBU TEACHER,KIAMBU,CENTRAL
3424,616300,27213326,MARGARET MAIGWA,,,KIAMBU TEACHER,KIAMBU,CENTRAL
3425,479417,22935966,PATRICIAH NGINA,,,KIAMBU TEACHER,KIAMBU,CENTRAL
3426,465960,21894255,JACKSON MUGU,,,KIAMBU TEACHER,KIAMBU,CENTRAL
3427,859847,33213822,MICHAEL KIMARU,,,KIAMBU TEACHER,KIAMBU,CENTRAL
3428,668727,27446677,BEATRICE  MACHARIA,,,KIAMBU TEACHER,KIAMBU,CENTRAL
3429,762034,29177692,MERCY OMONDI,,,KIAMBU TEACHER,KIAMBU,CENTRAL
3430,408718,11807965,JOSEPH KINGORI,,,KIAMBU TEACHER,KIAMBU,CENTRAL
3431,840837,31724845,MARY KURIA,,,KIAMBU TEACHER,KIAMBU,CENTRAL
3432,446254,13840216,ANTONY MUTURI,,,KIAMBU TEACHER,KIAMBU,CENTRAL
3433,712243,29649136,LEAH WAINAINA,,,KIAMBU TEACHER,KIAMBU,CENTRAL
3434,780888,31765546,OUMA FREDRICK,,,KIAMBU TEACHER,KIAMBU,CENTRAL
3435,672076,28600790,KAMAU ANDY,,,KIAMBU TEACHER,KIAMBU,CENTRAL
3436,431421,14734052,TERESIAH GITAU,,,KIAMBU TEACHER,KIAMBU,CENTRAL
3437,867425,33467710,MARTHA GIKUNJU,,,KIAMBU TEACHER,KIAMBU,CENTRAL
3438,777019,32162806,MICHELI  MWANGI,,,KIAMBU TEACHER,KIAMBU,CENTRAL
3439,516291,24515392,ELIZABETH NGOTHO,,,KIAMBU TEACHER,KIAMBU,CENTRAL
3440,514223,24070809,CHARLES MAINA,,,KIAMBU TEACHER,KIAMBU,CENTRAL
3441,673034,27522927,PHINEAS ZABERIO,,,KIAMBU TEACHER,KIAMBU,CENTRAL
3442,874152,33340758,MORRIS CHOMBA,,,KIAMBU TEACHER,KIAMBU,CENTRAL
3443,303132,11473587,SEKI PATRICK,,,KIAMBU TEACHER,KIAMBU,CENTRAL
3444,502152,24215632,RICHARD MOKAYA,,,KIAMBU TEACHER,KIAMBU,CENTRAL
3445,510134,24527745,MERCY WANJA,,,KIAMBU TEACHER,KIAMBU,CENTRAL
3446,587369,27550028,MARYANN MBURU,,,KIAMBU TEACHER,KIAMBU,CENTRAL
3447,770105,31887841,OSIEMO NYABICHA,,,KIAMBU TEACHER,KIAMBU,CENTRAL
3448,525845,25326635,JANE NJERI,,,KIAMBU TEACHER,KIAMBU,CENTRAL
3449,951153,33044796,LENAH NTIYARI,,,KIAMBU TEACHER,KIAMBU,CENTRAL
3450,822249,32381106,JUSTUS WAMBUA,,,KIAMBU TEACHER,KIAMBU,CENTRAL
3451,306050,9376740,ANN NJERI,,,KIAMBU TEACHER,KIAMBU,CENTRAL
3452,966651,31451915,CHARLES MBURU,,,KIAMBU TEACHER,KIAMBU,CENTRAL
3453,394232,14575640,MARY MUTISO,,,KIAMBU TEACHER,KIAMBU,CENTRAL
3454,497781,22601875,JANE WANJIRU,,,KIAMBU TEACHER,KIAMBU,CENTRAL
3455,50499,24224934,ROBERT KIMANI,,,KIAMBU TEACHER,KIAMBU,CENTRAL
3456,830801,30803778,KELVIN ONYANGO,,,KIAMBU TEACHER,KIAMBU,CENTRAL
3457,529198,25422062,SUSAN WAMBUI,,,KIAMBU TEACHER,KIAMBU,CENTRAL
3458,670885,29326697,LIMIRI EMILY,,,KIAMBU TEACHER,KIAMBU,CENTRAL
3459,671865,26840603,MARGARET WAMBUI,,,KIAMBU TEACHER,KIAMBU,CENTRAL
3460,,30534160,LUCY GIKUI,,,KIAMBU TEACHER,KIAMBU,CENTRAL
3461,,37150959,EDWIN NGESA,,,KIAMBU TEACHER,KIAMBU,CENTRAL
3462,,34141265,SHARON INGADO,,,KIAMBU TEACHER,KIAMBU,CENTRAL
3463,,40737832,NATASHA ATEMA OKTOI,,,KIAMBU TEACHER,KIAMBU,CENTRAL
3464,477402,,PETER M. NDUNG'U,,724080711,KUSNET,,
3465,477670,,SAMUEL K. NJURU,,728905364,KUSNET,,
3466,714949,,ROBERT N.  NDUNG'U,,707068277,KUSNET,,
3467,505491,,BEATRICE NJERI WANJIRU,,722338927,KUSNET,,
3468,376864,,ANTONY GICHU GITHENU,,715554517,KUSNET,,
3469,468280,,ERICK NJOROGE NTORI,,725466164,KUSNET,,
3470,470683,,SOPHIA NJERI KINUTHIA,,726473455,KUSNET,,
3471,433678,,JOSHUA NJUGUNA,,700433405,KUSNET,,
3472,1068796,,Wesley Sanga,,703667595,KUSNET,,
3473,433763,,LILIAN W. KABUCHO,,718031849,KUSNET,,
3474,553057,,CYRUS N. MUTHEE,,711685570,KUSNET,,
3475,633221,,RUTH NGENDO MWANIKI,,718398584,KUSNET,,
3476,476296,,FRANCIS N NJUGUNA,,725579012,KUSNET,,
3477,452243,,HANNA WANINI G,,720534658,KUSNET,,
3478,960065,,ANN NGENDO N,,714373104,KUSNET,,
3479,833633,,JANE WAMAITHA MIGWI,,723502246,KUSNET,,
3480,890032,,SAMUEL K. MWANIKI,,720718655,KUSNET,,
3481,1025200,,CAROLYNE NIERI,,723268113,KUSNET,,
3482,1123877,,MERCY NJOROGE,,742165169,KUSNET,,
3483,604086,,SUSAN W. KANYORI,,720843275,KUSNET,,
3484,949333,,MERCY KARANJA,,722441688,KUSNET,,
3485,774222,,MARTIN KARANJA,,708238275,KUSNET,,
3486,990202,,MARTIN KAMAU,,708716165,KUSNET,,
3487,479971,,MARIA MWANGI,,702496809,KUSNET,,
3488,102991,,VERONICA AIYELA,,740463627,KUSNET,,
3489,469821,,JACKSON KIIRU,,723359091,KUSNET,,
3490,687727,,ROSEMARY NJOGU,,705015981,KUSNET,,
3491,757273,,TERESIAN GATHONI,,729000607,KUSNET,,
3492,443250,,PHILISTER KINUTHIA,,715401223,KUSNET,,
3493,535311,,JAMES KIMANI,,725079295,KUSNET,,
3494,514916,22514505,Martha Sieunda Apiyo,"WESTLANDS,NAIROBI PRIMARY AND ST.GEORGES COMPREHENSIVE SCHOOLS BAND",720330899,BAND TEACHERS,NAIROBI,NAIROBI
3495,653912,28054458,Harriet Karimi kaberenge,"WESTLANDS,NAIROBI PRIMARY AND ST.GEORGES COMPREHENSIVE SCHOOLS BAND",711625512,BAND TEACHERS,NAIROBI,NAIROBI
3496,,25188132,Harris Ayoo,"WESTLANDS,NAIROBI PRIMARY AND ST.GEORGES COMPREHENSIVE SCHOOLS BAND",724789376,BAND TEACHERS,NAIROBI,NAIROBI
3497,571197,27272701,Collins onzere Buliva ,"WESTLANDS,NAIROBI PRIMARY AND ST.GEORGES COMPREHENSIVE SCHOOLS BAND",728993530,BAND TEACHERS,NAIROBI,NAIROBI
3498,,222342135,ORUKO Peninah,"WESTLANDS,NAIROBI PRIMARY AND ST.GEORGES COMPREHENSIVE SCHOOLS BAND",798608736,BAND TEACHERS,NAIROBI,NAIROBI
3499,429275,13529996,Agnes Nerima Omuke ,"WESTLANDS,NAIROBI PRIMARY AND ST.GEORGES COMPREHENSIVE SCHOOLS BAND",725866753,BAND TEACHERS,NAIROBI,NAIROBI
3500,,,Hope Moraa F,NAIROBI COMPREHENSIVE SCHOOL,,BAND,NAIROBI,NAIROBI
3501,,,Nusra Mzamil F,NAIROBI COMPREHENSIVE SCHOOL,,BAND,NAIROBI,NAIROBI
3502,,,Gabrielle  Moraa F,NAIROBI COMPREHENSIVE SCHOOL,,BAND,NAIROBI,NAIROBI
3503,,,Kimberly Njeri F,NAIROBI COMPREHENSIVE SCHOOL,,BAND,NAIROBI,NAIROBI
3504,,,Amanda Cate F,NAIROBI COMPREHENSIVE SCHOOL,,BAND,NAIROBI,NAIROBI
3505,,,Maria Maube F,NAIROBI COMPREHENSIVE SCHOOL,,BAND,NAIROBI,NAIROBI
3506,,,Levi Ndonye M,NAIROBI COMPREHENSIVE SCHOOL,,BAND,NAIROBI,NAIROBI
3507,,,Ella Tendai  F,NAIROBI COMPREHENSIVE SCHOOL,,BAND,NAIROBI,NAIROBI
3508,,,Nuri Wambua M,NAIROBI COMPREHENSIVE SCHOOL,,BAND,NAIROBI,NAIROBI
3509,,,Therese Wangeci F,NAIROBI COMPREHENSIVE SCHOOL,,BAND,NAIROBI,NAIROBI
3510,,,Dilan Kibet M,NAIROBI COMPREHENSIVE SCHOOL,,BAND,NAIROBI,NAIROBI
3511,,,Frank Louis M,NAIROBI COMPREHENSIVE SCHOOL,,BAND,NAIROBI,NAIROBI
3512,,,Luke Kioko M,NAIROBI COMPREHENSIVE SCHOOL,,BAND,NAIROBI,NAIROBI
3513,,,Trevor Gichuki M,NAIROBI COMPREHENSIVE SCHOOL,,BAND,NAIROBI,NAIROBI
3514,,,Faith Kirimi F,NAIROBI COMPREHENSIVE SCHOOL,,BAND,NAIROBI,NAIROBI
3515,,,Alexa Chepchirchir  F,NAIROBI COMPREHENSIVE SCHOOL,,BAND,NAIROBI,NAIROBI
3516,,,Catherine wanjiku F,NAIROBI COMPREHENSIVE SCHOOL,,BAND,NAIROBI,NAIROBI
3517,,,Ephraim Jubi M,NAIROBI COMPREHENSIVE SCHOOL,,BAND,NAIROBI,NAIROBI
3518,,,Abigael Akinyi F,NAIROBI COMPREHENSIVE SCHOOL,,BAND,NAIROBI,NAIROBI
3519,,,Tiffany Chebet  F,NAIROBI COMPREHENSIVE SCHOOL,,BAND,NAIROBI,NAIROBI
3520,,,Milcah Joy Akinyi F,NAIROBI COMPREHENSIVE SCHOOL,,BAND,NAIROBI,NAIROBI
3521,,,Nathan Odiek M,NAIROBI COMPREHENSIVE SCHOOL,,BAND,NAIROBI,NAIROBI
3522,,,Gerald Adika M,NAIROBI COMPREHENSIVE SCHOOL,,BAND,NAIROBI,NAIROBI
3523,,,Damien Mugo M,NAIROBI COMPREHENSIVE SCHOOL,,BAND,NAIROBI,NAIROBI
3524,,,Angela Kasuku F,NAIROBI COMPREHENSIVE SCHOOL,,BAND,NAIROBI,NAIROBI
3525,,,KhloeOlive Gachambi F,NAIROBI COMPREHENSIVE SCHOOL,,BAND,NAIROBI,NAIROBI
3526,,,Calista Angel F,NAIROBI COMPREHENSIVE SCHOOL,,BAND,NAIROBI,NAIROBI
3527,,,Telvin Kioko M,NAIROBI COMPREHENSIVE SCHOOL,,BAND,NAIROBI,NAIROBI
3528,,,Etana Munini F,NAIROBI COMPREHENSIVE SCHOOL,,BAND,NAIROBI,NAIROBI
3529,,,Natenya Mutheu F,NAIROBI COMPREHENSIVE SCHOOL,,BAND,NAIROBI,NAIROBI
3530,755832,32396992,JORAM OMENO,"WESTLANDS,NAIROBI PRIMARY AND ST.GEORGES COMPREHENSIVE SCHOOLS BAND",724884083,BAND TEACHERS,NAIROBI,NAIROBI
3531,1055109,23525925,LILIAN OMIA,"WESTLANDS,NAIROBI PRIMARY AND ST.GEORGES COMPREHENSIVE SCHOOLS BAND",728993530,BAND TEACHERS,NAIROBI,NAIROBI
3532,,39237195,JOSEPH WANGAI,"WESTLANDS,NAIROBI PRIMARY AND ST.GEORGES COMPREHENSIVE SCHOOLS BAND",704371624,BAND TEACHERS,NAIROBI,NAIROBI
3533,,,ELYSE NEEMA,NAIROBI COMPREHENSIVE SCHOOL,,BAND,NAIROBI,NAIROBI
3534,,,BRITTNEY CHEPKORIR,NAIROBI COMPREHENSIVE SCHOOL,,BAND,NAIROBI,NAIROBI
3535,,,ANGEL KENDI,NAIROBI COMPREHENSIVE SCHOOL,,BAND,NAIROBI,NAIROBI
3536,,,AMANI MUTHONI,NAIROBI COMPREHENSIVE SCHOOL,,BAND,NAIROBI,NAIROBI
3537,,,LILLY AGNES,NAIROBI COMPREHENSIVE SCHOOL,,BAND,NAIROBI,NAIROBI
3538,,,ABIGAEL MUNYIVA,NAIROBI COMPREHENSIVE SCHOOL,,BAND,NAIROBI,NAIROBI
3539,,,ANGEL MWENDE,NAIROBI COMPREHENSIVE SCHOOL,,BAND,NAIROBI,NAIROBI
3540,,,HADIYA MAYA,NAIROBI COMPREHENSIVE SCHOOL,,BAND,NAIROBI,NAIROBI
3541,,,DANIELLA ROBAI,NAIROBI COMPREHENSIVE SCHOOL,,BAND,NAIROBI,NAIROBI
3542,,,FAITH NYANGI,NAIROBI COMPREHENSIVE SCHOOL,,BAND,NAIROBI,NAIROBI
3543,,,FAITH MWENDE,NAIROBI COMPREHENSIVE SCHOOL,,BAND,NAIROBI,NAIROBI
3544,,,JOY FAUSTINA,NAIROBI COMPREHENSIVE SCHOOL,,BAND,NAIROBI,NAIROBI
3545,,,ZOEY HADASSAH,NAIROBI COMPREHENSIVE SCHOOL,,BAND,NAIROBI,NAIROBI
3546,,,CHELSEA MONYANGI,NAIROBI COMPREHENSIVE SCHOOL,,BAND,NAIROBI,NAIROBI
3547,,,AVISHA AMANA,NAIROBI COMPREHENSIVE SCHOOL,,BAND,NAIROBI,NAIROBI
3548,,,ESTHER WAIRIMU,NAIROBI COMPREHENSIVE SCHOOL,,BAND,NAIROBI,NAIROBI
3549,,,NATASHA OMUTICHIA,NAIROBI COMPREHENSIVE SCHOOL,,BAND,NAIROBI,NAIROBI
3550,,,RAWELL SANDRINE,NAIROBI COMPREHENSIVE SCHOOL,,BAND,NAIROBI,NAIROBI
3551,,,NOELA MACREANE,NAIROBI COMPREHENSIVE SCHOOL,,BAND,NAIROBI,NAIROBI
3552,,,ADELYNE BOSIBORI,NAIROBI COMPREHENSIVE SCHOOL,,BAND,NAIROBI,NAIROBI
3553,,,CHLOE JESSICAH,NAIROBI COMPREHENSIVE SCHOOL,,BAND,NAIROBI,NAIROBI
3554,,,SHALEEN NDWALE,NAIROBI COMPREHENSIVE SCHOOL,,BAND,NAIROBI,NAIROBI
3555,,,NELLY CHEMUTOAI,NAIROBI COMPREHENSIVE SCHOOL,,BAND,NAIROBI,NAIROBI
3556,,,ALICIA MWENDWA,NAIROBI COMPREHENSIVE SCHOOL,,BAND,NAIROBI,NAIROBI
3557,,,ALAWIYA AMANI,NAIROBI COMPREHENSIVE SCHOOL,,BAND,NAIROBI,NAIROBI
3558,,,SAVIOUR GARMALIEL,NAIROBI COMPREHENSIVE SCHOOL,,BAND,NAIROBI,NAIROBI
3559,,,MICH PATRICK,NAIROBI COMPREHENSIVE SCHOOL,,BAND,NAIROBI,NAIROBI
3560,,,JOELOSTEEN KOBIA,NAIROBI COMPREHENSIVE SCHOOL,,BAND,NAIROBI,NAIROBI
3561,,,ALEX NDIRANGU,NAIROBI COMPREHENSIVE SCHOOL,,BAND,NAIROBI,NAIROBI
3562,,,AUSTINE KAMAU,NAIROBI COMPREHENSIVE SCHOOL,,BAND,NAIROBI,NAIROBI
3563,,,JOHN ALPHA,NAIROBI COMPREHENSIVE SCHOOL,,BAND,NAIROBI,NAIROBI
3564,,,Tamara Rachelle - Violin,Westlands School ,,BAND,NAIROBI,NAIROBI
3565,,,Precious Zawadi - Violin,Westlands School ,,BAND,NAIROBI,NAIROBI
3566,,,Shamira Mbula - Violin,Westlands School ,,BAND,NAIROBI,NAIROBI
3567,,,Ekaterina wangari - Violin,Westlands School ,,BAND,NAIROBI,NAIROBI
3568,,,Shirleen Blessing - Violin,Westlands School ,,BAND,NAIROBI,NAIROBI
3569,,,Maryann Jemtai - Violin,Westlands School ,,BAND,NAIROBI,NAIROBI
3570,,,Janna wambui - Violin,Westlands School ,,BAND,NAIROBI,NAIROBI
3571,,,Qwen Kabucwa - Cornet,Westlands School ,,BAND,NAIROBI,NAIROBI
3572,,,Ben Jamba - Sax,Westlands School ,,BAND,NAIROBI,NAIROBI
3573,,,Oliver Kairanya- Trumpet,Westlands School ,,BAND,NAIROBI,NAIROBI
3574,,,Jayden Kiriuki - Trumpet,Westlands School ,,BAND,NAIROBI,NAIROBI
3575,,,Blessing Alluvisia - Trumpet,Westlands School ,,BAND,NAIROBI,NAIROBI
3576,,,John Allan - Trumpet,Westlands School ,,BAND,NAIROBI,NAIROBI
3577,,,Travis Paul - Trumpet,Westlands School ,,BAND,NAIROBI,NAIROBI
3578,,,Ian Mose - Sax,Westlands School ,,BAND,NAIROBI,NAIROBI
3579,,,Kelvin Ryan - Sax,Westlands School ,,BAND,NAIROBI,NAIROBI
3580,,,Kings Ray - Trumpet,Westlands School ,,BAND,NAIROBI,NAIROBI
3581,,,Nevil Kinyanjui - Sax,Westlands School ,,BAND,NAIROBI,NAIROBI
3582,,,Alberto Thande - Trumpet,Westlands School ,,BAND,NAIROBI,NAIROBI
3583,,,Diddy Darcile - Sax,Westlands School ,,BAND,NAIROBI,NAIROBI
3584,,,Maximain Morris - Sax,Westlands School ,,BAND,NAIROBI,NAIROBI
3585,,,Ethan Nasole - Sax,Westlands School ,,BAND,NAIROBI,NAIROBI
3586,,,Penuel Favour - Peri,Westlands School ,,BAND,NAIROBI,NAIROBI
3587,,,Shawn Paul - Peri,Westlands School ,,BAND,NAIROBI,NAIROBI
3588,,,Carsten Lugadilu - Trumpet,Westlands School ,,BAND,NAIROBI,NAIROBI
3589,,,Emmanuel kiptoo- Per,Westlands School ,,BAND,NAIROBI,NAIROBI
3590,,,Adrian Gwanda - Per,Westlands School ,,BAND,NAIROBI,NAIROBI
3591,,,Nathan Pulle - Camera Man,Westlands School ,,BAND,NAIROBI,NAIROBI
3592,,,Israel Mbugua - Peri,Westlands School ,,BAND,NAIROBI,NAIROBI
3593,,,Danovan Adiva,Westlands School ,,BAND,NAIROBI,NAIROBI
3594,,,Brian Mugambi,Westlands School ,,BAND,NAIROBI,NAIROBI
3595,437879,20699254,MARTIN MUINDI MUTISYA,,,MACHAKOS TEACHER,MACHAKOS,EASTERN
3596,524432,22874660,YVONNE MUTINDI MUSYOKA,,,MACHAKOS TEACHER,MACHAKOS,EASTERN
3597,526012,23860753,JUSTUS WAMBUA NZYUKO,,,MACHAKOS TEACHER,MACHAKOS,EASTERN
3598,544652,23585230,MARTIN KYALO KAWINZI,,,MACHAKOS TEACHER,MACHAKOS,EASTERN
3599,938099,32457985,MESHACK MBATHA NZAKU,,,MACHAKOS TEACHER,MACHAKOS,EASTERN
3600,522331,24694176,CAROLINE NDUNGE MBITHI,,,MACHAKOS TEACHER,MACHAKOS,EASTERN
3601,580960,27324697,JOEL KALII KILONZI,,,MACHAKOS TEACHER,MACHAKOS,EASTERN
3602,501170,23977365,MATHEW MUTISYA MUTUKU,,,MACHAKOS TEACHER,MACHAKOS,EASTERN
3603,861965,34828885,EVALINE NDUKU KELI,,,MACHAKOS TEACHER,MACHAKOS,EASTERN
3604,886341,28843012,BONFACE SILA MUTHOKA,,,MACHAKOS TEACHER,MACHAKOS,EASTERN
3605,695921,29723059,DOMINIC MUINDI NDUA,,,MACHAKOS TEACHER,MACHAKOS,EASTERN
3606,466119,13639434,STELLA NDUNGWA MUSAU,,,MACHAKOS TEACHER,MACHAKOS,EASTERN
3607,389488,13423136,IBRAHIM MULI NGUNGA,,,MACHAKOS TEACHER,MACHAKOS,EASTERN
3608,771078,29102176,LEONARD NYACHIRO OYWECHA,,,MACHAKOS TEACHER,MACHAKOS,EASTERN
3609,997242,31395116,JOSHUA MBAI,,,MACHAKOS TEACHER,MACHAKOS,EASTERN
3610,983796,34402116,ROBERT MBUVI MUTISYA,,,MACHAKOS TEACHER,MACHAKOS,EASTERN
3611,565149,28160407,KELVIN MUTIO,,,MACHAKOS TEACHER,MACHAKOS,EASTERN
3612,589365,28713704,RICHARD MWONGELA MUTISYA,,,MACHAKOS TEACHER,MACHAKOS,EASTERN
3613,809326,32170402,PETER MUTUKU MUINDE,,,MACHAKOS TEACHER,MACHAKOS,EASTERN
3614,864128,33309214,WANZILA NGUMBI,,,MACHAKOS TEACHER,MACHAKOS,EASTERN
3615,779352,32994492,FEDELIS WAVINYA,,,MACHAKOS TEACHER,MACHAKOS,EASTERN
3616,767069,31872693,GEOFFREY MUMO NYAMAI,,,MACHAKOS TEACHER,MACHAKOS,EASTERN
3617,777753,27702642,MICHAEL MUTISYA KIILU,,,MACHAKOS TEACHER,MACHAKOS,EASTERN
3618,684671,28466004,MAMBO GEORGE,,,MACHAKOS TEACHER,MACHAKOS,EASTERN
3619,797852,29150167,MORRIS MUIA MUMBE,,,MACHAKOS TEACHER,MACHAKOS,EASTERN
3620,585018,25292420,CAROLINE NDUKU MUINDE,,,MACHAKOS TEACHER,MACHAKOS,EASTERN
3621,1003933,29911952,BENJAMIN MUIA,,,MACHAKOS TEACHER,MACHAKOS,EASTERN
3622,881153,32452533,PETER MUTIE,,,MACHAKOS TEACHER,MACHAKOS,EASTERN
3623,658762,26142859,BENEDICT KITUKU,,,MACHAKOS TEACHER,MACHAKOS,EASTERN
3624,576810,26824039,GEORGE OUMA,,,MACHAKOS TEACHER,MACHAKOS,EASTERN
3625,604311,27484949,ESTHER MUISYO,,,MACHAKOS TEACHER,MACHAKOS,EASTERN
3626,702616,25960035,ANNETE MAWEU,,,MACHAKOS TEACHER,MACHAKOS,EASTERN
3627,536165,25057319,BONIFACE MUTISO KAVITA,,,MACHAKOS TEACHER,MACHAKOS,EASTERN
3628,579249,25505274,EDWARD KOLU KASIMU,,,MACHAKOS TEACHER,MACHAKOS,EASTERN
3629,991219,35791145,BRIAN KITHUKA MUANGE,,,MACHAKOS TEACHER,MACHAKOS,EASTERN
3630,709222,29653363,KENNETH WAMBUA,,,MACHAKOS TEACHER,MACHAKOS,EASTERN
3631,990915,33244690,FRANCIS WAMBUA,,,MACHAKOS TEACHER,MACHAKOS,EASTERN
3632,536034,25293882,DIANA MULUNGE,,,MACHAKOS TEACHER,MACHAKOS,EASTERN
3633,568945,23021083,STEVEN MUTUA,,,MACHAKOS TEACHER,MACHAKOS,EASTERN
3634,810005,31577805,EDWIN MUNYAO,,,MACHAKOS TEACHER,MACHAKOS,EASTERN
3635,994976,36628831,YVONNE MUTHINI,,,MACHAKOS TEACHER,MACHAKOS,EASTERN
3636,871270,33118624,AUGUSTINE MUTINDA,,,MACHAKOS TEACHER,MACHAKOS,EASTERN
3637,1009835,33764438,GRACE MUNYAO,,,MACHAKOS TEACHER,MACHAKOS,EASTERN
3638,931410,35171112,KELVIN MUTISYA,,,MACHAKOS TEACHER,MACHAKOS,EASTERN
3639,836083,28945050,VIRGINIA MUTUA,,,MACHAKOS TEACHER,MACHAKOS,EASTERN
3640,390884,11101812,ROBERT KAKIA,,,MACHAKOS TEACHER,MACHAKOS,EASTERN
3641,524052,22871795,FREDRICK MUNUVE,,,MACHAKOS TEACHER,MACHAKOS,EASTERN
3642,516936,23181723,RACHEAL MUTINDA,,,MACHAKOS TEACHER,MACHAKOS,EASTERN
3643,833004,31434840,TABITHA BONARERI,,,MACHAKOS TEACHER,MACHAKOS,EASTERN
3644,564440,25092094,ANNET KERUBO,,,MACHAKOS TEACHER,MACHAKOS,EASTERN
3645,543212,22345682,NYAMBOGA NYAOGA,,,MACHAKOS TEACHER,MACHAKOS,EASTERN
3646,769161,29727203,BELIEVE OMBAYE,,,MACHAKOS TEACHER,MACHAKOS,EASTERN
3647,690465,28460174,MUOKA PETER,,,MACHAKOS TEACHER,MACHAKOS,EASTERN
3648,767118,29313256,MUTUNGA JOHN,,,MACHAKOS TEACHER,MACHAKOS,EASTERN
3649,770866,30224591,ONESMUS NZIOKI,,,MACHAKOS TEACHER,MACHAKOS,EASTERN
3650,973734,34272772,MARIETTA MWENDE MBETE,,,MACHAKOS TEACHER,MACHAKOS,EASTERN
3651,763255,31639589,FAITH MUENI,,,MACHAKOS TEACHER,MACHAKOS,EASTERN
3652,982029,30367869,MARTHA MUTUKU,,,MACHAKOS TEACHER,MACHAKOS,EASTERN
3653,943944,29948367,PATRICK KYAMWEA,,,MACHAKOS TEACHER,MACHAKOS,EASTERN
3654,968475,35729302,SIMON KILOLI,,,MACHAKOS TEACHER,MACHAKOS,EASTERN
3655,855458,32448771,DAISY BARASA,,,MACHAKOS TEACHER,MACHAKOS,EASTERN
3656,1032082,36463751,JOSEPHAT MUTINDA,,,MACHAKOS TEACHER,MACHAKOS,EASTERN
3657,779029,26111870,JOSHUA KINGELE,,,MACHAKOS TEACHER,MACHAKOS,EASTERN
3658,1106697,41490751,STEPHEN MUTUKU,,,MACHAKOS TEACHER,MACHAKOS,EASTERN
3659,699876,29416955,ZECHARIA MUMO,,,MACHAKOS TEACHER,MACHAKOS,EASTERN
3660,1015701,36474939,MERCY MBEKE,,,MACHAKOS TEACHER,MACHAKOS,EASTERN
3661,972693,36344844,MERCY NDAYA,,,MACHAKOS TEACHER,MACHAKOS,EASTERN
3662,934750,33935953,JUSTUS KISYANG'A,,,MACHAKOS TEACHER,MACHAKOS,EASTERN
3663,868636,31527311,TOM FIDELI NDUNDA,,,MACHAKOS TEACHER,MACHAKOS,EASTERN
3664,458801,20014989,THERESIA N. MUANGE,,,MACHAKOS TEACHER,MACHAKOS,EASTERN
3665,857731,31127249,PATRICK MUSYOKI WANZA,,,MACHAKOS TEACHER,MACHAKOS,EASTERN
3666,506338,24450218,VINCENT KASIMU,,,MACHAKOS TEACHER,MACHAKOS,EASTERN
3667,544307,27062365,JULIUS KITHEKA,,,MACHAKOS TEACHER,MACHAKOS,EASTERN
3668,454402,20960337,COLLETA MWANGANGI,,,MACHAKOS TEACHER,MACHAKOS,EASTERN
3669,690556,29188020,PURITY KALEKYE,,,MACHAKOS TEACHER,MACHAKOS,EASTERN
3670,562547,27308294,JOSEPH MUTISO,,,MACHAKOS TEACHER,MACHAKOS,EASTERN
3671,741173,29329915,VERONICAH KIOKO,,,MACHAKOS TEACHER,MACHAKOS,EASTERN
3672,772230,28637818,YVONNE MUEMA,,,MACHAKOS TEACHER,MACHAKOS,EASTERN
3673,588337,27064084,WILBERFORCE MAKAU,,,MACHAKOS TEACHER,MACHAKOS,EASTERN
3674,702116,26123807,RICHARD MUTINDA,,,MACHAKOS TEACHER,MACHAKOS,EASTERN
3675,554833,25351872,IRENE KOINETE,,,MACHAKOS TEACHER,MACHAKOS,EASTERN
3676,393867,13424721,SHARON NZISA KYALLO,,,MACHAKOS TEACHER,MACHAKOS,EASTERN
3677,651435,27633960,FAITH KANINI MUTISO,,,MACHAKOS TEACHER,MACHAKOS,EASTERN
3678,524372,22935684,JOSHUA WAMBUA MUTHIANI,,,MACHAKOS TEACHER,MACHAKOS,EASTERN
3679,848901,32693261,JOSHUA NGAVE MBUVI,,,MACHAKOS TEACHER,MACHAKOS,EASTERN
3680,498070,13424721,STEPHEN MUTEVU MUTUKU,,,MACHAKOS TEACHER,MACHAKOS,EASTERN
3681,580976,27633960,BONFACE MULWA MBITHI,,,MACHAKOS TEACHER,MACHAKOS,EASTERN
3682,828212,22935684,YVONNE MWIKALI,,,MACHAKOS TEACHER,MACHAKOS,EASTERN
3683,656350,32693261,ANN WANJA,,,MACHAKOS TEACHER,MACHAKOS,EASTERN
3684,1179374,20774443,SAMANTHA MWONGELI,,,MACHAKOS TEACHER,MACHAKOS,EASTERN
3685,557002,25269656,SAMUEL KIMEU,,,MACHAKOS TEACHER,MACHAKOS,EASTERN
3686,545261,23314858,HARON MUTAVE,,,MACHAKOS TEACHER,MACHAKOS,EASTERN
3687,770577,28716747,VICTOR OCHIENG',,,MACHAKOS TEACHER,MACHAKOS,EASTERN
3688,786761,28659810,REDEMPTER MUTUA,,,MACHAKOS TEACHER,MACHAKOS,EASTERN
3689,492024,21745474,DANIEL MWAU,,,MACHAKOS TEACHER,MACHAKOS,EASTERN
3690,534311,25151714,JOSEPH MUTUNGA,,,MACHAKOS TEACHER,MACHAKOS,EASTERN
3691,995651,35877179,DENNIS MUTETI,,,MACHAKOS TEACHER,MACHAKOS,EASTERN
3692,889848,33364366,STEPHEN MUEMA,,,MACHAKOS TEACHER,MACHAKOS,EASTERN
3693,466956,21322493,JAMES MBINDA,,,MACHAKOS TEACHER,MACHAKOS,EASTERN
3694,778319,32041413,SUSAN MUTHUI,,,MACHAKOS TEACHER,MACHAKOS,EASTERN
3695,789159,30120705,JOSEPH KILONZO,,,MACHAKOS TEACHER,MACHAKOS,EASTERN
3696,711955,29402988,MONICAH JOHN,,,MACHAKOS TEACHER,MACHAKOS,EASTERN
3697,890314,33369755,EUNICE NZUVA,,,MACHAKOS TEACHER,MACHAKOS,EASTERN
3698,448759,21771047,STEPHEN MUTUKU,,,MACHAKOS TEACHER,MACHAKOS,EASTERN
3699,945294,30959864,CHRISTINE MUNYIVA,,,MACHAKOS TEACHER,MACHAKOS,EASTERN
3700,721365,29488679,CECILIA MUEMA,,,MACHAKOS TEACHER,MACHAKOS,EASTERN
3701,707434,29349346,JIMMY FRANCIS,,,MACHAKOS TEACHER,MACHAKOS,EASTERN
3702,579253,27410199,SHEDRACK MUTISYA,,,MACHAKOS TEACHER,MACHAKOS,EASTERN
3703,545023,25522350,SERAH MUNUVE,,,MACHAKOS TEACHER,MACHAKOS,EASTERN
3704,524393,23546533,JOHN INDIMULI,,,MACHAKOS TEACHER,MACHAKOS,EASTERN
3705,834236,32364906,FAITH MUSYOKI,,,MACHAKOS TEACHER,MACHAKOS,EASTERN
3706,843277,29365348,ELIJAH SAMUEL,,,MACHAKOS TEACHER,MACHAKOS,EASTERN
3707,918359,31501752,MONICAH NZOMO,,,MACHAKOS TEACHER,MACHAKOS,EASTERN
3708,670851,27883497,MICHAEL MWANIKI,,,MACHAKOS TEACHER,MACHAKOS,EASTERN
3709,492849,23388612,DANIEL NZIOKI,,,MACHAKOS TEACHER,MACHAKOS,EASTERN
3710,562527,25079274,COLLINS MASILA,,,MACHAKOS TEACHER,MACHAKOS,EASTERN
3711,833666,28551999,LILIAN MUCHIRA,,,MACHAKOS TEACHER,MACHAKOS,EASTERN
3712,457720,20097777,JOSEPH NDUNDA,,,MACHAKOS TEACHER,MACHAKOS,EASTERN
3713,507446,23516006,WYCLIFF ONYINKO,,,MACHAKOS TEACHER,MACHAKOS,EASTERN
3714,670007,25871940,COLLINS CHIENA,,,MACHAKOS TEACHER,MACHAKOS,EASTERN
3715,787834,32135415,EMMA MUTHOKA,,,MACHAKOS TEACHER,MACHAKOS,EASTERN
3716,934434,34737984,ESTHER NDOMA,,,MACHAKOS TEACHER,MACHAKOS,EASTERN
3717,564224,24945812,JOSPHINE JAMEL,,,MACHAKOS TEACHER,MACHAKOS,EASTERN
3718,877504,33105911,STEPHEN MUTHIANI,,,MACHAKOS TEACHER,MACHAKOS,EASTERN
3719,880146,27684793,PAUL MWENDWA,,,MACHAKOS TEACHER,MACHAKOS,EASTERN
3720,441368,12858782,MIKE KAMANDA,,,MACHAKOS TEACHER,MACHAKOS,EASTERN
3721,879833,31604625,IMMANUEL WAITA                                         ,,,MACHAKOS TEACHER,MACHAKOS,EASTERN
3722,552143,25439582,DANIEL MUNGUTI,,,MACHAKOS TEACHER,MACHAKOS,EASTERN
3723,846738,27172180,REGINA MUTAVA,,,MACHAKOS TEACHER,MACHAKOS,EASTERN
3724,938289,30942747,THOMAS MUTUKU,,,MACHAKOS TEACHER,MACHAKOS,EASTERN
3725,980238,32693819,CHRISTINE  MUMBUA,,,MACHAKOS TEACHER,MACHAKOS,EASTERN
3726,864196,32548350,DAVID MUMO,,,MACHAKOS TEACHER,MACHAKOS,EASTERN
3727,810087,32386334,ROBERT BARAZA,,,MACHAKOS TEACHER,MACHAKOS,EASTERN
3728,378359,14576400,RAPHAEL MAINGI,,,MACHAKOS TEACHER,MACHAKOS,EASTERN
3729,647965,27564249,SHADRACK SILA,,,MACHAKOS TEACHER,MACHAKOS,EASTERN
3730,687005,27988726,CHARLES MUTUKU,,,MACHAKOS TEACHER,MACHAKOS,EASTERN
3731,874774,33452944,RUTH MUEMA,,,MACHAKOS TEACHER,MACHAKOS,EASTERN
3732,356866,10174056,CHARLES MAKEWA,,,MACHAKOS TEACHER,MACHAKOS,EASTERN
3733,715870,27480697,DANIEL MUSYOKA,,,MACHAKOS TEACHER,MACHAKOS,EASTERN
3734,984123,35574984,SIMON MUINDI,,,MACHAKOS TEACHER,MACHAKOS,EASTERN
3735,826539,32278838,ROBERT MUTUA KANYENZE,,,MACHAKOS TEACHER,MACHAKOS,EASTERN
3736,448148,21727887,FRANCIS KIMITI WAWERU,,,MACHAKOS TEACHER,MACHAKOS,EASTERN
3737,872380,31395992,DENNIS WAMBUA,,,MACHAKOS TEACHER,MACHAKOS,EASTERN
3738,545473,24578633,BENJAMIN MUTISYA,,,MACHAKOS TEACHER,MACHAKOS,EASTERN
3739,559046,22935396,PETER MUTUNGA MUEMA,,,MACHAKOS TEACHER,MACHAKOS,EASTERN
3740,684389,28239498,EUNICE MULI,,,MACHAKOS TEACHER,MACHAKOS,EASTERN
3741,704920,28197607,EUNICE MUTETI,,,MACHAKOS TEACHER,MACHAKOS,EASTERN
3742,779163,28319933,NAOMY NDINDA JOHN,,,MACHAKOS TEACHER,MACHAKOS,EASTERN
3743,813798,32168203,NANCY MBALUKA,,,MACHAKOS TEACHER,MACHAKOS,EASTERN
3744,492918,22239287,BENARDETTE MUKENI,,,MACHAKOS TEACHER,MACHAKOS,EASTERN
3745,563507,24118062,DANIEL MUSYOKA MUOKI,,,MACHAKOS TEACHER,MACHAKOS,EASTERN
3746,630469,28280300,IBRAHIM KIDAGA,,,MACHAKOS TEACHER,MACHAKOS,EASTERN
3747,624874,27361399,JONES KILUNDO MUSIALA,,,MACHAKOS TEACHER,MACHAKOS,EASTERN
3748,762997,32497255,FRANCISCA MUNGUTI,,,MACHAKOS TEACHER,MACHAKOS,EASTERN
3749,1034580,37132137,FELISTA KANYIVA KANINI,,,MACHAKOS TEACHER,MACHAKOS,EASTERN
3750,845674,32452482,EMMANUEL NGUYO KAKONGO,,,MACHAKOS TEACHER,MACHAKOS,EASTERN
3751,583407,27446664,STEPHEN GICHABA,,,MACHAKOS TEACHER,MACHAKOS,EASTERN
3752,824635,32616418,JOHN MWANTHI,,,MACHAKOS TEACHER,MACHAKOS,EASTERN
3753,907548,33308862,MARTHA KISILU,,,MACHAKOS TEACHER,MACHAKOS,EASTERN
3754,927164,36568997,JOSEPH WAMBUA NGIE,,,MACHAKOS TEACHER,MACHAKOS,EASTERN
3755,666587,28722287,SABASTIAN MWANZA,,,MACHAKOS TEACHER,MACHAKOS,EASTERN
3756,63553,25209926,COSMUS KIOKO NDUVA,,,MACHAKOS TEACHER,MACHAKOS,EASTERN
3757,335724,10420404,ALFONSE MUTINDA KATEETI,,,MACHAKOS TEACHER,MACHAKOS,EASTERN
3758,981399,36124869,CALVIN MUNYWOKI KINYUNGU,,,MACHAKOS TEACHER,MACHAKOS,EASTERN
3759,577951,2444810,JOSEPH MUTUKU,,,MACHAKOS TEACHER,MACHAKOS,EASTERN
3760,716591,29526454,NAOMI MBINYA KITISYA,,,MACHAKOS TEACHER,MACHAKOS,EASTERN
3761,540468,22785392,GLADYS MULI NGALI,,,MACHAKOS TEACHER,MACHAKOS,EASTERN
3762,511989,22593691,SIMON NZIOKA,,,MACHAKOS TEACHER,MACHAKOS,EASTERN
3763,662416,24646651,DAVID KAVITA MUASA,,,MACHAKOS TEACHER,MACHAKOS,EASTERN
3764,638526,24934712,FESTUS MUTHEMBWA MUSILA,,,MACHAKOS TEACHER,MACHAKOS,EASTERN
3765,574334,21731411,JOHN KAARU,,,MACHAKOS TEACHER,MACHAKOS,EASTERN
3766,580648,25899960,JOSEPH MUSYOKI KALOKI,,,MACHAKOS TEACHER,MACHAKOS,EASTERN
3767,1033119,29096323,ELIZABETH NG'ONDU MUTISYA,,,MACHAKOS TEACHER,MACHAKOS,EASTERN
3768,587145,27872329,FRED M. MUSEMBI,,,MACHAKOS TEACHER,MACHAKOS,EASTERN
3769,792674,29253789,GEOFFREY MUTISO,,,MACHAKOS TEACHER,MACHAKOS,EASTERN
3770,558073,24724680,PHILMAH MUMO ,,,MACHAKOS TEACHER,MACHAKOS,EASTERN
3771,625039,27913198,EVALINE MUSAU,,,MACHAKOS TEACHER,MACHAKOS,EASTERN
3772,672973,27697428,MIRONGA KEVIN,,,MACHAKOS TEACHER,MACHAKOS,EASTERN
3773,519542,22887671,DANIEL NJOROGE NDUNG'U,,,MACHAKOS TEACHER,MACHAKOS,EASTERN
3774,698727,29090604,PETER MUTUKU KALOKO,,,MACHAKOS TEACHER,MACHAKOS,EASTERN
3775,763303,31496462,RIFFIN OSORO,,,MACHAKOS TEACHER,MACHAKOS,EASTERN
3776,576789,25771732,CHARLES MUTHENGI,,,MACHAKOS TEACHER,MACHAKOS,EASTERN
3777,524370,24679059,JANET W. MUASYA,,,MACHAKOS TEACHER,MACHAKOS,EASTERN
3778,494259,22910673,DANIEL MUEMA KAMAU,,,MACHAKOS TEACHER,MACHAKOS,EASTERN
3779,887361,28582048,MUMO KIMATU,,,MACHAKOS TEACHER,MACHAKOS,EASTERN
3780,405257,11861078,NAHUM MUNYIVA MUNYAO,,,MACHAKOS TEACHER,MACHAKOS,EASTERN
3781,934054,30121187,FLORENCE WAYUA MUTINDA,,,MACHAKOS TEACHER,MACHAKOS,EASTERN
3782,924851,34446154,VERONICAH KATULI KILONZO,,,MACHAKOS TEACHER,MACHAKOS,EASTERN
3783,961760,33200375,EVALYNE MUMBI MUTUKU,,,MACHAKOS TEACHER,MACHAKOS,EASTERN
3784,1082700,37887786,SARAH KALOKI,,,MACHAKOS TEACHER,MACHAKOS,EASTERN
3785,751003,32396796,EVANS MATIA,,,MACHAKOS TEACHER,MACHAKOS,EASTERN
3786,1072906,27905182,FRIDAH NDINDA,,,MACHAKOS TEACHER,MACHAKOS,EASTERN
3787,975629,34174879,BERNARD WAMBUA,,,MACHAKOS TEACHER,MACHAKOS,EASTERN
3788,435189,20283026,STEPHEN NTHUNGI ,,,MACHAKOS TEACHER,MACHAKOS,EASTERN
3789,781765,30819821,JACINTA KATUNGE ,,,MACHAKOS TEACHER,MACHAKOS,EASTERN
3790,769453,27878095,FLORENCE MWANGANGI,,,MACHAKOS TEACHER,MACHAKOS,EASTERN
3791,996273,29425858,BONFACE MWILU,,,MACHAKOS TEACHER,MACHAKOS,EASTERN
3792,935480,29083045,COSMUS MUTIE,,,MACHAKOS TEACHER,MACHAKOS,EASTERN
3793,965873,35625573,ANNA NDUNGE,,,MACHAKOS TEACHER,MACHAKOS,EASTERN
3794,830013,28993795,FRANCIS MUASYA,,,MACHAKOS TEACHER,MACHAKOS,EASTERN
3795,826460,31687487,KELVIN KIMATHI,,,MACHAKOS TEACHER,MACHAKOS,EASTERN
3796,774433,29016222,CYRUS MUSEE,,,MACHAKOS TEACHER,MACHAKOS,EASTERN
3797,715588,29380334,JOYCE MUNYAO,,,MACHAKOS TEACHER,MACHAKOS,EASTERN
3798,675198,27827408,DENNIS MARUBE,,,MACHAKOS TEACHER,MACHAKOS,EASTERN
3799,755654,29234306,PHILIP KITAVI,,,MACHAKOS TEACHER,MACHAKOS,EASTERN
3800,603435,27062665,CHARLES KATIKU,,,MACHAKOS TEACHER,MACHAKOS,EASTERN
3801,524431,23693703,PATRICK MWANGANGI,,,MACHAKOS TEACHER,MACHAKOS,EASTERN
3802,997246,30740856,BONFACE NZIOKI,,,MACHAKOS TEACHER,MACHAKOS,EASTERN
3803,816648,32926486,MILLICENT NZIOKA,,,MACHAKOS TEACHER,MACHAKOS,EASTERN
3804,839352,30900033,RYAN MUTUNGA,,,MACHAKOS TEACHER,MACHAKOS,EASTERN
3805,905320,28936707,BENEDETTA MWANZIA,,,MACHAKOS TEACHER,MACHAKOS,EASTERN
3806,701385,30304040,NORAH MUTHEU,,,MACHAKOS TEACHER,MACHAKOS,EASTERN
3807,809346,29422812,EMMANUEL MUTUKU,,,MACHAKOS TEACHER,MACHAKOS,EASTERN
3808,1097321,36718832,JAPETH MUTHIANI,,,MACHAKOS TEACHER,MACHAKOS,EASTERN
3809,929115,30737576,FELIX MUTISYA,,,MACHAKOS TEACHER,MACHAKOS,EASTERN
3810,921257,32378412,STEPHEN SAKU,,,MACHAKOS TEACHER,MACHAKOS,EASTERN
3811,497150,22739591,BENARD MUTHENGI,,,MACHAKOS TEACHER,MACHAKOS,EASTERN
3812,516542,23584901,WINROSE MUTUNGA,,,MACHAKOS TEACHER,MACHAKOS,EASTERN
3813,579245,26124680,MUMO CHARLES,,,MACHAKOS TEACHER,MACHAKOS,EASTERN
3814,955761,34168209,FAITH MWIKALI,,,MACHAKOS TEACHER,MACHAKOS,EASTERN
3815,714920,30870267,FAITH MUTUNE,,,MACHAKOS TEACHER,MACHAKOS,EASTERN
3816,519078,23673491,URBANUS KIKULUI,,,MACHAKOS TEACHER,MACHAKOS,EASTERN
3817,589185,26905018,SAMUEL MUTUKU,,,MACHAKOS TEACHER,MACHAKOS,EASTERN
3818,763904,29346465,JAMES OKUMU,,,MACHAKOS TEACHER,MACHAKOS,EASTERN
3819,809695,29169185,DANIEL NDAKA,,,MACHAKOS TEACHER,MACHAKOS,EASTERN
3820,817056,35518211,BENSON KAVAI,,,MACHAKOS TEACHER,MACHAKOS,EASTERN
3821,854213,31502914,GEOFFREY MONDA,,,MACHAKOS TEACHER,MACHAKOS,EASTERN
3822,380245,11255553,VIRGINIA NJOROGE,,,MACHAKOS TEACHER,MACHAKOS,EASTERN
3823,579269,26968936,JUSTUS WAMBUA,,,MACHAKOS TEACHER,MACHAKOS,EASTERN
3824,550878,22755846,NICOLAS MUSAU,,,MACHAKOS TEACHER,MACHAKOS,EASTERN
3825,442478,21748323,FRANCIS MUTHOKA,,,MACHAKOS TEACHER,MACHAKOS,EASTERN
3826,760455,30081798,BENJAMIN MUTISYA,,,MACHAKOS TEACHER,MACHAKOS,EASTERN
3827,559216,25390819,ELIJAH KAIRAU,,,MACHAKOS TEACHER,MACHAKOS,EASTERN
3828,671432,28537518,VERONICA MUTIO,,,MACHAKOS TEACHER,MACHAKOS,EASTERN
3829,782876,31281918,KELVIN KIOKO,,,MACHAKOS TEACHER,MACHAKOS,EASTERN
3830,325596,10930112,JULIUS MAKINI,,,MACHAKOS TEACHER,MACHAKOS,EASTERN
3831,989230,33811255,ELIJAH KAULU,,,MACHAKOS TEACHER,MACHAKOS,EASTERN
3832,842427,32508762,STELLA NDUNGE,,,MACHAKOS TEACHER,MACHAKOS,EASTERN
3833,877857,25807055,NICOLUS KINYUNGU,,,MACHAKOS TEACHER,MACHAKOS,EASTERN
3834,916969,33019813,BRAINSON WAMBUA,,,MACHAKOS TEACHER,MACHAKOS,EASTERN
3835,792790,31577935,NICHOLAS NGUMBI,,,MACHAKOS TEACHER,MACHAKOS,EASTERN
3836,867841,29798536,DOMINIC MULI,,,MACHAKOS TEACHER,MACHAKOS,EASTERN
3837,359038,11007357,SUSAN MUSYOKA,,,MACHAKOS TEACHER,MACHAKOS,EASTERN
3838,807054,30781103,JOSELINE MAKAU,,,MACHAKOS TEACHER,MACHAKOS,EASTERN
3839,857868,34513243,DENNIS MUINDE,,,MACHAKOS TEACHER,MACHAKOS,EASTERN
3840,965618,31397744,EUNICE NDAKU,,,MACHAKOS TEACHER,MACHAKOS,EASTERN
3841,924482,32600402,JOHN KIOKO,,,MACHAKOS TEACHER,MACHAKOS,EASTERN
3842,883511,28697349,JOSHUA PETER,,,MACHAKOS TEACHER,MACHAKOS,EASTERN
3843,981230,35104482,FRANCIS GUCHU,,,MACHAKOS TEACHER,MACHAKOS,EASTERN
3844,997870,25084752,PATRICK MUSAU,,,MACHAKOS TEACHER,MACHAKOS,EASTERN
3845,988502,36612376,JONATHAN KIMEU,,,MACHAKOS TEACHER,MACHAKOS,EASTERN
3846,576738,25989968,JOHN WATUKA,,,MACHAKOS TEACHER,MACHAKOS,EASTERN
3847,884740,33204660,BONIFACE MWILU,,,MACHAKOS TEACHER,MACHAKOS,EASTERN
3848,703775,29603886,FRANCIS NGOVI,,,MACHAKOS TEACHER,MACHAKOS,EASTERN
3849,756850,30424579,BLAIR KITHOME,,,MACHAKOS TEACHER,MACHAKOS,EASTERN
3850,839320,31982968,JAMES PAUL,,,MACHAKOS TEACHER,MACHAKOS,EASTERN
3851,862069,36384964,NADOSIOL SAMUEL,,,MACHAKOS TEACHER,MACHAKOS,EASTERN
3852,694813,24740524,BERNARD MALEI WAMBUA,,,MACHAKOS TEACHER,MACHAKOS,EASTERN
3853,720913,29723295,ELVIN OKECH,,,MACHAKOS TEACHER,MACHAKOS,EASTERN
3854,513461,22609355,RUTH MAINGI,,,MACHAKOS TEACHER,MACHAKOS,EASTERN
3855,544836,25270225,FREDRICK MUNYAO,,,MACHAKOS TEACHER,MACHAKOS,EASTERN
3856,977535,32492343,KELVIN KAUME,,,MACHAKOS TEACHER,MACHAKOS,EASTERN
3857,558785,25300226,SAMUEL OCHIENG,,,MACHAKOS TEACHER,MACHAKOS,EASTERN
3858,451923,14698487,STEPHEN MUSYIMI,,,MACHAKOS TEACHER,MACHAKOS,EASTERN
3859,829785,29462417,DANIEL MUTHIANI,,,MACHAKOS TEACHER,MACHAKOS,EASTERN
3860,854039,28412129,JOSHUA MUTUKU,,,MACHAKOS TEACHER,MACHAKOS,EASTERN
3861,795823,29929346,RAPHAEL NZIOKA KALOYO,,,MACHAKOS TEACHER,MACHAKOS,EASTERN
3862,577967,27957904,MERCY MWIKALI MUTAVA,,,MACHAKOS TEACHER,MACHAKOS,EASTERN
3863,625686,28400233,JOHN MZEE CHARLES,,,MACHAKOS TEACHER,MACHAKOS,EASTERN
3864,680226,29607434,JUDY MUTUKU,,,MACHAKOS TEACHER,MACHAKOS,EASTERN
3865,786834,31577895,JOHN MUENDO,,,MACHAKOS TEACHER,MACHAKOS,EASTERN
3866,451516,14622934,CROMWELL MUSAU MUVA,,,MACHAKOS TEACHER,MACHAKOS,EASTERN
3867,577968,23743360,WINFRED NDANU PETER,,,MACHAKOS TEACHER,MACHAKOS,EASTERN
3868,704504,30514740,EMMACULATE MUTUKU,,,MACHAKOS TEACHER,MACHAKOS,EASTERN
3869,504650,23747782,MAUREEN SAGALA,,,MACHAKOS TEACHER,MACHAKOS,EASTERN
3870,622463,27134282,STEPHEN M. KILONZI,,,MACHAKOS TEACHER,MACHAKOS,EASTERN
3871,846372,32975588,JAMES MWENDWA,,,MACHAKOS TEACHER,MACHAKOS,EASTERN
3872,871656,32464452,GERALD MANTHI,,,MACHAKOS TEACHER,MACHAKOS,EASTERN
3873,963449,34177820,MARTIN MUTUA,,,MACHAKOS TEACHER,MACHAKOS,EASTERN
3874,975400,35429087,MERCY KIOKO,,,MACHAKOS TEACHER,MACHAKOS,EASTERN
3875,712540,34281169,MERCY MULWA,,,MACHAKOS TEACHER,MACHAKOS,EASTERN
3876,704577,31039687,ELIZABETH KAMAMA,,,MACHAKOS TEACHER,MACHAKOS,EASTERN
3877,783679,29730975,WILSON MUTUNGA,,,MACHAKOS TEACHER,MACHAKOS,EASTERN
3878,976320,36391944,FELIX MUTHAMA,,,MACHAKOS TEACHER,MACHAKOS,EASTERN
3879,973524,31399289,PHILIP MUSYOKA,,,MACHAKOS TEACHER,MACHAKOS,EASTERN
3880,740148,24953032,SHARON PETER,,,MACHAKOS TEACHER,MACHAKOS,EASTERN
3881,514160,23970919,REBECCA KISILU,,,MACHAKOS TEACHER,MACHAKOS,EASTERN
3882,625760,28068712,SARAH MWENDE,,,MACHAKOS TEACHER,MACHAKOS,EASTERN
3883,550666,24470453,PETER MBITHI MUENDO,,,MACHAKOS TEACHER,MACHAKOS,EASTERN
3884,534370,24938341,EUNICE MWIKALI KIVIVYA,,,MACHAKOS TEACHER,MACHAKOS,EASTERN
3885,705951,30221993,MD. JACINTA NZIOKI,,,MACHAKOS TEACHER,MACHAKOS,EASTERN
3886,786707,31245560,PHILLIP MUTISYA,,,MACHAKOS TEACHER,MACHAKOS,EASTERN
3887,676989,28482071,THOMAS MUTUA MUNYAO,,,MACHAKOS TEACHER,MACHAKOS,EASTERN
3888,1016776,27644102,MUTUA SHADRACK,,,MACHAKOS TEACHER,MACHAKOS,EASTERN
3889,787947,29539741,MOFFAT MUASYA,,,MACHAKOS TEACHER,MACHAKOS,EASTERN
3890,725766,28627386,FRANCIS WAMBUA MUTUNGA,,,MACHAKOS TEACHER,MACHAKOS,EASTERN
3891,651085,28045058,ANN MUEMA,,,MACHAKOS TEACHER,MACHAKOS,EASTERN
3892,678399,29676077,KEVIN KITUKU,,,MACHAKOS TEACHER,MACHAKOS,EASTERN
3893,503003,23793652,SOPHINA NDINDA MATIVO,,,MACHAKOS TEACHER,MACHAKOS,EASTERN
3894,948013,34166438,NICHOLAS MUEMA,,,MACHAKOS TEACHER,MACHAKOS,EASTERN
3895,723887,31100830,JUDY MICHAEL,,,MACHAKOS TEACHER,MACHAKOS,EASTERN
3896,832594,31422340,SYLVANUS KIMUYU,,,MACHAKOS TEACHER,MACHAKOS,EASTERN
3897,958500,33381733,MWANZIA MUSYOKA,,,MACHAKOS TEACHER,MACHAKOS,EASTERN
3898,958525,35909514,JAPHETH WASUA,,,MACHAKOS TEACHER,MACHAKOS,EASTERN
3899,1035283,36923668,ANNASTACIA MUTHIANI,,,MACHAKOS TEACHER,MACHAKOS,EASTERN
3900,962461,25596671,WINSTON MULEI,,,MACHAKOS TEACHER,MACHAKOS,EASTERN
3901,858070,33576997,SYLVIA MUIA,,,MACHAKOS TEACHER,MACHAKOS,EASTERN
3902,843468,28406197,SYLVESTER NGIE,,,MACHAKOS TEACHER,MACHAKOS,EASTERN
3903,818139,31566033,BRIAN MUNYAO,,,MACHAKOS TEACHER,MACHAKOS,EASTERN
3904,952016,34799713,IRENE MUTUA,,,MACHAKOS TEACHER,MACHAKOS,EASTERN
3905,823368,33574111,CYNTHIA MASILA,,,MACHAKOS TEACHER,MACHAKOS,EASTERN
3906,552796,22909349,JOEL BOWEN,,,MACHAKOS TEACHER,MACHAKOS,EASTERN
3907,684828,24902157,FRANK ODUOR ODADA,,,MACHAKOS TEACHER,MACHAKOS,EASTERN
3908,657944,27208231,CHESIRE BEN KIMUTAI,,,MACHAKOS TEACHER,MACHAKOS,EASTERN
3909,796524,31396637,CONSOLATA NGALI KINYILI,,,MACHAKOS TEACHER,MACHAKOS,EASTERN
3910,567262,25742474,FELIX MUSYOKA KALINGWA,,,MACHAKOS TEACHER,MACHAKOS,EASTERN
3911,604237,27061904,BENARD MWANZIA KALOYO,,,MACHAKOS TEACHER,MACHAKOS,EASTERN
3912,797843,30338677,JULIANA MUTHOKI MAKENZI,,,MACHAKOS TEACHER,MACHAKOS,EASTERN
3913,848073,31497994,REDEMTA MULI,,,MACHAKOS TEACHER,MACHAKOS,EASTERN
3914,527758,24113850,DERRICK MWATHANI,,,MACHAKOS TEACHER,MACHAKOS,EASTERN
3915,508445,23615111,FIDELIS MUTHAMA,,,MACHAKOS TEACHER,MACHAKOS,EASTERN
3916,511159,23691719,NAOMI MBUVI,,,MACHAKOS TEACHER,MACHAKOS,EASTERN
3917,616341,28574282,DORCAS MILWA,,,MACHAKOS TEACHER,MACHAKOS,EASTERN
3918,768834,28544157,NDAMBUKI JUSTUS,,,MACHAKOS TEACHER,MACHAKOS,EASTERN
3919,878248,32402034,JOSEPH KISILU,,,MACHAKOS TEACHER,MACHAKOS,EASTERN
3920,503381,21701230,JAMAINE KEKE,,,MACHAKOS TEACHER,MACHAKOS,EASTERN
3921,861955,32459844,JOSEPH MUALUKO,,,MACHAKOS TEACHER,MACHAKOS,EASTERN
3922,963608,34557456,JAYNET NDINDA,,,MACHAKOS TEACHER,MACHAKOS,EASTERN
3923,680701,27883170,DINAH MUMO,,,MACHAKOS TEACHER,MACHAKOS,EASTERN
3924,843106,32994182,SAMUEL KITONGA,,,MACHAKOS TEACHER,MACHAKOS,EASTERN
3925,1091845,33131571,STEPHEN MAKAU,,,MACHAKOS TEACHER,MACHAKOS,EASTERN
3926,962741,30661537,CAROLINE KAVUU KING'OO,,,MACHAKOS TEACHER,MACHAKOS,EASTERN
3927,835720,30521781,BONFACE MUISYO KITUKU,,,MACHAKOS TEACHER,MACHAKOS,EASTERN
3928,681879,29552161,FIDELIS MBITHI MUSAU,,,MACHAKOS TEACHER,MACHAKOS,EASTERN
3929,974216,33382602,ALEX MUTISYA MAINGI,,,MACHAKOS TEACHER,MACHAKOS,EASTERN
3930,832310,31202519,AURTHUR OMUSE,,,MACHAKOS TEACHER,MACHAKOS,EASTERN
3931,743295,29168945,DOMINIC MBATHA MUIA,,,MACHAKOS TEACHER,MACHAKOS,EASTERN
3932,1097398,39408937,MICHAEL WAMBUA MUOKI,,,MACHAKOS TEACHER,MACHAKOS,EASTERN
3933,987724,35585169,SIMON MAKAU NTHIWA,,,MACHAKOS TEACHER,MACHAKOS,EASTERN
3934,876801,33593646,PAUL KYALO,,,MACHAKOS TEACHER,MACHAKOS,EASTERN
3935,870715,33383415,BENEDICT MWENDWA MULI,,,MACHAKOS TEACHER,MACHAKOS,EASTERN
3936,895897,34922344,ALBANUS KIOKO,,,MACHAKOS TEACHER,MACHAKOS,EASTERN
3937,780535,32833297,PATRICK NZOMO,,,MACHAKOS TEACHER,MACHAKOS,EASTERN
3938,1019663,35703805,ELIJAH KITAVI MUTUA,,,MACHAKOS TEACHER,MACHAKOS,EASTERN
3939,661749,26858463,WILFRED MUTUA,,,MACHAKOS TEACHER,MACHAKOS,EASTERN
3940,917788,34475795,VERONICA MUMO NTHUSI,,,MACHAKOS TEACHER,MACHAKOS,EASTERN
3941,933395,33086000,ALEXANDER KYAMA PETER,,,MACHAKOS TEACHER,MACHAKOS,EASTERN
3942,945408,32983656,MUNYAO KITUMU,,,MACHAKOS TEACHER,MACHAKOS,EASTERN
3943,811243,29562527,MUTUNGA TITUS MUSYOKI,,,MACHAKOS TEACHER,MACHAKOS,EASTERN
3944,951310,34155773,FELISTA MUTINDA,,,MACHAKOS TEACHER,MACHAKOS,EASTERN
3945,558663,23680449,FELIX NDEGE,,,MACHAKOS TEACHER,MACHAKOS,EASTERN
3946,853670,31979683,SIMON MUTUNGA,,,MACHAKOS TEACHER,MACHAKOS,EASTERN
3947,883884,33324780,KAMUTI KYALO,,,MACHAKOS TEACHER,MACHAKOS,EASTERN
3948,1031414,36949447,PETER MUSEMBI,,,MACHAKOS TEACHER,MACHAKOS,EASTERN
3949,763969,29671313,GEORGE MUTUKU,,,MACHAKOS TEACHER,MACHAKOS,EASTERN
3950,510511,23338052,GEOFFREY NDUNGU,,,MACHAKOS TEACHER,MACHAKOS,EASTERN
3951,786013,29312584,MICHEAL MBITHI,,,MACHAKOS TEACHER,MACHAKOS,EASTERN
3952,604262,26217038,BENSON MUTUNGA KISINGU,,,MACHAKOS TEACHER,MACHAKOS,EASTERN
3953,827445,31509498,GEDION VELA,,,MACHAKOS TEACHER,MACHAKOS,EASTERN
3954,904314,32259771,THOMAS MUSYOKA,,,MACHAKOS TEACHER,MACHAKOS,EASTERN
3955,564466,25120704,EVANS MWANIKI MUTISYA,,,MACHAKOS TEACHER,MACHAKOS,EASTERN
3956,579924,25934321,DANIEL MWENDWA MWANZA,,,MACHAKOS TEACHER,MACHAKOS,EASTERN
3957,825431,29601985,PHILOMENA MWIKALI MUTINDA,,,MACHAKOS TEACHER,MACHAKOS,EASTERN
3958,805682,31402360,FRANCISCA NZIOKI,,,MACHAKOS TEACHER,MACHAKOS,EASTERN
3959,836049,31671997,MIRRIAM NGEI,,,MACHAKOS TEACHER,MACHAKOS,EASTERN
3960,688129,29118809,STEPHEN KASYOKI MUTUKU,,,MACHAKOS TEACHER,MACHAKOS,EASTERN
3961,892940,33750687,JOSEPH MAKAU NGILA,,,MACHAKOS TEACHER,MACHAKOS,EASTERN
3962,829377,25151637,BRIGID KATOKO DAVID,,,MACHAKOS TEACHER,MACHAKOS,EASTERN
3963,641936,27254475,SHAPAYA JORAM,,,MACHAKOS TEACHER,MACHAKOS,EASTERN
3964,439562,20051326,NIXON WAMBUA MATHULI,,,MACHAKOS TEACHER,MACHAKOS,EASTERN
3965,514838,24288419,FAITH MATHEI MBALUKA,,,MACHAKOS TEACHER,MACHAKOS,EASTERN
3966,910884,33500452,BRIAN MUTIE MUSYOKA,,,MACHAKOS TEACHER,MACHAKOS,EASTERN
3967,549563,24213120,BENEDETTA KIUA,,,MACHAKOS TEACHER,MACHAKOS,EASTERN
3968,586104,26748121,JAMES MUTUKU MULEI,,,MACHAKOS TEACHER,MACHAKOS,EASTERN
3969,826445,29866960,ZACHARIA OPOLLO,,,MACHAKOS TEACHER,MACHAKOS,EASTERN
3970,787834,32135415,EMMA MATHEKA,,,MACHAKOS TEACHER,MACHAKOS,EASTERN
3971,564698,25377379,SHADRACK MWENDWA,,,MACHAKOS TEACHER,MACHAKOS,EASTERN
3972,657600,22962905,FLORIDAH KETER,,,MACHAKOS TEACHER,MACHAKOS,EASTERN
3973,649420,27492907,BENJAMIN M. KIMINZA,,,MACHAKOS TEACHER,MACHAKOS,EASTERN
3974,977445,36291678,MISHI MAULIDI,,,MACHAKOS TEACHER,MACHAKOS,EASTERN
3975,950880,35698678,SOPHY OKEYA,,,MACHAKOS TEACHER,MACHAKOS,EASTERN
3976,558314,25133489,RISPER ANJAWA,,,MACHAKOS TEACHER,MACHAKOS,EASTERN
3977,942020,33315230,JOSEPH MUTISO JOHN,,,MACHAKOS TEACHER,MACHAKOS,EASTERN
3978,875699,28130430,BERNARD MUTISO,,,MACHAKOS TEACHER,MACHAKOS,EASTERN
3979,1007320,35541129,PATRICK MUSYOKA VAATI,,,MACHAKOS TEACHER,MACHAKOS,EASTERN
3980,928152,36225780,FESTUS MUSYOKA,,,MACHAKOS TEACHER,MACHAKOS,EASTERN
3981,930736,28883344,GEOFFREY KAMETI SIMON,,,MACHAKOS TEACHER,MACHAKOS,EASTERN
3982,873006,31833087,DENIS KASUKI MUASA,,,MACHAKOS TEACHER,MACHAKOS,EASTERN
3983,580479,28192439,DORCUS MINOO KIMONGO,,,MACHAKOS TEACHER,MACHAKOS,EASTERN
3984,996028,32427145,JOHN MUTHINI,,,MACHAKOS TEACHER,MACHAKOS,EASTERN
3985,493375,22592921,JAPHETH MWALIMU,,,MACHAKOS TEACHER,MACHAKOS,EASTERN
3986,524433,23653633,PETER MUNGAI NJOGU,,,MACHAKOS TEACHER,MACHAKOS,EASTERN
3987,656133,28619167,ERICK SHIRENGO,,,MACHAKOS TEACHER,MACHAKOS,EASTERN
3988,701580,27960008,IGNATIUS MUNENE NTURIBI,,,MACHAKOS TEACHER,MACHAKOS,EASTERN
3989,817620,29008361,BONIFACE MUTINDA,,,MACHAKOS TEACHER,MACHAKOS,EASTERN
3990,617038,27892196,GABRIEL OKWEMBA,,,MACHAKOS TEACHER,MACHAKOS,EASTERN
3991,663942,28716362,KEVIN MAKHULU,,,MACHAKOS TEACHER,MACHAKOS,EASTERN
3992,570268,24752471,JOSHUA MAVUTI MUSA,,,MACHAKOS TEACHER,MACHAKOS,EASTERN
3993,767179,29663567,JONATHAN NDIVO KYOVE,,,MACHAKOS TEACHER,MACHAKOS,EASTERN
3994,977900,34898501,LIZA KATHAMBI,,,MACHAKOS TEACHER,MACHAKOS,EASTERN
3995,,20803946,EUNICE KABURO,,,MACHAKOS TEACHER,MACHAKOS,EASTERN
3996,,5773823,DR. LUCY BARIMBUI,,,MACHAKOS TEACHER,MACHAKOS,EASTERN
3997,,22195103,JOHN ONYANDO,,,MACHAKOS TEACHER,MACHAKOS,EASTERN
3998,,14420945,RODAH KABURU,,,MACHAKOS TEACHER,MACHAKOS,EASTERN
3999,,26090894,POLVIN OUMA,,,NAIROBI TEACHER,NAIROBI,NAIROBI
4000,,24900475,BONNY JUNGE,,,NAIROBI TEACHER,NAIROBI,NAIROBI
4001,,8557231,ALFONSE KAIO,,,NAIROBI TEACHER,NAIROBI,NAIROBI
4002,,3101274,JAMES KAMAU ,,,NAIROBI TEACHER,NAIROBI,NAIROBI
4003,,13582110,HARUN MWAKHA,,,NAIROBI TEACHER,NAIROBI,NAIROBI
4004,807257,32589803,Erick Munyao Maithya,,,NAIROBI TEACHER,NAIROBI,NAIROBI
4005,699073,,Ronald Tinega,,,NAIROBI TEACHER,NAIROBI,NAIROBI
4006,879573,28160918,Silvano Maleas Arodi,,,NAIROBI TEACHER,NAIROBI,NAIROBI
4007,704944,30959099,Felix Muhati ,,,NAIROBI TEACHER,NAIROBI,NAIROBI
4008,921231,32715274,Grace Muli,,,NAIROBI TEACHER,NAIROBI,NAIROBI
4009,1043075,,John Oltukai ,,,NAIROBI TEACHER,NAIROBI,NAIROBI
4010,773150,,Desmond William Jobita,,,NAIROBI TEACHER,NAIROBI,NAIROBI
4011,864612,34323706,Macreane Auma,,,NAIROBI TEACHER,NAIROBI,NAIROBI
4012,1035488,38185396,Emmanuel Voyo,,,NAIROBI TEACHER,NAIROBI,NAIROBI
4013,962147,34531487,Geoffrey Michira,,,NAIROBI TEACHER,NAIROBI,NAIROBI
4014,1076306,37089168,Sheita Wamalwa,,,NAIROBI TEACHER,NAIROBI,NAIROBI
4015,780207,31658546,John Melvin ,,,NAIROBI TEACHER,NAIROBI,NAIROBI
4016,868284,33377986,Abel Orori,,,NAIROBI TEACHER,NAIROBI,NAIROBI
4017,1043633,34395351,Kevin Ogamba,,,NAIROBI TEACHER,NAIROBI,NAIROBI
4018,954061,31972143,Rodgers Odhiambo,,,NAIROBI TEACHER,NAIROBI,NAIROBI
4019,760814,29471878,Wambui Susan,,,NAIROBI TEACHER,NAIROBI,NAIROBI
4020,923057,29411809,Odhiambo Erick Ochieng,,,NAIROBI TEACHER,NAIROBI,NAIROBI
4021,914932,30261086,Nicholas Apiyo,,,NAIROBI TEACHER,NAIROBI,NAIROBI
4022,964159,34973384,Sheila Kiprotich,,,NAIROBI TEACHER,NAIROBI,NAIROBI
4023,755324,31195874,Ann Wothaya,,,NAIROBI TEACHER,NAIROBI,NAIROBI
4024,1040228,34447027,Mercyline Marko,,,NAIROBI TEACHER,NAIROBI,NAIROBI
4025,1082864,38477161,Felix Kibet ,,,NAIROBI TEACHER,NAIROBI,NAIROBI
4026,886680,33314001,Purity Musembi,,,NAIROBI TEACHER,NAIROBI,NAIROBI
4027,996152,24986945,Samuel Nzaluki,,,NAIROBI TEACHER,NAIROBI,NAIROBI
4028,976884,34742895,Weddy Lucky,,,NAIROBI TEACHER,NAIROBI,NAIROBI
4029,963659,34570773,Rael Moraa Mochabo,,,NAIROBI TEACHER,NAIROBI,NAIROBI
4030,987727,33056727,Miriam Muiruri,,,NAIROBI TEACHER,NAIROBI,NAIROBI
4031,729944,30216437,Olga Odiwuor,,,NAIROBI TEACHER,NAIROBI,NAIROBI
4032,969395,34531464,Gladys Tinega,,,NAIROBI TEACHER,NAIROBI,NAIROBI
4033,870347,34410121,Simon Ndegwa,,,NAIROBI TEACHER,NAIROBI,NAIROBI
4034,873050,33502387,Gilbert Kiprono,,,NAIROBI TEACHER,NAIROBI,NAIROBI
4035,988065,33967120,Felix Odhiambo,,,NAIROBI TEACHER,NAIROBI,NAIROBI
4036,1004564,32514280,Maxmillah Luvandwa,,,NAIROBI TEACHER,NAIROBI,NAIROBI
4037,1030651,34685970,Beatrice Cherono,,,NAIROBI TEACHER,NAIROBI,NAIROBI
4038,864721,31881542,Alfred Joshua,,,NAIROBI TEACHER,NAIROBI,NAIROBI
4039,988643,32793830,Ivy Usagi,,,NAIROBI TEACHER,NAIROBI,NAIROBI
4040,932337,33820082,Damaris Okerio,,,NAIROBI TEACHER,NAIROBI,NAIROBI
4041,1087115,38025547,Jane Moraa ,,,NAIROBI TEACHER,NAIROBI,NAIROBI
4042,864703,30603328,Daniel mbiva,,,NAIROBI TEACHER,NAIROBI,NAIROBI
4043,935062,32270373,Samson Akutia,,,NAIROBI TEACHER,NAIROBI,NAIROBI
4044,919760,33303100,Phaustine Murumba,,,NAIROBI TEACHER,NAIROBI,NAIROBI
4045,766597,30245107,Milka Wambui,,,NAIROBI TEACHER,NAIROBI,NAIROBI
4046,918276,33475208,Alex Kisaka,,,NAIROBI TEACHER,NAIROBI,NAIROBI
4047,974678,31561884,Cecilia Mwende,,,NAIROBI TEACHER,NAIROBI,NAIROBI
4048,832263,30106469,Kelvin Oyenga ,,,NAIROBI TEACHER,NAIROBI,NAIROBI
4049,659990,28712927,Edna Cherono sirma,,,NAIROBI TEACHER,NAIROBI,NAIROBI
4050,943046,33290719,Elizabeth Ndinda Sammy,,,NAIROBI TEACHER,NAIROBI,NAIROBI
4051,963119,35094759,PAULYNE CHUMO,,,NAIROBI TEACHER,NAIROBI,NAIROBI
4052,931446,33685639,KINARA OSORO,,,NAIROBI TEACHER,NAIROBI,NAIROBI
4053,769668,29398597,Elvis Oyieko Bokea,,,NAIROBI TEACHER,NAIROBI,NAIROBI
4054,987122,35716045,Albert achuti machuma ,,,NAIROBI TEACHER,NAIROBI,NAIROBI
4055,795019,25967456,Nelly KULEI ,,,NAIROBI TEACHER,NAIROBI,NAIROBI
4056,933356,24767796,RICHARD OSORO ONKENDI,,,NAIROBI TEACHER,NAIROBI,NAIROBI
4057,1035989,***,Antony Nthiani ,,,NAIROBI TEACHER,NAIROBI,NAIROBI
4058,712425,2789682,Miriam maroo,,,NAIROBI TEACHER,NAIROBI,NAIROBI
4059,901314,27924024, Hazel Aduvaga,,,NAIROBI TEACHER,NAIROBI,NAIROBI
4060,924644,35128375,Quinter Akinyi,,,NAIROBI TEACHER,NAIROBI,NAIROBI
4061,422022,12773289,Winfred k Munyambu,,,NAIROBI TEACHER,NAIROBI,NAIROBI
4062,307460,9751566,James Mutegi kathengu,,,NAIROBI TEACHER,NAIROBI,NAIROBI
4063,1069250,38412914,Sharon wekesa,,,NAIROBI TEACHER,NAIROBI,NAIROBI
4064,782527,32281772,Stanley kemboi,,,NAIROBI TEACHER,NAIROBI,NAIROBI
4065,946306,29430368,Roy Ouma ,,,NAIROBI TEACHER,NAIROBI,NAIROBI
4066,931102,27908119,Naomi Guto,,,NAIROBI TEACHER,NAIROBI,NAIROBI
4067,805821,31881053,Wycliffe muema munyao,,,NAIROBI TEACHER,NAIROBI,NAIROBI
4068,906358,33218544,Moses Alex ,,,NAIROBI TEACHER,NAIROBI,NAIROBI
4069,1003334,37050230,Peter MUNGAI,,,NAIROBI TEACHER,NAIROBI,NAIROBI
4070,992626,35593283,Brillan China,,,NAIROBI TEACHER,NAIROBI,NAIROBI
4071,854574,32395553,Dominic Gwaro ,,,NAIROBI TEACHER,NAIROBI,NAIROBI
4072,1043075,34283012,Eunice Mbithe ,,,NAIROBI TEACHER,NAIROBI,NAIROBI
4073,1035604,37270431,Enock Changalwa ,,,NAIROBI TEACHER,NAIROBI,NAIROBI
4074,1074040,34354040, Peter kuria,,,NAIROBI TEACHER,NAIROBI,NAIROBI
4075,1046486,33398458,Masese Brian,,,NAIROBI TEACHER,NAIROBI,NAIROBI
4076,695555,27845316, Esther Njoki ,,,NAIROBI TEACHER,NAIROBI,NAIROBI
4077,983776,35674416,Okoth Charles ,,,NAIROBI TEACHER,NAIROBI,NAIROBI
4078,825641,31588485,Peter Kikuvi,,,NAIROBI TEACHER,NAIROBI,NAIROBI
4079,683276,28724957,Joseph Okeri,,,NAIROBI TEACHER,NAIROBI,NAIROBI
4080,765977,27610144,Boniface Otenyo,,,NAIROBI TEACHER,NAIROBI,NAIROBI
4081,1056808,38261364,Mercy Anyango,,,NAIROBI TEACHER,NAIROBI,NAIROBI
4082,828607,33325403,Felistus Masila,,,NAIROBI TEACHER,NAIROBI,NAIROBI
4083,1019054,35480193,Sifuna Peter Wanjala,,,NAIROBI TEACHER,NAIROBI,NAIROBI
4084,982564,34666154,Mercy Mumbua,,,NAIROBI TEACHER,NAIROBI,NAIROBI
4085,948671,31603577,Andrew Michira,,,NAIROBI TEACHER,NAIROBI,NAIROBI
4086,764475,27411750,Elias Barasa,,,NAIROBI TEACHER,NAIROBI,NAIROBI
4087,923142,26026791,Margret Sakwa,,,NAIROBI TEACHER,NAIROBI,NAIROBI
4088,1070115,36534316,Zeinab Abdullahi,,,NAIROBI TEACHER,NAIROBI,NAIROBI
4089,572436,23341567,Geofrey Omwoyo,,,NAIROBI TEACHER,NAIROBI,NAIROBI
4090,843769,27785253,Asuma Erick,,,NAIROBI TEACHER,NAIROBI,NAIROBI
4091,796538,30401502,Ann Wambui Kibe,,,NAIROBI TEACHER,NAIROBI,NAIROBI
4092,654609,28254251,James Macharia,,,NAIROBI TEACHER,NAIROBI,NAIROBI
4093,721096,28734699,Miriam Kyalo,,,NAIROBI TEACHER,NAIROBI,NAIROBI
4094,818608,30283670,Duke Ombati,,,NAIROBI TEACHER,NAIROBI,NAIROBI
4095,939715,33457468,Bildad Ochanda Otieno,,,NAIROBI TEACHER,NAIROBI,NAIROBI
4096,747239,25209151,Kipkemoi Leonard,,,NAIROBI TEACHER,NAIROBI,NAIROBI
4097,871617,28806650,Ulaja Nelson Onzere,,,NAIROBI TEACHER,NAIROBI,NAIROBI
4098,895981,32192357,Lucy Nduta,,,NAIROBI TEACHER,NAIROBI,NAIROBI
4099,919224,33474351,Isaac Okero,,,NAIROBI TEACHER,NAIROBI,NAIROBI
4100,910757,32942558,Mary Elizabet Aulo,,,NAIROBI TEACHER,NAIROBI,NAIROBI
4101,927787,34992311,Tracy Mwihaki Njoroge,,,NAIROBI TEACHER,NAIROBI,NAIROBI
4102,864161,31574173,Lilian Teresa Hocheli,,,NAIROBI TEACHER,NAIROBI,NAIROBI
4103,1085471,36286069,Amos Nyamwaka,,,NAIROBI TEACHER,NAIROBI,NAIROBI
4104,843530,32496955,Nancy Rugendo,,,NAIROBI TEACHER,NAIROBI,NAIROBI
4105,906770,29415212,Heyi Phanice Muhonja,,,NAIROBI TEACHER,NAIROBI,NAIROBI
4106,769602,30024701,Eunice Betha Mulefu,,,NAIROBI TEACHER,NAIROBI,NAIROBI
4107,993869,25187325,Pitynes Mugambi,,,NAIROBI TEACHER,NAIROBI,NAIROBI
4108,864396,30232863,Chrisantus Ontiri Bigutu,,,NAIROBI TEACHER,NAIROBI,NAIROBI
4109,879880,32665442,Kabara Clide,,,NAIROBI TEACHER,NAIROBI,NAIROBI
4110,967979,36341248,Willis Aluko,,,NAIROBI TEACHER,NAIROBI,NAIROBI
4111,1015478,39358224,Bonaventure Hesbon Kibet,,,NAIROBI TEACHER,NAIROBI,NAIROBI
4112,676388,26795635,Joseph Kabura,,,NAIROBI TEACHER,NAIROBI,NAIROBI
4113,785539,31870934,Okungu Alice Awino,,,NAIROBI TEACHER,NAIROBI,NAIROBI
4114,825188,28808452,Onyang'i Duke Sokobe,,,NAIROBI TEACHER,NAIROBI,NAIROBI
4115,88507,33238861,Evans Jakopiata,,,NAIROBI TEACHER,NAIROBI,NAIROBI
4116,781294,32332963,Geoffrey Okong'o ,,,NAIROBI TEACHER,NAIROBI,NAIROBI
4117,738000,30067721,Mary Wayua Kiio ,,,NAIROBI TEACHER,NAIROBI,NAIROBI
4118,921691,31014551,ALFRED MAINGI ,,,NAIROBI TEACHER,NAIROBI,NAIROBI
4119,782318,29917868,Lucy Muthengi,,,NAIROBI TEACHER,NAIROBI,NAIROBI
4120,917978,33200652,Christine kathoni maore,,,NAIROBI TEACHER,NAIROBI,NAIROBI
4121,928374,23548735,Maureen Achieng Ochero ,,,NAIROBI TEACHER,NAIROBI,NAIROBI
4122,712936,***,Constance Joyce Okhako,,,NAIROBI TEACHER,NAIROBI,NAIROBI
4123,803543,32927364,Dorcah Morara,,,NAIROBI TEACHER,NAIROBI,NAIROBI
4124,830874,26947769,Esbon Marendi ,,,NAIROBI TEACHER,NAIROBI,NAIROBI
4125,779987,31598412,ELIZABETH NJOGU,,,NAIROBI TEACHER,NAIROBI,NAIROBI
4126,1025083,37368262,COLLINS SUNGUT MUTUGAA,,,NAIROBI TEACHER,NAIROBI,NAIROBI
4127,974815,36589500,LYDIA NZOKA,,,NAIROBI TEACHER,NAIROBI,NAIROBI
4128,875477,32303574,ENOCK ISHUKA,,,NAIROBI TEACHER,NAIROBI,NAIROBI
4129,749282,29520945,CHRISTINE OWISO,,,NAIROBI TEACHER,NAIROBI,NAIROBI
4130,904288,28078608,OKEMWA RONALD,,,NAIROBI TEACHER,NAIROBI,NAIROBI
4131,962263,33354194,JERUTO SHARON,,,NAIROBI TEACHER,NAIROBI,NAIROBI
4132,812778,31505354,CHEPKOECH ROP,,,NAIROBI TEACHER,NAIROBI,NAIROBI
4133,720199,30267207,LILIAN ORATO,,,NAIROBI TEACHER,NAIROBI,NAIROBI
4134,1103304,28769054,ANGELINE MUSYOKI,,,NAIROBI TEACHER,NAIROBI,NAIROBI
4135,966768,25837005,HEGEN WILFRED,,,NAIROBI TEACHER,NAIROBI,NAIROBI
4136,1138291,36868699,ALLAN ODONGO,,,NAIROBI TEACHER,NAIROBI,NAIROBI
4137,1104937,38990106,TIMOTHY KIPLETING,,,NAIROBI TEACHER,NAIROBI,NAIROBI
4138,735072,29450309,EDWARD MAKAMBA,,,NAIROBI TEACHER,NAIROBI,NAIROBI
4139,982641,36518679,HESBON OKINDO,,,NAIROBI TEACHER,NAIROBI,NAIROBI
4140,864356,24604720,SANDRA MAUTIA,,,NAIROBI TEACHER,NAIROBI,NAIROBI
4141,932472,33486041,BENARD OGACHI,,,NAIROBI TEACHER,NAIROBI,NAIROBI
4142,901246,32752937,EVANS OMARIBA,,,NAIROBI TEACHER,NAIROBI,NAIROBI
4143,766132,30358434,JECKONIA OKUNA,,,NAIROBI TEACHER,NAIROBI,NAIROBI
4144,1012619,25887376,ONUONG'A EZRA WAINDI,,,NAIROBI TEACHER,NAIROBI,NAIROBI
4145,854014,27597457,SAMWEL NGUNYI NDUNG'U,,,NAIROBI TEACHER,NAIROBI,NAIROBI
4146,881431,29696935,MERCY KILWAKE,,,NAIROBI TEACHER,NAIROBI,NAIROBI
4147,772161,30578431,GODFREY NJUGUNA,,,NAIROBI TEACHER,NAIROBI,NAIROBI
4148,874008,33014753,SHARON TOMNO,,,NAIROBI TEACHER,NAIROBI,NAIROBI
4149,1061530,36818729,JAPHET OMBUI,,,NAIROBI TEACHER,NAIROBI,NAIROBI
4150,883586,33796295,MIKE ROTICH,,,NAIROBI TEACHER,NAIROBI,NAIROBI
4151,726592,29432950,MICHEAL WANYAMA,,,NAIROBI TEACHER,NAIROBI,NAIROBI
4152,783840,24428722,ERICK NYACHIEO,,,NAIROBI TEACHER,NAIROBI,NAIROBI
4153,764521,30802486,GLORIAH LIAMBILA,,,NAIROBI TEACHER,NAIROBI,NAIROBI
4154,854764,29483249,ELIPHAS MACHARIA,,,NAIROBI TEACHER,NAIROBI,NAIROBI
4155,1055654,38899254,SOPHIAH NYARIBO,,,NAIROBI TEACHER,NAIROBI,NAIROBI
4156,1118125,39497963,CARL OCHIENG,,,NAIROBI TEACHER,NAIROBI,NAIROBI
4157,747461,30333202,FAITH CHERONO,,,NAIROBI TEACHER,NAIROBI,NAIROBI
4158,820235,30567765,ARNOLD CLEMENT,,,NAIROBI TEACHER,NAIROBI,NAIROBI
4159,688196,29430755,ZAINAB CHEROP HASSAN,,,NAIROBI TEACHER,NAIROBI,NAIROBI
4160,948635,34211816,RAMADHAN KAMANZA,,,NAIROBI TEACHER,NAIROBI,NAIROBI
4161,852359,32278093,DENNIS   MOKUA,,,NAIROBI TEACHER,NAIROBI,NAIROBI
4162,762688,32239336,MARY   ORAKO,,,NAIROBI TEACHER,NAIROBI,NAIROBI
4163,793045,31794767,VIVIAN  ANYANGO,,,NAIROBI TEACHER,NAIROBI,NAIROBI
4164,873885,32018873,ALEX  MAKORI,,,NAIROBI TEACHER,NAIROBI,NAIROBI
4165,773649,31010019,GABRIEL  MBITHI,,,NAIROBI TEACHER,NAIROBI,NAIROBI
4166,762726,30113814,EMMANUEL  ONGALO,,,NAIROBI TEACHER,NAIROBI,NAIROBI
4167,910455,33392777,VICTOR  ONYANGO,,,NAIROBI TEACHER,NAIROBI,NAIROBI
4168,907888,32979370,JAMES  MUTUNGA,,,NAIROBI TEACHER,NAIROBI,NAIROBI
4169,778228,29189781,MAURICE  WAFULA,,,NAIROBI TEACHER,NAIROBI,NAIROBI
4170,930184,25575380,VERONICAH  ARADI,,,NAIROBI TEACHER,NAIROBI,NAIROBI
4171,687681,28154421,GLADYS  MATIOLI,,,NAIROBI TEACHER,NAIROBI,NAIROBI
4172,832147,33604484,MAUREEN  ABISAKI,,,NAIROBI TEACHER,NAIROBI,NAIROBI
4173,843816,32857447,LUCAS  ALFONS,,,NAIROBI TEACHER,NAIROBI,NAIROBI
4174,827668,31981405,DOROTHY  NYAGAKA,,,NAIROBI TEACHER,NAIROBI,NAIROBI
4175,877446,726450560,JANE MURIITHI,,,NAIROBI TEACHER,NAIROBI,NAIROBI
4176,979349,34217207,DIANA   KAMATHI,,,NAIROBI TEACHER,NAIROBI,NAIROBI
4177,***,25943082,SALDRINE ANDESO,,,NAIROBI TEACHER,NAIROBI,NAIROBI
4178,1091419,37503450,DANCAN  ONYANGO,,,NAIROBI TEACHER,NAIROBI,NAIROBI
4179,986582,31449370,Ann Munyao,,,NAIROBI TEACHER,NAIROBI,NAIROBI
4180,1003021,38408169,Richard Nyabuto,,,NAIROBI TEACHER,NAIROBI,NAIROBI
4181,842495,29789069,Sella Anyango,,,NAIROBI TEACHER,NAIROBI,NAIROBI
4182,995051,36277042,Effie Adhiambo,,,NAIROBI TEACHER,NAIROBI,NAIROBI
4183,703362,28740804,Asumpta Ndanu,,,NAIROBI TEACHER,NAIROBI,NAIROBI
4184,647105,25166383,Winter Ochieng ,,,NAIROBI TEACHER,NAIROBI,NAIROBI
4185,1023114,35724006,Lydiah Chepchirchir,,,NAIROBI TEACHER,NAIROBI,NAIROBI
4186,919766,34087490,Wekesa Kelvin ,,,NAIROBI TEACHER,NAIROBI,NAIROBI
4187,968333,35008216,Obadia Obiri,,,NAIROBI TEACHER,NAIROBI,NAIROBI
4188,994925,28475011,Diana Otieno,,,NAIROBI TEACHER,NAIROBI,NAIROBI
4189,1031601,35465463,Benson Barasa,,,NAIROBI TEACHER,NAIROBI,NAIROBI
4190,1102001,39558104,John Okari,,,NAIROBI TEACHER,NAIROBI,NAIROBI
4191,851851,32769143,Naomi Atwori,,,NAIROBI TEACHER,NAIROBI,NAIROBI
4192,901325,33849479,Nazerian Anyango,,,NAIROBI TEACHER,NAIROBI,NAIROBI
4193,815525,32363134,Veronicah Achieng,,,NAIROBI TEACHER,NAIROBI,NAIROBI
4194,1034396,34472200,Joyce Kipngetich,,,NAIROBI TEACHER,NAIROBI,NAIROBI
4195,850477,33222113,Raphaela Too,,,NAIROBI TEACHER,NAIROBI,NAIROBI
4196,1043872,34392399,Naomi Chelagat,,,NAIROBI TEACHER,NAIROBI,NAIROBI
4197,860953,30415910,Fredrick Otieno,,,NAIROBI TEACHER,NAIROBI,NAIROBI
4198,806606,31824546,Boniface Mutua,,,NAIROBI TEACHER,NAIROBI,NAIROBI
4199,767281,27441257,Damaris Khisa,,,NAIROBI TEACHER,NAIROBI,NAIROBI
4200,10573557,34860340,Nkong'e Stephen,,,NAIROBI TEACHER,NAIROBI,NAIROBI
4201,723155,30818568,Gladys Maina,,,NAIROBI TEACHER,NAIROBI,NAIROBI
4202,1024084,31778187,James Onyonyi,,,NAIROBI TEACHER,NAIROBI,NAIROBI
4203,907016,907016,Mike Odhiambo,,,NAIROBI TEACHER,NAIROBI,NAIROBI
4204,530424,25076446,Eunice Ngigi,,,NAIROBI TEACHER,NAIROBI,NAIROBI
4205,761716,29447288,Elijah Matoke,,,NAIROBI TEACHER,NAIROBI,NAIROBI
4206,1092455,34898332,lenamarker Hellen,,,NAIROBI TEACHER,NAIROBI,NAIROBI
4207,854795,32311907,Richard Mutua,,,NAIROBI TEACHER,NAIROBI,NAIROBI
4208,986877,32356166,Douglas Gichaba,,,NAIROBI TEACHER,NAIROBI,NAIROBI
4209,872853,33206109,Adams Moturi,,,NAIROBI TEACHER,NAIROBI,NAIROBI
4210,780798,32063535,Faith Kiio,,,NAIROBI TEACHER,NAIROBI,NAIROBI
4211,678241,27531324,Joshua Njoroge,,,NAIROBI TEACHER,NAIROBI,NAIROBI
4212,863143,32093902,Lilian Mauaka,,,NAIROBI TEACHER,NAIROBI,NAIROBI
4213,910578,34274929,Mercy Nyaga,,,NAIROBI TEACHER,NAIROBI,NAIROBI
4214,910578,34274929,Ann Gathoni,,,NAIROBI TEACHER,NAIROBI,NAIROBI
4215,912309,33153966,Cleophas Gekonge,,,NAIROBI TEACHER,NAIROBI,NAIROBI
4216,925636,31050292,Samuel Onumya,,,NAIROBI TEACHER,NAIROBI,NAIROBI
4217,851946,32855519,Joan Chepgetich,,,NAIROBI TEACHER,NAIROBI,NAIROBI
4218,897396,28765208,Evans Odour,,,NAIROBI TEACHER,NAIROBI,NAIROBI
4219,952379,33672827,Mercyline Kwamboka,,,NAIROBI TEACHER,NAIROBI,NAIROBI
4220,714195,30325597,Mary Mute,,,NAIROBI TEACHER,NAIROBI,NAIROBI
4221,10229757,38176584,Obed Kennedy,,,NAIROBI TEACHER,NAIROBI,NAIROBI
4222,675845,29122706,Dorcas Maina,,,NAIROBI TEACHER,NAIROBI,NAIROBI
4223,1078632,35226827,Annastacia Jerotich,,,NAIROBI TEACHER,NAIROBI,NAIROBI
4224,33331961,33331961,Melywish Otiato,,,NAIROBI TEACHER,NAIROBI,NAIROBI
4225,818609,30426623,Angela Municho,,,NAIROBI TEACHER,NAIROBI,NAIROBI
4226,1023607,31673848,lewis Mukutsi,,,NAIROBI TEACHER,NAIROBI,NAIROBI
4227,745995,28206471,Douglas Sikuku,,,NAIROBI TEACHER,NAIROBI,NAIROBI
4228,876271,31794926,Antony Rukunga,,,NAIROBI TEACHER,NAIROBI,NAIROBI
4229,890181,32302980,Scholastic Mukokho,,,NAIROBI TEACHER,NAIROBI,NAIROBI
4230,879496,30237107,Erick Kesa,,,NAIROBI TEACHER,NAIROBI,NAIROBI
4231,986384,35894822,Daniel Wafula,,,NAIROBI TEACHER,NAIROBI,NAIROBI
4232,872988,33328260,Esther Kananu,,,NAIROBI TEACHER,NAIROBI,NAIROBI
4233,854575,32439804,Amos Karani,,,NAIROBI TEACHER,NAIROBI,NAIROBI
4234,1033997,35658121,Victor Keango,,,NAIROBI TEACHER,NAIROBI,NAIROBI
4235,988334,32378476,Nashon Anuro,,,NAIROBI TEACHER,NAIROBI,NAIROBI
4236,846605,24226116,Jared Maiko,,,NAIROBI TEACHER,NAIROBI,NAIROBI
4237,788002,30162451,Rodgers Matangi,,,NAIROBI TEACHER,NAIROBI,NAIROBI
4238,697880,27335406,Margaret Mawira,,,NAIROBI TEACHER,NAIROBI,NAIROBI
4239,786148,33343792,Mercy Malumbe,,,NAIROBI TEACHER,NAIROBI,NAIROBI
4240,1080591,34274864,Kanyili Kelvin,,,NAIROBI TEACHER,NAIROBI,NAIROBI
4241,953100,34277993,lincy Juma,,,NAIROBI TEACHER,NAIROBI,NAIROBI
4242,819675,32350846,Dennis Maina,,,NAIROBI TEACHER,NAIROBI,NAIROBI
4243,879201,34234965,Rebecca Omari,,,NAIROBI TEACHER,NAIROBI,NAIROBI
4244,721765,30065096,Metrine Muhambe,,,NAIROBI TEACHER,NAIROBI,NAIROBI
4245,882459,33765736,Donald Bayayi,,,NAIROBI TEACHER,NAIROBI,NAIROBI
4246,707473,30575295,Alex Farijala,,,NAIROBI TEACHER,NAIROBI,NAIROBI
4247,817238,30326526,Samuel Kamau,,,NAIROBI TEACHER,NAIROBI,NAIROBI
4248,846789,32674524,Elizabeth Barasa,,,NAIROBI TEACHER,NAIROBI,NAIROBI
4249,913457,30214641,VITALIS WHITE,,,NAIROBI TEACHER,NAIROBI,NAIROBI
4250,787506,28933698,ALICE MUTISO,,,NAIROBI TEACHER,NAIROBI,NAIROBI
4251,769107,31867956,MILDRED KWAMBOKA,,,NAIROBI TEACHER,NAIROBI,NAIROBI
4252,927699,33599545,CAROLINE NJAU,,,NAIROBI TEACHER,NAIROBI,NAIROBI
4253,910704,33326101,TERESIA WANGUI,,,NAIROBI TEACHER,NAIROBI,NAIROBI
4254,1040454,38411046,MARK WAMBUA,,,NAIROBI TEACHER,NAIROBI,NAIROBI
4255,1085226,32532422,GILBERT OYARO,,,NAIROBI TEACHER,NAIROBI,NAIROBI
4256,1050108,37143148,TERRY WANYAMA,,,NAIROBI TEACHER,NAIROBI,NAIROBI
4257,746118,31573066,ABIGAIL MWELIA,,,NAIROBI TEACHER,NAIROBI,NAIROBI
4258,847113,33474314,AGNES OMETE,,,NAIROBI TEACHER,NAIROBI,NAIROBI
4259,947855,34199694,SILVESTER NYABINGE,,,NAIROBI TEACHER,NAIROBI,NAIROBI
4260,587791,28126684,ASHA OKOTH,,,NAIROBI TEACHER,NAIROBI,NAIROBI
4261,758112,3117209,LUCY MUSASI,,,NAIROBI TEACHER,NAIROBI,NAIROBI
4262,846240,30517096,VICTOR MUTUA,,,NAIROBI TEACHER,NAIROBI,NAIROBI
4263,1041659,35399637,OLIVER SIMIYU,,,NAIROBI TEACHER,NAIROBI,NAIROBI
4264,899592,25204407,ESTHER KAMAU,,,NAIROBI TEACHER,NAIROBI,NAIROBI
4265,1109978,39125875,KEVIN WANJALA,,,NAIROBI TEACHER,NAIROBI,NAIROBI
4266,515749,,ABEL CHUMA,,,NAIROBI TEACHER,NAIROBI,NAIROBI
4267,1009704,31601621,PAULINE MAKORI,,,NAIROBI TEACHER,NAIROBI,NAIROBI
4268,837246,30774495,JOHN OWUOR,,,NAIROBI TEACHER,NAIROBI,NAIROBI
4269,976792,29157385,DANIEL NOAH NDUBI,,,NAIROBI TEACHER,NAIROBI,NAIROBI
4270,878804,33267031,STEPHEN TUVA,,,NAIROBI TEACHER,NAIROBI,NAIROBI
4271,757306,30273339,MILDRED MONCHARI,,,NAIROBI TEACHER,NAIROBI,NAIROBI
4272,854164,29809188,PETER MURIITHI,,,NAIROBI TEACHER,NAIROBI,NAIROBI
4273,1115504,37211575,FAITH OWUOR,,,NAIROBI TEACHER,NAIROBI,NAIROBI
4274,739609,31862832,JUDITH MUKAISI,,,NAIROBI TEACHER,NAIROBI,NAIROBI
4275,890998,33859778,JESSICA AMBEYI,,,NAIROBI TEACHER,NAIROBI,NAIROBI
4276,918924,32509485,VIVIAN NEMELOK,,,NAIROBI TEACHER,NAIROBI,NAIROBI
4277,918924,32841747,EMMY NASULINE,,,NAIROBI TEACHER,NAIROBI,NAIROBI
4278,890341,33428779,NELSON OMACHE,,,NAIROBI TEACHER,NAIROBI,NAIROBI
4279,945697,35358753,GLORI GACHERI,,,NAIROBI TEACHER,NAIROBI,NAIROBI
4280,745684,28654813,WYCLIFFE MOKAYA,,,NAIROBI TEACHER,NAIROBI,NAIROBI
4281,848613,32762068,SALVINE OUMA,,,NAIROBI TEACHER,NAIROBI,NAIROBI
4282,775719,28444143,FRANCIS MURIITHI,,,NAIROBI TEACHER,NAIROBI,NAIROBI
4283,815714,30052732,DAISY CHEPKIBUT,,,NAIROBI TEACHER,NAIROBI,NAIROBI
4284,946527,32870884,IAN DUNCAN,,,NAIROBI TEACHER,NAIROBI,NAIROBI
4285,860615,30230258,CAROLINE SHITANDA,,,NAIROBI TEACHER,NAIROBI,NAIROBI
4286,864608,29552372,CLINTON AMALEMBA,,,NAIROBI TEACHER,NAIROBI,NAIROBI
4287,930170,34119342,SELVIN ONDENG,,,NAIROBI TEACHER,NAIROBI,NAIROBI
4288,1047681,31016333,DOMINIC SANGAE,,,NAIROBI TEACHER,NAIROBI,NAIROBI
4289,986576,26202322,ZACHARY OWINO,,,NAIROBI TEACHER,NAIROBI,NAIROBI
4290,702847,30231749,Risper otwori,,,NAIROBI TEACHER,NAIROBI,NAIROBI
4291,968639,32410016,Kyalo sila,,,NAIROBI TEACHER,NAIROBI,NAIROBI
4292,1065572,38304421,Colin omari,,,NAIROBI TEACHER,NAIROBI,NAIROBI
4293,879760,32344090,Jackson simiyu,,,NAIROBI TEACHER,NAIROBI,NAIROBI
4294,1007104,33742303,Helen Aseka,,,NAIROBI TEACHER,NAIROBI,NAIROBI
4295,497945,22217241,Josphine muthumbi,,,NAIROBI TEACHER,NAIROBI,NAIROBI
4296,968210,35913120,Elizabeth waweru,,,NAIROBI TEACHER,NAIROBI,NAIROBI
4297,1014528,35715784,Levis omondi,,,NAIROBI TEACHER,NAIROBI,NAIROBI
4298,985514,37939450,Kevin nyabuto,,,NAIROBI TEACHER,NAIROBI,NAIROBI
4299,1057509,,Irene Akinyi ,,,NAIROBI TEACHER,NAIROBI,NAIROBI
4300,843333,29953292,David Achira,,,NAIROBI TEACHER,NAIROBI,NAIROBI
4301,828643,28952852,Were Edgar,,,NAIROBI TEACHER,NAIROBI,NAIROBI
4302,1001806,35841013,Ann Sila,,,NAIROBI TEACHER,NAIROBI,NAIROBI
4303,905549,32963314,Vivian Otieno,,,NAIROBI TEACHER,NAIROBI,NAIROBI
4304,949817,32938687,Nancy kerubo,,,NAIROBI TEACHER,NAIROBI,NAIROBI
4305,781078,30233342,NICHOLAS KABAYA,,,NAIROBI TEACHER,NAIROBI,NAIROBI
4306,767137,28645383,ANNA KIMATHI,,,NAIROBI TEACHER,NAIROBI,NAIROBI
4307,782055,28745792,PETER RONO,,,NAIROBI TEACHER,NAIROBI,NAIROBI
4308,995404,30631910,GRACE KERUBO,,,NAIROBI TEACHER,NAIROBI,NAIROBI
4309,1022795,27460319,HEZRON KABENEI,,,NAIROBI TEACHER,NAIROBI,NAIROBI
4310,1056802,32851404,STEPHEN KYALO,,,NAIROBI TEACHER,NAIROBI,NAIROBI
4311,744187,32686136,MUMA VERONICAH,,,NAIROBI TEACHER,NAIROBI,NAIROBI
4312,871910,33311142,CYRUS NCHOBERA,,,NAIROBI TEACHER,NAIROBI,NAIROBI
4313,762819,29417971,DOUGLAS NYAMACHE,,,NAIROBI TEACHER,NAIROBI,NAIROBI
4314,780728,28527581,Magati Philemon Omwoyo ,,,NAIROBI TEACHER,NAIROBI,NAIROBI
4315,848132,22503370,CAROLINE JAICAH,,,NAIROBI TEACHER,NAIROBI,NAIROBI
4316,1022437,36749123,AMOS NYAKERI,,,NAIROBI TEACHER,NAIROBI,NAIROBI
4317,844710,33016678,Emmaculate Orenge,,,NAIROBI TEACHER,NAIROBI,NAIROBI
4318,9072245,32566640,Diana Kadesa,,,NAIROBI TEACHER,NAIROBI,NAIROBI
4319,879269,31993674,ALFANO OINO,,,NAIROBI TEACHER,NAIROBI,NAIROBI
4320,808042,32667811,SHEILA AKOTH,,,NAIROBI TEACHER,NAIROBI,NAIROBI
4321,884843,30243660,GRACE MURIITHI,,,NAIROBI TEACHER,NAIROBI,NAIROBI
4322,783765,30546575,MICHAEL MURANGIRI,,,NAIROBI TEACHER,NAIROBI,NAIROBI
4323,919103,29994713,EVERLYNE AKOTH,,,NAIROBI TEACHER,NAIROBI,NAIROBI
4324,928427,32234024,ERICK MURIUKI,,,NAIROBI TEACHER,NAIROBI,NAIROBI
4325,1029811,35784129,JOSEPHINE MUTHETHIA,,,NAIROBI TEACHER,NAIROBI,NAIROBI
4326,1101679,32463541,CHRISTINE BWARI,,,NAIROBI TEACHER,NAIROBI,NAIROBI
4327,764156,30085718,MICHAEL MISIGA,,,NAIROBI TEACHER,NAIROBI,NAIROBI
4328,1068747,1068747,PURITY MUTUKU,,,NAIROBI TEACHER,NAIROBI,NAIROBI
4329,823742,28906828,SOLOMON OKOTH,,,NAIROBI TEACHER,NAIROBI,NAIROBI
4330,821946,31568242,RACHAEL DAMARIS,,,NAIROBI TEACHER,NAIROBI,NAIROBI
4331,797682,31885854,DEPPORAH KWAMBOKA,,,NAIROBI TEACHER,NAIROBI,NAIROBI
4332,1042507,33213451,HANNAH WANJIRU,,,NAIROBI TEACHER,NAIROBI,NAIROBI
4333,950593,32323755,PERIS WANJIRU,,,NAIROBI TEACHER,NAIROBI,NAIROBI
4334,675611,29451997,MAUREEN BICHANG�A,,,NAIROBI TEACHER,NAIROBI,NAIROBI
4335,1092339,39335220,IDAH CHENGUI,,,NAIROBI TEACHER,NAIROBI,NAIROBI
4336,767835,32521860,VICTOR LAGAT,,,NAIROBI TEACHER,NAIROBI,NAIROBI
4337,984848,37046040,ADELITE APONDI,,,NAIROBI TEACHER,NAIROBI,NAIROBI
4338,540373,20260893,JOSEPH GATUNDU,,,NAIROBI TEACHER,NAIROBI,NAIROBI
4339,826094,30999616,CAROLINE MUOKI,,,NAIROBI TEACHER,NAIROBI,NAIROBI
4340,829729,32453293,JARED ADERO,,,NAIROBI TEACHER,NAIROBI,NAIROBI
4341,986956,36589169,DOROTHY NASIMIYU,,,NAIROBI TEACHER,NAIROBI,NAIROBI
4342,835265,31837066,HILLARY OKOTH,,,NAIROBI TEACHER,NAIROBI,NAIROBI
4343,822290,28975048,EDWARD NGOMBE,,,NAIROBI TEACHER,NAIROBI,NAIROBI
4344,1021517,29776386,TIRIMBA KIWANGA,,,NAIROBI TEACHER,NAIROBI,NAIROBI
4345,662277,29394804,ESTHER MUMO,,,NAIROBI TEACHER,NAIROBI,NAIROBI
4346,989323,34251280,VICTOR ADVO,,,NAIROBI TEACHER,NAIROBI,NAIROBI
4347,477096,33304269,BEATRICE WANGUI,,,NAIROBI TEACHER,NAIROBI,NAIROBI
4348,827498,32037219,MARTHA MUNII,,,NAIROBI TEACHER,NAIROBI,NAIROBI
4349,677977,25533543,PHILIP MAINA,,,NAIROBI TEACHER,NAIROBI,NAIROBI
4350,902757,33206589,SALLY IMINZA,,,NAIROBI TEACHER,NAIROBI,NAIROBI
4351,981475,32997210,DENIS MOCHAMA,,,NAIROBI TEACHER,NAIROBI,NAIROBI
4352,869426,32500787,ENOCK ONDICHO,,,NAIROBI TEACHER,NAIROBI,NAIROBI
4353,909553,32758452,ELIZABETH MORAGWA,,,NAIROBI TEACHER,NAIROBI,NAIROBI
4354,751634,28560843,DAVID KINYUA,,,NAIROBI TEACHER,NAIROBI,NAIROBI
4355,650849,27835193,KELLY BORO,,,NAIROBI TEACHER,NAIROBI,NAIROBI
4356,1047116,3688129,MITCHELLE ORYA,,,NAIROBI TEACHER,NAIROBI,NAIROBI
4357,720820,26117639,Faine Mochumari,,,NAIROBI TEACHER,NAIROBI,NAIROBI
4358,793458,28633220,Edwin Anyona,,,NAIROBI TEACHER,NAIROBI,NAIROBI
4359,918183,32669033,Mercy Ondeko,,,NAIROBI TEACHER,NAIROBI,NAIROBI
4360,927441,,Moses Cheng'ole,,,NAIROBI TEACHER,NAIROBI,NAIROBI
4361,1001449,31688889,Michael Barasa,,,NAIROBI TEACHER,NAIROBI,NAIROBI
4362,770385,31161626,Janet Mutheu,,,NAIROBI TEACHER,NAIROBI,NAIROBI
4363,827044,31551397,Sarah Kisilu,,,NAIROBI TEACHER,NAIROBI,NAIROBI
4364,757500,30753423,Mary Andayi,,,NAIROBI TEACHER,NAIROBI,NAIROBI
4365,684521,27966937,Mwalati Amondo,,,NAIROBI TEACHER,NAIROBI,NAIROBI
4366,683140,28466039,Magret Wangui,,,NAIROBI TEACHER,NAIROBI,NAIROBI
4367,758502,,Victor Otachi,,,NAIROBI TEACHER,NAIROBI,NAIROBI
4368,953083,33168911,Dorcas Kwamboka,,,NAIROBI TEACHER,NAIROBI,NAIROBI
4369,1001806,35841013,Ann Sila,,,NAIROBI TEACHER,NAIROBI,NAIROBI
4370,966833,35739367,Brian Nguyo,,,NAIROBI TEACHER,NAIROBI,NAIROBI
4371,905085,28481624,Lucy Kariuki,,,NAIROBI TEACHER,NAIROBI,NAIROBI
4372,904922,33392524,Everline Mulinge,,,NAIROBI TEACHER,NAIROBI,NAIROBI
4373,849580,32530201,Godfrey Nyakundi,,,NAIROBI TEACHER,NAIROBI,NAIROBI
4374,716307,29682233,Rosemary Omolo,,,NAIROBI TEACHER,NAIROBI,NAIROBI
4375,845217,31035519,Lydia Angila,,,NAIROBI TEACHER,NAIROBI,NAIROBI
4376,783942,31196548,Mercy Shimenga,,,NAIROBI TEACHER,NAIROBI,NAIROBI
4377,934410,21998332,Jared Ofati ,,,NAIROBI TEACHER,NAIROBI,NAIROBI
4378,784364,30145083,Dan Simiyu,,,NAIROBI TEACHER,NAIROBI,NAIROBI
4379,799087,,Dennis Omondi,,,NAIROBI TEACHER,NAIROBI,NAIROBI
4380,665510,,Ruth Ayisi,,,NAIROBI TEACHER,NAIROBI,NAIROBI
4381,907245,32566640,Dayana  Kadesa,,,NAIROBI TEACHER,NAIROBI,NAIROBI
4382,946929,,Patience Barasa,,,NAIROBI TEACHER,NAIROBI,NAIROBI
4383,709567,29643961,Mauti Gladys,,,NAIROBI TEACHER,NAIROBI,NAIROBI
4384,832035,32436491, Tabitha Melvin ,,,NAIROBI TEACHER,NAIROBI,NAIROBI
4385,828358,,Titus Oyula,,,NAIROBI TEACHER,NAIROBI,NAIROBI
4386,797849,29028506,Maurice Owino Okelo ,,,NAIROBI TEACHER,NAIROBI,NAIROBI
4387,779830,30677955,STEPHEN MWANIKI,,,NAIROBI TEACHER,NAIROBI,NAIROBI
4388,808083,21 4691 94,SUSAN OMUHINDA,,,NAIROBI TEACHER,NAIROBI,NAIROBI
4389,791 795,31 1 50039,REAGAN OMOLLO,,,NAIROBI TEACHER,NAIROBI,NAIROBI
4390,787054,31 527257,KEVIN MOCHAMA,,,NAIROBI TEACHER,NAIROBI,NAIROBI
4391,726350,29767553,SHEM MOKAYA,,,NAIROBI TEACHER,NAIROBI,NAIROBI
4392,746723,27730799,AMALEMBA JOSEPHINE,,,NAIROBI TEACHER,NAIROBI,NAIROBI
4393,769527,301 67969,HESBON MOMANYI,,,NAIROBI TEACHER,NAIROBI,NAIROBI
4394,745435,30050564,ANGELA TAMBO,,,NAIROBI TEACHER,NAIROBI,NAIROBI
4395,757225,29355329,SAMMY MWITI,,,NAIROBI TEACHER,NAIROBI,NAIROBI
4396,945703,32380666,HARON MUGAMBI,,,NAIROBI TEACHER,NAIROBI,NAIROBI
4397,81 7322,301 0851 5,ELECTINE ENGEFWA,,,NAIROBI TEACHER,NAIROBI,NAIROBI
4398,955260,36321 504,PETER SUMBA,,,NAIROBI TEACHER,NAIROBI,NAIROBI
4399,892037,30642354,AYIECHA ALEX,,,NAIROBI TEACHER,NAIROBI,NAIROBI
4400,1 065560,33222069,FRANK OMBUI,,,NAIROBI TEACHER,NAIROBI,NAIROBI
4401,959328,34661 908,EUGINE MAHINDU,,,NAIROBI TEACHER,NAIROBI,NAIROBI
4402,1 01 2236,34244647,EVANS KISAKA BARASA,,,NAIROBI TEACHER,NAIROBI,NAIROBI
4403,684081,29555756,ELVERA SHABIHA,,,NAIROBI TEACHER,NAIROBI,NAIROBI
4404,946525,3681 4621,NICHOLAS NYONGESA,,,NAIROBI TEACHER,NAIROBI,NAIROBI
4405,699861,2781 541 8,AREBA SILAS,,,NAIROBI TEACHER,NAIROBI,NAIROBI
4406,832454,31 470523,VIOLET ADHIAMBO,,,NAIROBI TEACHER,NAIROBI,NAIROBI
4407,531 249,21 436825,BERNADATTE MULEE,,,NAIROBI TEACHER,NAIROBI,NAIROBI
4408,833203,3261 4599,VIVIANE OKETCH,,,NAIROBI TEACHER,NAIROBI,NAIROBI
4409,770539,301 84485,EVANCE OCHIENG,,,NAIROBI TEACHER,NAIROBI,NAIROBI
4410,71 81 85,31 344568,WINFRED IKUNDA,,,NAIROBI TEACHER,NAIROBI,NAIROBI
4411,1 064797,38005330,IMMACULATE ABOTA,,,NAIROBI TEACHER,NAIROBI,NAIROBI
4412,8071 74,301 0951 9,ERIYA BUHURU,,,NAIROBI TEACHER,NAIROBI,NAIROBI
4413,89521 5,30922301,NIVAH NAKHONE,,,NAIROBI TEACHER,NAIROBI,NAIROBI
4414,661 997,292081 48,MARY AUMA,,,NAIROBI TEACHER,NAIROBI,NAIROBI
4415,1 076990,33059865,DUNCAN OMONDI,,,NAIROBI TEACHER,NAIROBI,NAIROBI
4416,1 07331 4,351 05531,EVANS NYANGARESI,,,NAIROBI TEACHER,NAIROBI,NAIROBI
4417,992824,351 61 231,EDITH MAKENA,,,NAIROBI TEACHER,NAIROBI,NAIROBI
4418,889507,33238861,EVANS TAKOPIATA,,,NAIROBI TEACHER,NAIROBI,NAIROBI
4419,1 067246,32296377,MALACH METOBO,,,NAIROBI TEACHER,NAIROBI,NAIROBI
4420,785405,301 0581 3,NFIKA DORIS MWENDWA,,,NAIROBI TEACHER,NAIROBI,NAIROBI
4421,751 01 2,31 4351 86,ELIZABETH MUKURIA,,,NAIROBI TEACHER,NAIROBI,NAIROBI
4422,1 082903,36686521,BRIAN MAINA,,,NAIROBI TEACHER,NAIROBI,NAIROBI
4423,1 0481 70,321 83651,EVANS KARAKA,,,NAIROBI TEACHER,NAIROBI,NAIROBI
4424,774373,3055401 6,WANJA JOSPHINE KIREMA,,,NAIROBI TEACHER,NAIROBI,NAIROBI
4425,847046,32474659,EUNICE ADONGO,,,NAIROBI TEACHER,NAIROBI,NAIROBI
4426,990527,34836445,Zachary Odhiambo,,,NAIROBI TEACHER,NAIROBI,NAIROBI
4427,818287,29521158,Ezekiel Rono,,,NAIROBI TEACHER,NAIROBI,NAIROBI
4428,522378,23677034,Pamela Otieno,,,NAIROBI TEACHER,NAIROBI,NAIROBI
4429,946973,34759216,Hellen Wangui,,,NAIROBI TEACHER,NAIROBI,NAIROBI
4430,1026571,37012024,Felisters Ogendi,,,NAIROBI TEACHER,NAIROBI,NAIROBI
4431,1021125,36765362,Aron Wafula,,,NAIROBI TEACHER,NAIROBI,NAIROBI
4432,898852,32556115,Frederick Ouma,,,NAIROBI TEACHER,NAIROBI,NAIROBI
4433,1073016,37880334,Geoffrey Ogita,,,NAIROBI TEACHER,NAIROBI,NAIROBI
4434,726634,30834584,Celestine Mejuma,,,NAIROBI TEACHER,NAIROBI,NAIROBI
4435,965051,33987589,Veronica Akinyi,,,NAIROBI TEACHER,NAIROBI,NAIROBI
4436,769201,31738879,Elina Mungai,,,NAIROBI TEACHER,NAIROBI,NAIROBI
4437,868770,32625685,Nancy Siro,,,NAIROBI TEACHER,NAIROBI,NAIROBI
4438,718693,29272587,Becky,,,NAIROBI TEACHER,NAIROBI,NAIROBI
4439,988259,32123033,Emmanuel,,,NAIROBI TEACHER,NAIROBI,NAIROBI
4440,822599,30955371,Otiato Godwin,,,NAIROBI TEACHER,NAIROBI,NAIROBI
4441,802181,29399517,Benson Nyakundi,,,NAIROBI TEACHER,NAIROBI,NAIROBI
4442,679893,28536466,Rose Mwiruri,,,NAIROBI TEACHER,NAIROBI,NAIROBI
4443,998587,35670687,Lawino,,,NAIROBI TEACHER,NAIROBI,NAIROBI
4444,747890,30364906,Joram,,,NAIROBI TEACHER,NAIROBI,NAIROBI
4445,876497,33368935,Hellen,,,NAIROBI TEACHER,NAIROBI,NAIROBI
4446,1019056,32414793,Victor Nyang�ori,,,NAIROBI TEACHER,NAIROBI,NAIROBI
4447,1055901,38333538,Sharon Menyaga,,,NAIROBI TEACHER,NAIROBI,NAIROBI
4448,821737,34242185,Fidel Okuku,,,NAIROBI TEACHER,NAIROBI,NAIROBI
4449,962832,33533511,Danis Ouru,,,NAIROBI TEACHER,NAIROBI,NAIROBI
4450,789174,28684304,Roseline Achieng,,,NAIROBI TEACHER,NAIROBI,NAIROBI
4451,824356,29938954,Thomas Ochieng' Osollo.,,,NAIROBI TEACHER,NAIROBI,NAIROBI
4452,794629,31303063,Edith chemutai yegon,,,NAIROBI TEACHER,NAIROBI,NAIROBI
4453,1030640,39026139,Gisemba N Christine ,,,NAIROBI TEACHER,NAIROBI,NAIROBI
4454,850445,27106150,Lilian Ochieng ,,,NAIROBI TEACHER,NAIROBI,NAIROBI
4455,789721,32427177,Vivian Noeler  ,,,NAIROBI TEACHER,NAIROBI,NAIROBI
4456,660215,28711171,Belinder Adhiambo Otieno ,,,NAIROBI TEACHER,NAIROBI,NAIROBI
4457,931677,35004483,Dorcas kimingichi,,,NAIROBI TEACHER,NAIROBI,NAIROBI
4458,1013895,32505842,Roseline  Kerubo ong'angi ,,,NAIROBI TEACHER,NAIROBI,NAIROBI
4459,1099986,37999696,Peninah Bisieri ,,,NAIROBI TEACHER,NAIROBI,NAIROBI
4460,7844343,29210340,Luke Nabulwa,,,NAIROBI TEACHER,NAIROBI,NAIROBI
4461,840501,32452867,Job Momanyi,,,NAIROBI TEACHER,NAIROBI,NAIROBI
4462,770498,31260197,Baroness Awour,,,NAIROBI TEACHER,NAIROBI,NAIROBI
4463,1050125,37160089,Agrey Kipkemboi,,,NAIROBI TEACHER,NAIROBI,NAIROBI
4464,860853,32665378, Lydia Masai,,,NAIROBI TEACHER,NAIROBI,NAIROBI
4465,699527,12455943,Pamela Nafula,,,NAIROBI TEACHER,NAIROBI,NAIROBI
4466,791052,25561782,Nancy Wanyonyi,,,NAIROBI TEACHER,NAIROBI,NAIROBI
4467,971046,38109245,Ursula Momanyi,,,NAIROBI TEACHER,NAIROBI,NAIROBI
4468,701792,27426241,Frankline Oino,,,NAIROBI TEACHER,NAIROBI,NAIROBI
4469,830160,31362161,Gakenia Margret,,,NAIROBI TEACHER,NAIROBI,NAIROBI
4470,1005059,33184079,Ruben Muriithi,,,NAIROBI TEACHER,NAIROBI,NAIROBI
4471,1055597,36988069,Brenda Moraa,,,NAIROBI TEACHER,NAIROBI,NAIROBI
4472,1009230,27452922,Timothy Omari,,,NAIROBI TEACHER,NAIROBI,NAIROBI
4473,989045,34193718,Judy Rono,,,NAIROBI TEACHER,NAIROBI,NAIROBI
4474,1056137,34563691,Caroline Mumbe,,,NAIROBI TEACHER,NAIROBI,NAIROBI
4475,735181,11297225,Vincent Kisia,,,NAIROBI TEACHER,NAIROBI,NAIROBI
4476,897265,32670036,Victor Maisiba,,,NAIROBI TEACHER,NAIROBI,NAIROBI
4477,835747,32386708, Valentine Magoma,,,NAIROBI TEACHER,NAIROBI,NAIROBI
4478,715970,29111379, Esther Maina,,,NAIROBI TEACHER,NAIROBI,NAIROBI
4479,755476,30765681,Anne Muga,,,NAIROBI TEACHER,NAIROBI,NAIROBI
4480,844736,31366339,Steve Nyabuto,,,NAIROBI TEACHER,NAIROBI,NAIROBI
4481,775537,29201196,Leah Wangechi,,,NAIROBI TEACHER,NAIROBI,NAIROBI
4482,774856,29479891,Alban Muasya,,,NAIROBI TEACHER,NAIROBI,NAIROBI
4483,1026718,34703165,Ruth Gechemba,,,NAIROBI TEACHER,NAIROBI,NAIROBI
4484,833616,33402249,Regina Wanga,,,NAIROBI TEACHER,NAIROBI,NAIROBI
4485,941396,35145712,Simon Omondi,,,NAIROBI TEACHER,NAIROBI,NAIROBI
4486,853879,32349904,Harriet Mwanzia,,,NAIROBI TEACHER,NAIROBI,NAIROBI
4487,648768,24239172,Wycliffe Mbero,,,NAIROBI TEACHER,NAIROBI,NAIROBI
4488,945062,23133156,Susan Maingi,,,NAIROBI TEACHER,NAIROBI,NAIROBI
4489,1017398,33449750,Gideon Momanyi,,,NAIROBI TEACHER,NAIROBI,NAIROBI
4490,759074,26520145,Boniface Wesonga,,,NAIROBI TEACHER,NAIROBI,NAIROBI
4491,932929,32980821,Dadius Nyabuto,,,NAIROBI TEACHER,NAIROBI,NAIROBI
4492,1092176,32140167,Ruth Morwabe,,,NAIROBI TEACHER,NAIROBI,NAIROBI
4493,1044618,36827503,Marsher Maiyo,,,NAIROBI TEACHER,NAIROBI,NAIROBI
4494,1044921,30211584,George Muasya,,,NAIROBI TEACHER,NAIROBI,NAIROBI
4495,1103564,30348561,Joyce Jepkorir,,,NAIROBI TEACHER,NAIROBI,NAIROBI
4496,821509,34401531,Mark Rimathi,,,NAIROBI TEACHER,NAIROBI,NAIROBI
4497,916659,33282638,Constance Munyire,,,NAIROBI TEACHER,NAIROBI,NAIROBI
4498,718428,29322226,Zacheus Mwaura,,,NAIROBI TEACHER,NAIROBI,NAIROBI
4499,872549,32232092, Immaculate Kagendo,,,NAIROBI TEACHER,NAIROBI,NAIROBI
4500,916692,32635401, Mary Wanja,,,NAIROBI TEACHER,NAIROBI,NAIROBI
4501,785783,32034672, Silas Were,,,NAIROBI TEACHER,NAIROBI,NAIROBI
4502,911368,30730381, Caren Omari,,,NAIROBI TEACHER,NAIROBI,NAIROBI
4503,863382,33226178, Lyun Jebiwott,,,NAIROBI TEACHER,NAIROBI,NAIROBI
4504,1093768,36962032, Alice Moraa,,,NAIROBI TEACHER,NAIROBI,NAIROBI
4505,1035354,31632908,Cheruiyot Kibet,,,NAIROBI TEACHER,NAIROBI,NAIROBI
4506,703428,30933806,Benedict Ogalo,,,NAIROBI TEACHER,NAIROBI,NAIROBI
4507,541842,23742426,Jackline Ncekei,,,NAIROBI TEACHER,NAIROBI,NAIROBI
4508,930307,34675056,Wycliffe Ocharo,,,NAIROBI TEACHER,NAIROBI,NAIROBI
4509,737143,2955512,Lena Mwanza,,,NAIROBI TEACHER,NAIROBI,NAIROBI
4510,719761,30064791, Grace Okaro,,,NAIROBI TEACHER,NAIROBI,NAIROBI
4511,875055,29891348, Miriam Kamau,,,NAIROBI TEACHER,NAIROBI,NAIROBI
4512,862072,33409900,Lucy Kagure,,,NAIROBI TEACHER,NAIROBI,NAIROBI
4513,997113,29201686, Caroline Nungari,,,NAIROBI TEACHER,NAIROBI,NAIROBI
4514,767692,30521744,Josiah Ondieki,,,NAIROBI TEACHER,NAIROBI,NAIROBI
4515,973195,33489602,David Kioko,,,NAIROBI TEACHER,NAIROBI,NAIROBI
4516,828789,30083293, Timothy Momanyi,,,NAIROBI TEACHER,NAIROBI,NAIROBI
4517,808491,31998088, Elizabeth Kemunto,,,NAIROBI TEACHER,NAIROBI,NAIROBI
4518,813523,30406079,Elsy Njuguna,,,NAIROBI TEACHER,NAIROBI,NAIROBI
4519,798569,28396537,Mandela  Machembe ,,,NAIROBI TEACHER,NAIROBI,NAIROBI
4520,844229,28294143,David Kuloba,,,NAIROBI TEACHER,NAIROBI,NAIROBI
4521,580367,25797557,Fredrick Ngara Otieno,,,NAIROBI TEACHER,NAIROBI,NAIROBI
4522,938319,31174914,Judith Khasandi,,,NAIROBI TEACHER,NAIROBI,NAIROBI
4523,784571,28995615,Metrine Adhiambo Odhiambo,,,NAIROBI TEACHER,NAIROBI,NAIROBI
4524,769851,29319005,Bonter Odhiambo Onyango,,,NAIROBI TEACHER,NAIROBI,NAIROBI
4525,405105,20917816,Mary Maina,,,NAIROBI TEACHER,NAIROBI,NAIROBI
4526,679034,29846074,Paul Odhiambo,,,NAIROBI TEACHER,NAIROBI,NAIROBI
4527,767821,31968035,Milcah Awuor Otieno,,,NAIROBI TEACHER,NAIROBI,NAIROBI
4528,524549,22842628,Monicah Okumu,,,NAIROBI TEACHER,NAIROBI,NAIROBI
4529,507400,,PETER .N. NDUNDA,,,NAIROBI TEACHER,NAIROBI,NAIROBI
4530,899665,,KEFA MOENGA,,,NAIROBI TEACHER,NAIROBI,NAIROBI
4531,935315,,JOSHUA MULWA,,,NAIROBI TEACHER,NAIROBI,NAIROBI
4532,1131592,,SHEILA GICHANA,,,NAIROBI TEACHER,NAIROBI,NAIROBI
4533,1076379,,DIANA GESARE MOGIRE,,,NAIROBI TEACHER,NAIROBI,NAIROBI
4534,353223,,Beatrice Gichanga,,,NAIROBI TEACHER,NAIROBI,NAIROBI
4535,932345,,Jennifer Kasamani,,,NAIROBI TEACHER,NAIROBI,NAIROBI
4536,509193,,John Omache,,,NAIROBI TEACHER,NAIROBI,NAIROBI
4537,491906,,Joyce Omondi,,,NAIROBI TEACHER,NAIROBI,NAIROBI
4538,507311,,Oduya Samuel,,,NAIROBI TEACHER,NAIROBI,NAIROBI
4539,516905,,Susan Ochieng,,,NAIROBI TEACHER,NAIROBI,NAIROBI
4540,590718,,Vincent Ochieng,,,NAIROBI TEACHER,NAIROBI,NAIROBI
4541,582084,25462815,Anne Moraa,,,NAIROBI TEACHER,NAIROBI,NAIROBI
4542,698933,25096519,Eustace Sifuna,,,NAIROBI TEACHER,NAIROBI,NAIROBI
4543,1149620,40336297,Millicent Ajwang,,,NAIROBI TEACHER,NAIROBI,NAIROBI
4544,650461,26246572,Otieno Maina,,,NAIROBI TEACHER,NAIROBI,NAIROBI
4545,589444,25955741,Samuel Ayaga,,,NAIROBI TEACHER,NAIROBI,NAIROBI
4546,545890,21465370,Stephen Kariuki,,,NAIROBI TEACHER,NAIROBI,NAIROBI
4547,770914,29617016,Stephen Kitonyi,,,NAIROBI TEACHER,NAIROBI,NAIROBI
4548,811300,32431854,Winnie Moraa,,,NAIROBI TEACHER,NAIROBI,NAIROBI
4549,844229,28294143,DAVID KULOBA,,,NAIROBI TEACHER,NAIROBI,NAIROBI
4550,580367,25797557,FREDRICK NGARA ,,,NAIROBI TEACHER,NAIROBI,NAIROBI
4551,938319,31174914,JUDITH KHASANDI,,,NAIROBI TEACHER,NAIROBI,NAIROBI
4552,784571,28995615,METRIN ADHIAMBO,,,NAIROBI TEACHER,NAIROBI,NAIROBI
4553,509193,24589217,John Omache,,,NAIROBI TEACHER,NAIROBI,NAIROBI
4554,507311,25064937,Oduya Samuel,,,NAIROBI TEACHER,NAIROBI,NAIROBI
4555,590718,27535561,Vincent Ochieng,,,NAIROBI TEACHER,NAIROBI,NAIROBI
4556,516905,24695932,Susan Ochieng,,,NAIROBI TEACHER,NAIROBI,NAIROBI
4557,491906,27290320,Joyce Omondi,,,NAIROBI TEACHER,NAIROBI,NAIROBI
4558,353223,10926547, Beatrice Ombati,,,NAIROBI TEACHER,NAIROBI,NAIROBI
4559,519949,24011233,Venny Moreka,,,NAIROBI TEACHER,NAIROBI,NAIROBI
4560,849578,29591944,Dickson Onyango,,,NAIROBI TEACHER,NAIROBI,NAIROBI
4561,582084,25462815,Anne Moraa,,,NAIROBI TEACHER,NAIROBI,NAIROBI
4562,698933,25096519,Eustace Sifuna,,,NAIROBI TEACHER,NAIROBI,NAIROBI
4563,1149620,40336297,Millicent Ajwang,,,NAIROBI TEACHER,NAIROBI,NAIROBI
4564,650461,26246572,Otieno Maina,,,NAIROBI TEACHER,NAIROBI,NAIROBI
4565,589444,25955741,Samuel Ayaga,,,NAIROBI TEACHER,NAIROBI,NAIROBI
4566,545890,21465370,Stephen Kariuki,,,NAIROBI TEACHER,NAIROBI,NAIROBI
4567,770914,29617016,Stephen Kitonyi,,,NAIROBI TEACHER,NAIROBI,NAIROBI
4568,811300,32431854,Winnie Moraa,,,NAIROBI TEACHER,NAIROBI,NAIROBI
4569,576418,26358156,Malvine Oteko,,,NAIROBI TEACHER,NAIROBI,NAIROBI
4570,629637,27344301,Frida Okari,,,NAIROBI TEACHER,NAIROBI,NAIROBI
4571,928081,35315612,Rodgers Atuya ,,,NAIROBI TEACHER,NAIROBI,NAIROBI
4572,773924,27444472, Melford Muhandale,,,NAIROBI TEACHER,NAIROBI,NAIROBI
4573,478083,13716754,Sophie Wabomba.,,,NAIROBI TEACHER,NAIROBI,NAIROBI
4574,905501,34444812,Mercy Makori,,,NAIROBI TEACHER,NAIROBI,NAIROBI
4575,720144,29789559,SYLVIA JEPKOECH CHEBII,,,NAIROBI TEACHER,NAIROBI,NAIROBI
4576,757569,31911435,DAVID BWIRE MULANGO,,,NAIROBI TEACHER,NAIROBI,NAIROBI
4577,403770,13385442,PETER JAOKO,,,NAIROBI TEACHER,NAIROBI,NAIROBI
4578,1068029,28429654,KEMBOI WALTER,,,NAIROBI TEACHER,NAIROBI,NAIROBI
4579,531327,23835181,JOSHUA OWINO OPANY,,,NAIROBI TEACHER,NAIROBI,NAIROBI
4580,814400,,Collins Otieno,,,NAIROBI TEACHER,NAIROBI,NAIROBI
4581,706194,,Gloria Onchiri,,,NAIROBI TEACHER,NAIROBI,NAIROBI
4582,1141564,39579793,Asmaa Mohamed Hassan,,,NAIROBI TEACHER,NAIROBI,NAIROBI
4583,93323,30999357,Fredrick Lutta,,,NAIROBI TEACHER,NAIROBI,NAIROBI
4584,721811,30338138,Kiplagat Alfred,,,NAIROBI TEACHER,NAIROBI,NAIROBI
4585,485736,2226657,Lillian Kimilu,,,NAIROBI TEACHER,NAIROBI,NAIROBI
4586,1091797,38136229,Linet Cherotich,,,NAIROBI TEACHER,NAIROBI,NAIROBI
4587,582011,26274961,Mathew Dungani,,,NAIROBI TEACHER,NAIROBI,NAIROBI
4588,589560,27429451,Nancy Nafula Wandera,,,NAIROBI TEACHER,NAIROBI,NAIROBI
4589,27407142,586080,ANGELA ATIENO,,,NAIROBI TEACHER,NAIROBI,NAIROBI
4590,38977768,1115709,MERCY JEMUTAI,,,NAIROBI TEACHER,NAIROBI,NAIROBI
4591,39012176,,CHARITY JEBICHII,,,NAIROBI TEACHER,NAIROBI,NAIROBI
4592,25580385,618369,RAYMOND OWALLA,,,NAIROBI TEACHER,NAIROBI,NAIROBI
4593,29638432,994675,CAROLINE MWITI,,,NAIROBI TEACHER,NAIROBI,NAIROBI
4594,38273166,1093909,CAROLINE NDUKU,,,NAIROBI TEACHER,NAIROBI,NAIROBI
4595,540015,22284067,CAROLINE WAMBURU,,,NAIROBI TEACHER,NAIROBI,NAIROBI
4596,591226,27512568,ANTON KINYILI,,,NAIROBI TEACHER,NAIROBI,NAIROBI
4597,405843,14553121,ROSELINE MAKOKHA,,,NAIROBI TEACHER,NAIROBI,NAIROBI
4598,1123397,3903283,SHARON KERUBO,,,NAIROBI TEACHER,NAIROBI,NAIROBI
4599,788160,30124186,NDEGWA,,,NAIROBI TEACHER,NAIROBI,NAIROBI
4600,924140,34141795,Alfred Mutia,,,NAIROBI TEACHER,NAIROBI,NAIROBI
4601,851664,31846250,Eunice Moraa,,,NAIROBI TEACHER,NAIROBI,NAIROBI
4602,977139,37050363,Jeremiah Lumumba,,,NAIROBI TEACHER,NAIROBI,NAIROBI
4603,787980,30172172,Jones Atuti,,,NAIROBI TEACHER,NAIROBI,NAIROBI
4604,937122,33335063,Lilian Tonui,,,NAIROBI TEACHER,NAIROBI,NAIROBI
4605,851152,33589579,Lydia Michael,,,NAIROBI TEACHER,NAIROBI,NAIROBI
4606,1144070,39847152,Yustar Cheruiyot,,,NAIROBI TEACHER,NAIROBI,NAIROBI
4607,601871,27942851,Calvin Ogello,,,NAIROBI TEACHER,NAIROBI,NAIROBI
4608,707567,29882577,Victor Omingo,,,NAIROBI TEACHER,NAIROBI,NAIROBI
4609,1009943,33403136,Emilly Mugambi,,,NAIROBI TEACHER,NAIROBI,NAIROBI
4610,575316,25752042,Denis Onyango,,,NAIROBI TEACHER,NAIROBI,NAIROBI
4611,769032,31430903,Lydiah Matongo,,,NAIROBI TEACHER,NAIROBI,NAIROBI
4612,721340,27173814,Fidel Castro Omondi,,,NAIROBI TEACHER,NAIROBI,NAIROBI
4613,815011,32831678,Wilfred Mokua,,,NAIROBI TEACHER,NAIROBI,NAIROBI
4614,515538,23800242,Doreen Gatwiri,,,NAIROBI TEACHER,NAIROBI,NAIROBI
4615,876026,33669609,Vivian Amuok,,,NAIROBI TEACHER,NAIROBI,NAIROBI
4616,706511,29416813,Vincent Nyaringi,,,NAIROBI TEACHER,NAIROBI,NAIROBI
4617,529245,22538218,Kevin Omondi,,,NAIROBI TEACHER,NAIROBI,NAIROBI
4618,517603,24290500,Jomo Ondoro,,,NAIROBI TEACHER,NAIROBI,NAIROBI
4619,387340,10751046,Geoffrey Mwangi,,,NAIROBI TEACHER,NAIROBI,NAIROBI
4620,494826,13819740,Dr. Benson Omwario,,,NAIROBI TEACHER,NAIROBI,NAIROBI
4621,703951,24295052,Martha Gikonyo,,,NAIROBI TEACHER,NAIROBI,NAIROBI
4622,795157,29342307,Victor Buleemi,,,NAIROBI TEACHER,NAIROBI,NAIROBI
4623,842271,32347023,Evelyn Nzula,,,NAIROBI TEACHER,NAIROBI,NAIROBI
4624,1140219,37494060,Hillary Simiyu,,,NAIROBI TEACHER,NAIROBI,NAIROBI
4625,818998,32992712,Victor Waswa,,,NAIROBI TEACHER,NAIROBI,NAIROBI
4626,668650,27674987,Samuel Okello,,,NAIROBI TEACHER,NAIROBI,NAIROBI
4627,524545,20183370,Moses Kere,,,NAIROBI TEACHER,NAIROBI,NAIROBI
4628,524543,22873309,Elizabeth Kerubo,,,NAIROBI TEACHER,NAIROBI,NAIROBI
4629,704859,26682033,Rebecca Keya,,,NAIROBI TEACHER,NAIROBI,NAIROBI
4630,904580,33468828,Selestine Odhiambo,,,NAIROBI TEACHER,NAIROBI,NAIROBI
4631,590864,27740387,Beryl Atieno,,,NAIROBI TEACHER,NAIROBI,NAIROBI
4632,716476,27907016,Mercy Gakii Miriti,,,NAIROBI TEACHER,NAIROBI,NAIROBI
4633,341935,10655804,Lucyann Maina,,,NAIROBI TEACHER,NAIROBI,NAIROBI
4634,601869,27156601,Kimutai Evans,,,NAIROBI TEACHER,NAIROBI,NAIROBI
4635,898149,33043258,Vincent Okoth,,,NAIROBI TEACHER,NAIROBI,NAIROBI
4636,822914,31539078,Japhary Abdalla,,,NAIROBI TEACHER,NAIROBI,NAIROBI
4637,750316,24586795,Alice Sila,,,NAIROBI TEACHER,NAIROBI,NAIROBI
4638,874092,34401112,Onesmus Mwendwa,,,NAIROBI TEACHER,NAIROBI,NAIROBI
4639,565466,27594644,Harriet Kihiu,,,NAIROBI TEACHER,NAIROBI,NAIROBI
4640,836579,33695731,Grace Kalekye,,,NAIROBI TEACHER,NAIROBI,NAIROBI
4641,401681,14464463,Jumba Douglas Wandera,,,NAIROBI TEACHER,NAIROBI,NAIROBI
4642,745693,28462429,Evelyn Atieno,,,NAIROBI TEACHER,NAIROBI,NAIROBI
4643,1071546,32136879,Alex Ayodo Okoth,,,NAIROBI TEACHER,NAIROBI,NAIROBI
4644,980572,35348313,Gilbert Wambugu,,,NAIROBI TEACHER,NAIROBI,NAIROBI
4645,1138339,37015322,Charlotte Chepkirui Kirui,,,NAIROBI TEACHER,NAIROBI,NAIROBI
4646,797227,30034336,Luciah Ngina,,,NAIROBI TEACHER,NAIROBI,NAIROBI
4647,509387,,Chebet Judith,,,NAIROBI TEACHER,NAIROBI,NAIROBI
4648,581606,,Mwanajuma J Salim,,,NAIROBI TEACHER,NAIROBI,NAIROBI
4649,557415,20670687,Martin Waihiga Muiru,,,NAIROBI TEACHER,NAIROBI,NAIROBI
4650,347551,,Catherine W. Wamai.,,,NAIROBI TEACHER,NAIROBI,NAIROBI
4651,453473,36037330,Ervin Chepkwonyi,,,NAIROBI TEACHER,NAIROBI,NAIROBI
4652,676038,28063066,Lilian Ajema,,,NAIROBI TEACHER,NAIROBI,NAIROBI
4653,890295,30000883,John Asena,,,NAIROBI TEACHER,NAIROBI,NAIROBI
4654,657568,25153036,Magdalene Muoki,,,NAIROBI TEACHER,NAIROBI,NAIROBI
4655,493276,22241472,David Inima,,,NAIROBI TEACHER,NAIROBI,NAIROBI
4656,722662,27997325,Douglas Wafula,,,NAIROBI TEACHER,NAIROBI,NAIROBI
4657,690867,23432517,Jane Kitua,,,NAIROBI TEACHER,NAIROBI,NAIROBI
4658,742126,28707713,Sylvia Anota,,,NAIROBI TEACHER,NAIROBI,NAIROBI
4659,928836,34646484,Christina Nyamoita,,,NAIROBI TEACHER,NAIROBI,NAIROBI
4660,829720,28753181,Fraciah W Njoroge,,,NAIROBI TEACHER,NAIROBI,NAIROBI
4661,921159,34451469,Oyugi Vincent Ouma,,,NAIROBI TEACHER,NAIROBI,NAIROBI
4662,683033,28756798,Esther Wangithi Mukundi,,,NAIROBI TEACHER,NAIROBI,NAIROBI
4663,875101,34565506,Victor Misoi,,,NAIROBI TEACHER,NAIROBI,NAIROBI
4664,981626,30390660,Wright Onkundi,,,NAIROBI TEACHER,NAIROBI,NAIROBI
4665,713145,30301529,Winfred Mutuku,,,NAIROBI TEACHER,NAIROBI,NAIROBI
4666,1102566,39148307,Doreen Atyang,,,NAIROBI TEACHER,NAIROBI,NAIROBI
4667,881706,32559836,Paul Otieno,,,NAIROBI TEACHER,NAIROBI,NAIROBI
4668,524542,23207430,Kenneth Oborah,,,NAIROBI TEACHER,NAIROBI,NAIROBI
4669,540059,23861661,ANN KARANJA,,,NAIROBI TEACHER,NAIROBI,NAIROBI
4670,425234,13277618,JAMES KABACIA,,,NAIROBI TEACHER,NAIROBI,NAIROBI
4671,820737,28664958,VINCENT MUAMBI,,,NAIROBI TEACHER,NAIROBI,NAIROBI
4672,1134320,37957175,MARY MATHENGE,,,NAIROBI TEACHER,NAIROBI,NAIROBI
4673,401681,,Jumba Douglas Wandera,,,NAIROBI TEACHER,NAIROBI,NAIROBI
4674,745693,,Evelyn Atieno,,,NAIROBI TEACHER,NAIROBI,NAIROBI
4675,1071546,,Alex Ayodo Okoth,,,NAIROBI TEACHER,NAIROBI,NAIROBI
4676,797227,,Luciah Ngina,,,NAIROBI TEACHER,NAIROBI,NAIROBI
4677,980572,,Gilbert Wambugu,,,NAIROBI TEACHER,NAIROBI,NAIROBI
4678,1138339,,Charlotte Chepkirui Kirui,,,NAIROBI TEACHER,NAIROBI,NAIROBI
4679,822914,,Japhary Abdalla,,,NAIROBI TEACHER,NAIROBI,NAIROBI
4680,750316,,Alice Sila,,,NAIROBI TEACHER,NAIROBI,NAIROBI
4681,872092,,Onesmus Mwendwa,,,NAIROBI TEACHER,NAIROBI,NAIROBI
4682,565466,,Harriet Kihiu,,,NAIROBI TEACHER,NAIROBI,NAIROBI
4683,836579,,Grace Kalekye,,,NAIROBI TEACHER,NAIROBI,NAIROBI
4684,507104,22131989,Geoffrey Osiemo,,,NAIROBI TEACHER,NAIROBI,NAIROBI
4685,816514,22188647,Elizabeth Njogu ,,,NAIROBI TEACHER,NAIROBI,NAIROBI
4686,767370,28711207,Jeremiah Amisi,,,NAIROBI TEACHER,NAIROBI,NAIROBI
4687,485211,22140699,Miriam Njeru ,,,NAIROBI TEACHER,NAIROBI,NAIROBI
4688,716476,,Mercy Gakii Miriti,,,NAIROBI TEACHER,NAIROBI,NAIROBI
4689,341935,,Lucyann Maina,,,NAIROBI TEACHER,NAIROBI,NAIROBI
4690,601869,,Kimutai Evans,,,NAIROBI TEACHER,NAIROBI,NAIROBI
4691,898149,,Vincent Okoth,,,NAIROBI TEACHER,NAIROBI,NAIROBI
4692,876026,33669609,Vivian Amuok,,,NAIROBI TEACHER,NAIROBI,NAIROBI
4693,706511,29416813,Vincent Nyaringi,,,NAIROBI TEACHER,NAIROBI,NAIROBI
4694,529245,22538218,Kevin Omondi,,,NAIROBI TEACHER,NAIROBI,NAIROBI
4695,815011,32831678,Wilfred Mokua,,,NAIROBI TEACHER,NAIROBI,NAIROBI
4696,515538,23800242,Doreen Gatwiri,,,NAIROBI TEACHER,NAIROBI,NAIROBI
4697,601871,27942851,Calvin Ogello,,,NAIROBI TEACHER,NAIROBI,NAIROBI
4698,707567,29882577,Victor Omingo,,,NAIROBI TEACHER,NAIROBI,NAIROBI
4699,1009943,33403136,Emilly Mugambi,,,NAIROBI TEACHER,NAIROBI,NAIROBI
4700,575316,25752042,Denis Onyango,,,NAIROBI TEACHER,NAIROBI,NAIROBI
4701,769032,31430903,Lydiah Matongo,,,NAIROBI TEACHER,NAIROBI,NAIROBI
4702,721340,27173814,Fidel Castro Omondi,,,NAIROBI TEACHER,NAIROBI,NAIROBI
4703,28744885,715576,FRANCIS KIMANZI,,,NAIROBI TEACHER,NAIROBI,NAIROBI
4704,30469350,707621,REHEMA NYAKUNDI,,,NAIROBI TEACHER,NAIROBI,NAIROBI
4705,23760985,705033,JARED MIDEGA,,,NAIROBI TEACHER,NAIROBI,NAIROBI
4706,30148680,828714,JOYCE KILONZI,,,NAIROBI TEACHER,NAIROBI,NAIROBI
4707,27740428,678750,HYCINTH MOCHECHE,,,NAIROBI TEACHER,NAIROBI,NAIROBI
4708,23465963,519722,JOHN WANJALA WAMALWA,,,NAIROBI TEACHER,NAIROBI,NAIROBI
4709,37565673,1118088,JOYCE MACHARIA,,,NAIROBI TEACHER,NAIROBI,NAIROBI
4710,29523995,915767,JANET KOKOYO,,,NAIROBI TEACHER,NAIROBI,NAIROBI
4711,21755422,432728,ANNE NGAI,,,NAIROBI TEACHER,NAIROBI,NAIROBI
4712,34021523,915725,KELVIN KAHARI KIMANI,,,NAIROBI TEACHER,NAIROBI,NAIROBI
4713,32959880,815466,SUTEK GABRIEL KIMAI,,,NAIROBI TEACHER,NAIROBI,NAIROBI
4714,13502215,375286,MARBLE AMBUYO,,,NAIROBI TEACHER,NAIROBI,NAIROBI
4715,27439330,642148,JUSTUS RAGIRA OGATO,,,NAIROBI TEACHER,NAIROBI,NAIROBI
4716,22063006,448155,JOYCE MWENDA ,,,NAIROBI TEACHER,NAIROBI,NAIROBI
4717,24976958,549731,FELIX ODONGO,,,NAIROBI TEACHER,NAIROBI,NAIROBI
4718,27503303,680548,KIPROP KENNEDY,,,NAIROBI TEACHER,NAIROBI,NAIROBI
4719,28723218,707361,JAPHETH MULI,,,NAIROBI TEACHER,NAIROBI,NAIROBI
4720,27608489,788524,MOSES OPINYI,,,NAIROBI TEACHER,NAIROBI,NAIROBI
4721,28773844,795216,PATRICK KIPNGETICH ,,,NAIROBI TEACHER,NAIROBI,NAIROBI
4722,31351939,840649,WINFRED KESANZAI,,,NAIROBI TEACHER,NAIROBI,NAIROBI
4723,29843430,683422,GABRIEL KAMAU,,,NAIROBI TEACHER,NAIROBI,NAIROBI
4724,24298924,638164,JUDITH OGEGA,,,NAIROBI TEACHER,NAIROBI,NAIROBI
4725,38479995,1109484,DANSON KINYUA,,,NAIROBI TEACHER,NAIROBI,NAIROBI
4726,24919657,558815,LYDIA TUEI,,,NAIROBI TEACHER,NAIROBI,NAIROBI
4727,28420675,680347,MAERI MARIITA,,,NAIROBI TEACHER,NAIROBI,NAIROBI
4728,34179409,953793,RACHEAL WANJIRU,,,NAIROBI TEACHER,NAIROBI,NAIROBI
4729,24895502,516736,LILIAN ILAINI,,,NAIROBI TEACHER,NAIROBI,NAIROBI
4730,21707177,450246,FRANCIS MUTUGI,,,NAIROBI TEACHER,NAIROBI,NAIROBI
4731,22428826,741489,VINCENT OMOIT EMODO,,,NAIROBI TEACHER,NAIROBI,NAIROBI
4732,31040839,840381,MERCY WANGARI,,,NAIROBI TEACHER,NAIROBI,NAIROBI
4733,30323576,1129490,ALUSULA MARK,,,NAIROBI TEACHER,NAIROBI,NAIROBI
4734,24452892,581235,WALTER OMWENGA,,,NAIROBI TEACHER,NAIROBI,NAIROBI
4735,22067938,463085,HELLEN MACHARIA,,,NAIROBI TEACHER,NAIROBI,NAIROBI
4736,39303080,1069655,FAITH KIMANZI,,,NAIROBI TEACHER,NAIROBI,NAIROBI
4737,36894470,1031043,ONGORO ONCHOKA,,,NAIROBI TEACHER,NAIROBI,NAIROBI
4738,27246528,702965,MATHEW MAINA ,,,NAIROBI TEACHER,NAIROBI,NAIROBI
4739,28843562,686896,DOMINIC MUTUA,,,NAIROBI TEACHER,NAIROBI,NAIROBI
4740,10905794,410382,NJAU SAMUEL,,,NAIROBI TEACHER,NAIROBI,NAIROBI
4741,27503764,586638,AUSTIN OLUOCH,,,NAIROBI TEACHER,NAIROBI,NAIROBI
4742,31917462,841732,SANYA JAMLAX,,,NAIROBI TEACHER,NAIROBI,NAIROBI
4743,14481913,619698,GEORGE OKONDE ,,,NAIROBI TEACHER,NAIROBI,NAIROBI
4744,23595939,617514,JACOB OWII,,,NAIROBI TEACHER,NAIROBI,NAIROBI
4745,25435829,471853,MAUREEN OKUMU,,,NAIROBI TEACHER,NAIROBI,NAIROBI
4746,27445311,590895,HARRISON OTAMO,,,NAIROBI TEACHER,NAIROBI,NAIROBI
4747,24278553,641281,VINCENT OKARI,,,NAIROBI TEACHER,NAIROBI,NAIROBI
4748,28713889,814602,DENIS MUTUNE,,,NAIROBI TEACHER,NAIROBI,NAIROBI
4749,34264592,897880,CHEROTICH MOSOIN ,,,NAIROBI TEACHER,NAIROBI,NAIROBI
4750,23884146,508296,GLORIA KOECH,,,NAIROBI TEACHER,NAIROBI,NAIROBI
4751,27317110,772778,LEVIS NGEMA,,,NAIROBI TEACHER,NAIROBI,NAIROBI
4752,28199527,694390,IRENE MANENO,,,NAIROBI TEACHER,NAIROBI,NAIROBI
4753,30233347,847804,ENOCK ONSERIO,,,NAIROBI TEACHER,NAIROBI,NAIROBI
4754,715572,28764885,Francis Kimani,,,NAIROBI TEACHER,NAIROBI,NAIROBI
4755,618750,27740428,Hyacinth Modede,,,NAIROBI TEACHER,NAIROBI,NAIROBI
4756,705033,23160985,Jared Midega,,,NAIROBI TEACHER,NAIROBI,NAIROBI
4757,828714,30146080,Joyce Kilimi,,,NAIROBI TEACHER,NAIROBI,NAIROBI
4758,707621,30469350,Rehema Nyanch,,,NAIROBI TEACHER,NAIROBI,NAIROBI
4759,289935,24774066,Alice Wanjiku,,,NAIROBI TEACHER,NAIROBI,NAIROBI
4760,525214,23790646,Cyrus Gitambe,,,NAIROBI TEACHER,NAIROBI,NAIROBI
4761,581076,23875421,Evani Monga,,,NAIROBI TEACHER,NAIROBI,NAIROBI
4762,658113,28233887,Jerusha Nyasani,,,NAIROBI TEACHER,NAIROBI,NAIROBI
4763,784213,24774066,Maureen Gakui,,,NAIROBI TEACHER,NAIROBI,NAIROBI
4764,737434,27483884,Mercy Chep...,,,NAIROBI TEACHER,NAIROBI,NAIROBI
4765,506823,22511763,Paul Mwangi,,,NAIROBI TEACHER,NAIROBI,NAIROBI
4766,576484,24659135,Penina Miyuki,,,NAIROBI TEACHER,NAIROBI,NAIROBI
4767,403821,13828551,Rose Kamau,,,NAIROBI TEACHER,NAIROBI,NAIROBI
4768,1109484,38479995,Danson Kinyua,,,NAIROBI TEACHER,NAIROBI,NAIROBI
4769,683422,29843430,Gabriel Kamau,,,NAIROBI TEACHER,NAIROBI,NAIROBI
4770,638164,24298924,Judith Ogega,,,NAIROBI TEACHER,NAIROBI,NAIROBI
4771,558815,24919657,Lydia Tuei,,,NAIROBI TEACHER,NAIROBI,NAIROBI
4772,619698,14481913,George Okode,,,NAIROBI TEACHER,NAIROBI,NAIROBI
4773,590895,27445311,Harrison Otamo,,,NAIROBI TEACHER,NAIROBI,NAIROBI
4774,617514,23595939,Jacob Owii,,,NAIROBI TEACHER,NAIROBI,NAIROBI
4775,571853,25435829,Maureen Okumu,,,NAIROBI TEACHER,NAIROBI,NAIROBI
4776,1129490,,AMUSULA MARK,,,NAIROBI TEACHER,NAIROBI,NAIROBI
4777,554369,,AUDREY MOMANYI,,,NAIROBI TEACHER,NAIROBI,NAIROBI
4778,1069655,,FAITH KIMANZI,,,NAIROBI TEACHER,NAIROBI,NAIROBI
4779,463085,,HELLEN MACHARIA,,,NAIROBI TEACHER,NAIROBI,NAIROBI
4780,581235,,WALTER OMWENGA,,,NAIROBI TEACHER,NAIROBI,NAIROBI
4781,640836,25526998,MESHACK SINDANI,,,NAIROBI TEACHER,NAIROBI,NAIROBI
4782,681466,27783325,ABEDNEGO MWAU,,,NAIROBI TEACHER,NAIROBI,NAIROBI
4783,1013308,30039959,DENIS LUVATE,,,NAIROBI TEACHER,NAIROBI,NAIROBI
4784,621025,28239303,MERABA JOASH,,,NAIROBI TEACHER,NAIROBI,NAIROBI
4785,727216,29594168,GEORGE GATHU ,,,NAIROBI TEACHER,NAIROBI,NAIROBI
4786,767655,25241176,KEVIN OGARO BOSIRE,,,NAIROBI TEACHER,NAIROBI,NAIROBI
4787,505329,24995657,DUNCAN NDERUI,,,NAIROBI TEACHER,NAIROBI,NAIROBI
4788,587573,24212809,SAMUEL OMANGA,,,NAIROBI TEACHER,NAIROBI,NAIROBI
4789,924688,34466122,VEBICA CHEPNGENO MUTAI,,,NAIROBI TEACHER,NAIROBI,NAIROBI
4790,663909,28691162,ALEX OYENGO KHASUBINI,,,NAIROBI TEACHER,NAIROBI,NAIROBI
4791,526809,22495873,BETTY KERUBO,,,NAIROBI TEACHER,NAIROBI,NAIROBI
4792,582544,26585510,LOISE M. MULI,,,NAIROBI TEACHER,NAIROBI,NAIROBI
4793,871801,33414923,ESTHER MAUNDU,,,NAIROBI TEACHER,NAIROBI,NAIROBI
4794,868789,32965315,PHANUEL WAFULA SILUNDA,,,NAIROBI TEACHER,NAIROBI,NAIROBI
4795,1104087,26610393,KNOCKRISE MANG'ANA,,,NAIROBI TEACHER,NAIROBI,NAIROBI
4796,659483,27458732,CLAUDIA BOSIBORI,,,NAIROBI TEACHER,NAIROBI,NAIROBI
4797,857921,23895192,KENNEDY OLAlA,,,NAIROBI TEACHER,NAIROBI,NAIROBI
4798,918314,33515030,OBED NYAKUNDI OMOSA,,,NAIROBI TEACHER,NAIROBI,NAIROBI
4799,591209,26005088,ALPHONCE OCHIENG,,,NAIROBI TEACHER,NAIROBI,NAIROBI
4800,533568,22523106,SARAH HONGO,,,NAIROBI TEACHER,NAIROBI,NAIROBI
4801,662099,29513258,SHAMIM ALI,,,NAIROBI TEACHER,NAIROBI,NAIROBI
4802,758680262,921198,KIBAGENDI ALEX,,,NAIROBI TEACHER,NAIROBI,NAIROBI
4803,498963,23733658,AMOS KIBET,,,NAIROBI TEACHER,NAIROBI,NAIROBI
4804,686857,28720999,ELIAKIM ABUGA,,,NAIROBI TEACHER,NAIROBI,NAIROBI
4805,520047,24670977,ISAAC OUKO MASENGE,,,NAIROBI TEACHER,NAIROBI,NAIROBI
4806,962487,31914548,JULIET KWAMBOKA ,,,NAIROBI TEACHER,NAIROBI,NAIROBI
4807,712253,29454406,DOROTHY MAWIA,,,NAIROBI TEACHER,NAIROBI,NAIROBI
4808,985531,27914193,NICHOLAS MONTE,,,NAIROBI TEACHER,NAIROBI,NAIROBI
4809,766506,30549785,NYAMARI ALEXANDER ,,,NAIROBI TEACHER,NAIROBI,NAIROBI
4810,916555,34295123,ALFRED NENA,,,NAIROBI TEACHER,NAIROBI,NAIROBI
4811,973467,34181686,BEATRICE KIOKO,,,NAIROBI TEACHER,NAIROBI,NAIROBI
4812,352126,10916969,ANNE WASIKE,,,NAIROBI TEACHER,NAIROBI,NAIROBI
4813,1086429,39494158,ALEX ONTIRI,,,NAIROBI TEACHER,NAIROBI,NAIROBI
4814,932711,34875408,EZEKIEL OLEKIAPI,,,NAIROBI TEACHER,NAIROBI,NAIROBI
4815,588079,23352954,REGINAH ADHIAMBO,,,NAIROBI TEACHER,NAIROBI,NAIROBI
4816,799101,31517703,JAMES ALBERT OCHIENG ONYANGO,,,NAIROBI TEACHER,NAIROBI,NAIROBI
4817,24204731,546386,ANTHONY BARASA,,,NAIROBI TEACHER,NAIROBI,NAIROBI
4818,20794506,476382,ROSE KAGACHU,,,NAIROBI TEACHER,NAIROBI,NAIROBI
4819,32675277,834998,EVANS WANYAMA,,,NAIROBI TEACHER,NAIROBI,NAIROBI
4820,24227988,532835,VERONICA MUTEMBEI,,,NAIROBI TEACHER,NAIROBI,NAIROBI
4821,25283201,804027,JOHNSON MUGENDI,,,NAIROBI TEACHER,NAIROBI,NAIROBI
4822,27504196,763504,HESBON WANDA ,,,NAIROBI TEACHER,NAIROBI,NAIROBI
4823,27400066,608387,WILLIAM WAMBASI,,,NAIROBI TEACHER,NAIROBI,NAIROBI
4824,30772497,828679,STEPHEN ODINGA,,,NAIROBI TEACHER,NAIROBI,NAIROBI
4825,720205118,932711,EZEKIEL OLEKIAPI,,,NAIROBI TEACHER,NAIROBI,NAIROBI
4826,773349,30075120,MESHACK MUSYOKA SYENGO,,,NAIROBI TEACHER,NAIROBI,NAIROBI
4827,569313,26504254,GEOFFREY  ONGWAE,,,NAIROBI TEACHER,NAIROBI,NAIROBI
4828,551055,25400634,ELVIS OKOTH,,,NAIROBI TEACHER,NAIROBI,NAIROBI
4829,565534,24728430,SETH SUNGA,,,NAIROBI TEACHER,NAIROBI,NAIROBI
4830,487602,21795173,KISAKA  LUDOVICUS,,,NAIROBI TEACHER,NAIROBI,NAIROBI
4831,419442,13661749,AILLEN MAIBEN,,,NAIROBI TEACHER,NAIROBI,NAIROBI
4832,653184,29426671,WYCLIFF MARIITA,,,NAIROBI TEACHER,NAIROBI,NAIROBI
4833,678765,27426308,ISSABEL ATIENO,,,NAIROBI TEACHER,NAIROBI,NAIROBI
4834,1116973,39275538,BOAZ NYAMBOKI,,,NAIROBI TEACHER,NAIROBI,NAIROBI
4835,562892,26079430,Bamasa H. Reuben,,,NAIROBI TEACHER,NAIROBI,NAIROBI
4836,687320,25907359,George O. Raphael,,,NAIROBI TEACHER,NAIROBI,NAIROBI
4837,636045,26024742,Kennedy O. Otieno,,,NAIROBI TEACHER,NAIROBI,NAIROBI
4838,505990,22652121,Mwaka Dickson,,,NAIROBI TEACHER,NAIROBI,NAIROBI
4839,768369,33373046,Raqueline A. Osundwa,,,NAIROBI TEACHER,NAIROBI,NAIROBI
4840,976706,,AENGHA CHARLES,,,NAIROBI TEACHER,NAIROBI,NAIROBI
4841,976706,29326986,MARGARET NJOROGE,,,NAIROBI TEACHER,NAIROBI,NAIROBI
4842,736070,31640902,OGACHI CLIFF,,,NAIROBI TEACHER,NAIROBI,NAIROBI
4843,965681,25163556,TABITHA MESOCHO,,,NAIROBI TEACHER,NAIROBI,NAIROBI
4844,784544,6478622,CHARLES MBURU,,,NAIROBI TEACHER,NAIROBI,NAIROBI
4845,1079367,37498392,ISACK OTIENO,,,NAIROBI TEACHER,NAIROBI,NAIROBI
4846,820865,32559070,MARGARET WAMAITHA,,,NAIROBI TEACHER,NAIROBI,NAIROBI
4847,740611,30412293,NORAH KWAMBOKA,,,NAIROBI TEACHER,NAIROBI,NAIROBI
4848,505331,24756688,RISPER CHEPKEMOI,,,NAIROBI TEACHER,NAIROBI,NAIROBI
4849,653212,28104329,DOMINIC NYANGENA,,,NAIROBI TEACHER,NAIROBI,NAIROBI
4850,636569,28068483,JANET MUGENDI,,,NAIROBI TEACHER,NAIROBI,NAIROBI
4851,511394,13320570,MARY MURIUKI,,,NAIROBI TEACHER,NAIROBI,NAIROBI
4852,1103353,37436390,PETER OMBOGO,,,NAIROBI TEACHER,NAIROBI,NAIROBI
4853,543547,23709067,SARA NJERI,,,NAIROBI TEACHER,NAIROBI,NAIROBI
4854,1147172,40192992,CAROLINE KAMMI,,,NAIROBI TEACHER,NAIROBI,NAIROBI
4855,855005,31902479,HILLARY SWEGENYI,,,NAIROBI TEACHER,NAIROBI,NAIROBI
4856,1125481,38887133,JAMES OGEGA,,,NAIROBI TEACHER,NAIROBI,NAIROBI
4857,1122577,38969876,JOHNALLAN WANYEKI,,,NAIROBI TEACHER,NAIROBI,NAIROBI
4858,783383,29720577,JOSEPH OMOTO,,,NAIROBI TEACHER,NAIROBI,NAIROBI
4859,683176,29763998,SHARON KEMYOTO,,,NAIROBI TEACHER,NAIROBI,NAIROBI
4860,1004966,38245288,SOPHIE OCHIENG,,,NAIROBI TEACHER,NAIROBI,NAIROBI
4861,1138306,30433862,TREAZER OBARA,,,NAIROBI TEACHER,NAIROBI,NAIROBI
4862,1117649,39043548,WINNIE RONOH,,,NAIROBI TEACHER,NAIROBI,NAIROBI
4863,617003,,DOMINIC OOGA,,,NAIROBI TEACHER,NAIROBI,NAIROBI
4864,612054,22417103,ALEX KIHARA,,,NAIROBI TEACHER,NAIROBI,NAIROBI
4865,755070,22548946,ANDREW SAENYI,,,NAIROBI TEACHER,NAIROBI,NAIROBI
4866,689042,29572252,FLORENCE K. NZIOKA,,,NAIROBI TEACHER,NAIROBI,NAIROBI
4867,583496,26281284,INVIOLATA NABWIRE,,,NAIROBI TEACHER,NAIROBI,NAIROBI
4868,1014596,33136924,MARTHA ACHIENG,,,NAIROBI TEACHER,NAIROBI,NAIROBI
4869,699212,27459886,MICHAEL OOKO,,,NAIROBI TEACHER,NAIROBI,NAIROBI
4870,586807,26116578,Darlene Kerubo Omingo,,,NAIROBI TEACHER,NAIROBI,NAIROBI
4871,819894,31789041,Alex Mutisya Musila,,,NAIROBI TEACHER,NAIROBI,NAIROBI
4872,719699,29721792,Mary Wanjiku Muigai,,,NAIROBI TEACHER,NAIROBI,NAIROBI
4873,656906,27732290,Susan Nyabate Ondari,,,NAIROBI TEACHER,NAIROBI,NAIROBI
4874,539673,23249851,Naomi Zebedayo,,,NAIROBI TEACHER,NAIROBI,NAIROBI
4875,834095,29821443,Felix Okello,,,NAIROBI TEACHER,NAIROBI,NAIROBI
4876,413805,11682041,Julius Mulama,,,NAIROBI TEACHER,NAIROBI,NAIROBI
4877,358534,10898904,Betty Karimi,,,NAIROBI TEACHER,NAIROBI,NAIROBI
4878,565539,27346331,Kevin Theuri,,,NAIROBI TEACHER,NAIROBI,NAIROBI
4879,657984,28073134,Triza Juma,,,NAIROBI TEACHER,NAIROBI,NAIROBI
4880,439993,22638156,Florence Ajulu,,,NAIROBI TEACHER,NAIROBI,NAIROBI
4881,,23008592,Ibrahim okungu,,,NAIROBI TEACHER,NAIROBI,NAIROBI
4882,687893,25956022,Dennis Kaaria,,,NAIROBI TEACHER,NAIROBI,NAIROBI
4883,871634,33505448,Emmah Bundi,,,NAIROBI TEACHER,NAIROBI,NAIROBI
4884,1061691,34324438,Caroline Murugi,,,NAIROBI TEACHER,NAIROBI,NAIROBI
4885,847945,28383705,Jacob Njue,,,NAIROBI TEACHER,NAIROBI,NAIROBI
4886,523461,24680879,Christine Otieno,,,NAIROBI TEACHER,NAIROBI,NAIROBI
4887,310017,9299213,Vincent Waswa ,,,NAIROBI TEACHER,NAIROBI,NAIROBI
4888,974523,33106768,KELVIN SHIKUKU,,,NAIROBI TEACHER,NAIROBI,NAIROBI
4889,686810,29325434,EGLAY OMUSEBE,,,NAIROBI TEACHER,NAIROBI,NAIROBI
4890,662807,28976593,YVONNE OGINGA ODINGA,,,NAIROBI TEACHER,NAIROBI,NAIROBI
4891,964121,34217678,LILIAN ASMAN MUSUNGU,,,NAIROBI TEACHER,NAIROBI,NAIROBI
4892,,,RUAI BOYS SECONDARY SCHOOL,,,NAIROBI TEACHER,NAIROBI,NAIROBI
4893,1024325,34655896,Felix LUCHEVELELI,,,NAIROBI TEACHER,NAIROBI,NAIROBI
4894,874273,32367273,HARRIET SHIVACHI,,,NAIROBI TEACHER,NAIROBI,NAIROBI
4895,710315,30849684,ONYANGO KEVIN,,,NAIROBI TEACHER,NAIROBI,NAIROBI
4896,954066,34294096,ROBERT ONYANGO,,,NAIROBI TEACHER,NAIROBI,NAIROBI
4897,37056496,1124632,CHARITY OPANGO,,,NAIROBI TEACHER,NAIROBI,NAIROBI
4898,33967032,997500,GEORGE OWINYO,,,NAIROBI TEACHER,NAIROBI,NAIROBI
4899,28695363,862022,ROSE ANGELA,,,NAIROBI TEACHER,NAIROBI,NAIROBI
4900,38085884,107907,SOS OMURWA,,,NAIROBI TEACHER,NAIROBI,NAIROBI
4901,550450,,FRANKLINE JAIRUS KHATONDE,,,NAIROBI TEACHER,NAIROBI,NAIROBI
4902,523463,,COLLINS ODHIAMBO AKOTH,,,NAIROBI TEACHER,NAIROBI,NAIROBI
4903,509991,,SUSAN MUTHONI KINOTI,,,NAIROBI TEACHER,NAIROBI,NAIROBI
4904,711007,,BERYL ADHIAMBO OCHIENG,,,NAIROBI TEACHER,NAIROBI,NAIROBI
4905,1176418,,VIOLA AKOTH JUMA,,,NAIROBI TEACHER,NAIROBI,NAIROBI
4906,784592,,BRIAN ONYANGO OYIMBA,,,NAIROBI TEACHER,NAIROBI,NAIROBI
4907,895925,,DIVINHA NYARIKI,,,NAIROBI TEACHER,NAIROBI,NAIROBI
4908,660324,,EUNICE RATEMO,,,NAIROBI TEACHER,NAIROBI,NAIROBI
4909,840379,,KEVIN ONG�WANO,,,NAIROBI TEACHER,NAIROBI,NAIROBI
4910,525205,24282657,CHARLES WAKA,,,NAIROBI TEACHER,NAIROBI,NAIROBI
4911,854396,32551514,JIMMY MZERA,,,NAIROBI TEACHER,NAIROBI,NAIROBI
4912,394974,12499085,CLARE MARA,,,NAIROBI TEACHER,NAIROBI,NAIROBI
4913,655856,28119241,ANASTASIA MUSYOKI,,,NAIROBI TEACHER,NAIROBI,NAIROBI
4914,679163,,Esther Gichuki,,,NAIROBI TEACHER,NAIROBI,NAIROBI
4915,726923,,Catherine Katheu,,,NAIROBI TEACHER,NAIROBI,NAIROBI
4916,892882,,Cleophas Nyangoya,,,NAIROBI TEACHER,NAIROBI,NAIROBI
4917,943118,,Abigael Chelangat,,,NAIROBI TEACHER,NAIROBI,NAIROBI
4918,671189,,Dorothy Atieno,,,NAIROBI TEACHER,NAIROBI,NAIROBI
4919,,28556814,Japheth Wahu,,,NAIROBI TEACHER,NAIROBI,NAIROBI
4920,863341,,Elina Magar,,,NAIROBI TEACHER,NAIROBI,NAIROBI
4921,612513,,Isaiah Masolo,,,NAIROBI TEACHER,NAIROBI,NAIROBI
4922,1131203,,Maria Ayiera,,,NAIROBI TEACHER,NAIROBI,NAIROBI
4923,628836,,Josephine Mulei,,,NAIROBI TEACHER,NAIROBI,NAIROBI
4924,524566,24708737,ANNE NDEGWA,,,NAIROBI TEACHER,NAIROBI,NAIROBI
4925,523458,23904297,CALLEN ONGERI,,,NAIROBI TEACHER,NAIROBI,NAIROBI
4926,508756,25026260,CAROLINE MURITHI,,,NAIROBI TEACHER,NAIROBI,NAIROBI
4927,795593,31068826,ELIJA JUMA,,,NAIROBI TEACHER,NAIROBI,NAIROBI
4928,1167056,39919873,LAURA ACHIENG,,,NAIROBI TEACHER,NAIROBI,NAIROBI
4929,801391,31903569,OSWE FREDRICK,,,NAIROBI TEACHER,NAIROBI,NAIROBI
4930,585092,27248082,PHOEBE APOLLO,,,NAIROBI TEACHER,NAIROBI,NAIROBI
4931,508252,23590049,Conceptor Obierio,,,NAIROBI TEACHER,NAIROBI,NAIROBI
4932,496625,23387225,Emmah Kioria,,,NAIROBI TEACHER,NAIROBI,NAIROBI
4933,901008,27753328,Hillary Getega,,,NAIROBI TEACHER,NAIROBI,NAIROBI
4934,832775,32408389,Kenneth Mworia,,,NAIROBI TEACHER,NAIROBI,NAIROBI
4935,810816,,Gabriel Osore,,,NAIROBI TEACHER,NAIROBI,NAIROBI
4936,596274,,Judy Mong'ina,,,NAIROBI TEACHER,NAIROBI,NAIROBI
4937,706786,,Pauline Njeri,,,NAIROBI TEACHER,NAIROBI,NAIROBI
4938,1055464,,Sabiha Muganda,,,NAIROBI TEACHER,NAIROBI,NAIROBI
4939,�,,Genevieve Mungei,,,NAIROBI TEACHER,NAIROBI,NAIROBI
4940,�,,Lavendor Mikwa,,,NAIROBI TEACHER,NAIROBI,NAIROBI
4941,�,,Leah Kisyungu,,,NAIROBI TEACHER,NAIROBI,NAIROBI
4942,,,DEBORA BUNYALI,,,NAIROBI TEACHER,NAIROBI,NAIROBI
4943,522519,,DICKENS ODONDO,,,NAIROBI TEACHER,NAIROBI,NAIROBI
4944,457141,,DUNCAN MURAGURI,,,NAIROBI TEACHER,NAIROBI,NAIROBI
4945,504481,,LINDA THUKU,,,NAIROBI TEACHER,NAIROBI,NAIROBI
4946,508931,,EMILY OBARA,,,NAIROBI TEACHER,NAIROBI,NAIROBI
4947,660553,,PAUL ORERO,,,NAIROBI TEACHER,NAIROBI,NAIROBI
4948,793450,,Brightone Akumu ,,,NAIROBI TEACHER,NAIROBI,NAIROBI
4949,843741,,Kennedy Mbilo ,,,NAIROBI TEACHER,NAIROBI,NAIROBI
4950,514764,,Mwangi Waweru ,,,NAIROBI TEACHER,NAIROBI,NAIROBI
4951,477630,,Josiah Maanzo Kimolo ,,,NAIROBI TEACHER,NAIROBI,NAIROBI
4952,810215,,Delvin Adhiambo Odongo ,,,NAIROBI TEACHER,NAIROBI,NAIROBI
4953,837442,30658435,Sharon Shirllete,,,NAIROBI TEACHER,NAIROBI,NAIROBI
4954,792833,26526147,Timothy Kinyua Ataya,,,NAIROBI TEACHER,NAIROBI,NAIROBI
4955,701489,26082605,Dennis Osoro,,,NAIROBI TEACHER,NAIROBI,NAIROBI
4956,484566,22921090,Judy Apondi Odhiambo,,,NAIROBI TEACHER,NAIROBI,NAIROBI
4957,710970,29451881,Kelvin Gakuru,,,NAIROBI TEACHER,NAIROBI,NAIROBI
4958,578644,25709836,James Keoye,,,NAIROBI TEACHER,NAIROBI,NAIROBI
4959,892990,34035218,SIMIYU EVANS,,,NAIROBI TEACHER,NAIROBI,NAIROBI
4960,890101,33487811,FAITH KEAGO,,,NAIROBI TEACHER,NAIROBI,NAIROBI
4961,952715,34364574,FRED OIRA,,,NAIROBI TEACHER,NAIROBI,NAIROBI
4962,565261,,Granton Mulala,,,NAIROBI TEACHER,NAIROBI,NAIROBI
4963,520746,,Jeremiah Nzangi Nzyoka,,,NAIROBI TEACHER,NAIROBI,NAIROBI
4964,716924,,David Muchiri,,,NAIROBI TEACHER,NAIROBI,NAIROBI
4965,786286,,Charles Wanyeki,,,NAIROBI TEACHER,NAIROBI,NAIROBI
4966,682332,,Teresiah Njoka,,,NAIROBI TEACHER,NAIROBI,NAIROBI
4967,464573,,Onkoba Chrispus,,,NAIROBI TEACHER,NAIROBI,NAIROBI
4968,826997,,Omagwa Evans,,,NAIROBI TEACHER,NAIROBI,NAIROBI
4969,593706,,Maima Rebecca,,,NAIROBI TEACHER,NAIROBI,NAIROBI
4970,943624,,Chebet Glodiah,,,NAIROBI TEACHER,NAIROBI,NAIROBI
4971,759982,,Simeon Rioba Nyatika,,,NAIROBI TEACHER,NAIROBI,NAIROBI
4972,525041,,Grishon Macharia Kimani,,,NAIROBI TEACHER,NAIROBI,NAIROBI
4973,1029104,,Ruth Tibin Sakong,,,NAIROBI TEACHER,NAIROBI,NAIROBI
4974,1112090,,Victor Orina,,,NAIROBI TEACHER,NAIROBI,NAIROBI
4975,749348,29645019,SIMIYU MICHAEL,,,NAIROBI TEACHER,NAIROBI,NAIROBI
4976,613984,27509715,IMELDA MUKABANE,,,NAIROBI TEACHER,NAIROBI,NAIROBI
4977,698629,27572500,LILIAN AUMA,,,NAIROBI TEACHER,NAIROBI,NAIROBI
4978,740214,28812455,KAILIKIA KALIUNGA,,,NAIROBI TEACHER,NAIROBI,NAIROBI
4979,898143,26648542,ZIPPORAH WAFULA,,,NAIROBI TEACHER,NAIROBI,NAIROBI
4980,24473424,540992,PURITY KOSGEI,,,NAIROBI TEACHER,NAIROBI,NAIROBI
4981,22672324,542175,JOHNPAUL ODIKO,,,NAIROBI TEACHER,NAIROBI,NAIROBI
4982,31647842,837585,BRIAN KYALO,,,NAIROBI TEACHER,NAIROBI,NAIROBI
4983,31082268,705740,JUDITH MUSIMBI,,,NAIROBI TEACHER,NAIROBI,NAIROBI
4984,34009792,897802,KIMACHAS WINFRED,,,NAIROBI TEACHER,NAIROBI,NAIROBI
4985,858856,33023773,Lucy Muthoni,,,NAIROBI TEACHER,NAIROBI,NAIROBI
4986,920531,33000525,Meroka Dillion,,,NAIROBI TEACHER,NAIROBI,NAIROBI
4987,795034,26183096,Wekesa Barasa Emmanuel,,,NAIROBI TEACHER,NAIROBI,NAIROBI
4988,955745,28786610,Zachari Sosi,,,NAIROBI TEACHER,NAIROBI,NAIROBI
4989,591514,25197127,Mercy Wanjiru Kang'ethe,,,NAIROBI TEACHER,NAIROBI,NAIROBI
4990,826574,26390218,Reuben Wamalwa Jotham,,,NAIROBI TEACHER,NAIROBI,NAIROBI
4991,697306,28473917,Roseline Okwiri Oduor,,,NAIROBI TEACHER,NAIROBI,NAIROBI
4992,694528,27594147,Viola J. Korir,,,NAIROBI TEACHER,NAIROBI,NAIROBI
4993,678592,,Lewis Mbaka,,,NAIROBI TEACHER,NAIROBI,NAIROBI
4994,770812,,Mary Mwangi,,,NAIROBI TEACHER,NAIROBI,NAIROBI
4995,966423,,Pauline Nyaga,,,NAIROBI TEACHER,NAIROBI,NAIROBI
4996,589588,,Peter Ooko,,,NAIROBI TEACHER,NAIROBI,NAIROBI
4997,517609,24101351,Mitei Kipkurui,,,NAIROBI TEACHER,NAIROBI,NAIROBI
4998,765988,27388051,Okisai Geoffry,,,NAIROBI TEACHER,NAIROBI,NAIROBI
4999,879749,32975606,Benard Omondi,,,NAIROBI TEACHER,NAIROBI,NAIROBI
5000,546637,23080701,Stella Kisembe,,,NAIROBI TEACHER,NAIROBI,NAIROBI
5001,760783,29024036,Nancy Mwende,,,NAIROBI TEACHER,NAIROBI,NAIROBI
5002,756043,28841449,Martin Mutwiri,,,NAIROBI TEACHER,NAIROBI,NAIROBI
5003,515709,24114708,Peter Wafula,,,NAIROBI TEACHER,NAIROBI,NAIROBI
5004,524550,24496811,Jared Anyota,,,NAIROBI TEACHER,NAIROBI,NAIROBI
5005,617874,24666470,Stanley Tesot,,,NAIROBI TEACHER,NAIROBI,NAIROBI
5006,525984,26194746,Yusuf Mukonga,,,NAIROBI TEACHER,NAIROBI,NAIROBI
5007,515564,24720509,Janet Njoroge,,,NAIROBI TEACHER,NAIROBI,NAIROBI
5008,865546,31504359,Agnes Onsinyo,,,NAIROBI TEACHER,NAIROBI,NAIROBI
5009,712723,28359010,Kevin Ayoga,,,NAIROBI TEACHER,NAIROBI,NAIROBI
5010,546328,25402937,Vincent Ochieng,,,NAIROBI TEACHER,NAIROBI,NAIROBI
5011,679884,28413527,Purity Cherono,,,NAIROBI TEACHER,NAIROBI,NAIROBI
5012,955302,32770314,Peris Nyamai,,,NAIROBI TEACHER,NAIROBI,NAIROBI
5013,450656,21713817,Felistus Gamusa,,,NAIROBI TEACHER,NAIROBI,NAIROBI
5014,776089,32459070,Ashaton Omayo,,,NAIROBI TEACHER,NAIROBI,NAIROBI
5015,717712,27984088,Daniel Ndung'u,,,NAIROBI TEACHER,NAIROBI,NAIROBI
5016,774799,34255457,Elizabeth Nakami,,,NAIROBI TEACHER,NAIROBI,NAIROBI
5017,730049,25690476,Janneth Masese,,,NAIROBI TEACHER,NAIROBI,NAIROBI
5018,521384,22459242,Nzioki Francis,,,NAIROBI TEACHER,NAIROBI,NAIROBI
5019,712509,30434692,Roymark Twang'a,,,NAIROBI TEACHER,NAIROBI,NAIROBI
5020,893459,34864224,ODERO EVEANS MUKULO,,,NAIROBI TEACHER,NAIROBI,NAIROBI
5021,1114080,28209350,Mokua brigit,,,NAIROBI TEACHER,NAIROBI,NAIROBI
5022,524047,24317423,Jim Vengi Njiru,,,NAIROBI TEACHER,NAIROBI,NAIROBI
5023,880131,33144150,Joseph Njenga,,,NAIROBI TEACHER,NAIROBI,NAIROBI
5024,813332,302196675,Bernard Shiundu,,,NAIROBI TEACHER,NAIROBI,NAIROBI
5025,875051,33140863,Mary Njenga,,,NAIROBI TEACHER,NAIROBI,NAIROBI
5026,935088,32956564,Medyline Lusaka,,,NAIROBI TEACHER,NAIROBI,NAIROBI
5027,610276,26136385,Ruth Mwathi,,,NAIROBI TEACHER,NAIROBI,NAIROBI
5028,848029,,Angela Majuma,,,NAIROBI TEACHER,NAIROBI,NAIROBI
5029,705267,,James Ochieng,,,NAIROBI TEACHER,NAIROBI,NAIROBI
5030,915545,36198532,Areri Bonface,,,NAIROBI TEACHER,NAIROBI,NAIROBI
5031,1058395,22308678,Jackson Wanjala,,,NAIROBI TEACHER,NAIROBI,NAIROBI
5032,703153,29586423,Kathambi Njue,,,NAIROBI TEACHER,NAIROBI,NAIROBI
5033,916111,33748375,Natalyne Mudaki,,,NAIROBI TEACHER,NAIROBI,NAIROBI
5034,,,DAGORETTI MIXED,,,NAIROBI TEACHER,NAIROBI,NAIROBI
5035,679024,28176875,MAGDALENE M. KILONZI,,,NAIROBI TEACHER,NAIROBI,NAIROBI
5036,585077,27451106,VALENTINE LUMULA,,,NAIROBI TEACHER,NAIROBI,NAIROBI
5037,685734,29616742,WILSON ODUOR,,,NAIROBI TEACHER,NAIROBI,NAIROBI
5038,603650,23652823,CAROLINE KATHURE ,,,NAIROBI TEACHER,NAIROBI,NAIROBI
5039,957994,33626557,CAREN SIMIYU ,,,NAIROBI TEACHER,NAIROBI,NAIROBI
5040,523603,24429625,MERCY YEGO,,,NAIROBI TEACHER,NAIROBI,NAIROBI
5041,476350,22614192,LAMECH NYAEGA,,,NAIROBI TEACHER,NAIROBI,NAIROBI
5042,,,LENANA,,,NAIROBI TEACHER,NAIROBI,NAIROBI
5043,827687,31456564,KELVIN MELI,,,NAIROBI TEACHER,NAIROBI,NAIROBI
5044,876930,35689988,MERCY NJERI,,,NAIROBI TEACHER,NAIROBI,NAIROBI
5045,819386,31453630,CLINTON OCHANDA,,,NAIROBI TEACHER,NAIROBI,NAIROBI
5046,654847,27799763,SYLVESTER AYIEKO,,,NAIROBI TEACHER,NAIROBI,NAIROBI
5047,710664,29776731,BRIAN ODHIAMBO,,,NAIROBI TEACHER,NAIROBI,NAIROBI
5048,659128,26396285,BONFACE GWARO,,,NAIROBI TEACHER,NAIROBI,NAIROBI
5049,973912,33321911,CAROLYNE BRANDT ,,,NAIROBI TEACHER,NAIROBI,NAIROBI
5050,735318,30232348,NANCY KIPTOO,,,NAIROBI TEACHER,NAIROBI,NAIROBI
5051,571797,25250408,DUNCAN AMBASA,,,NAIROBI TEACHER,NAIROBI,NAIROBI
5052,713965,28273192,SOPHIA MWANGI,,,NAIROBI TEACHER,NAIROBI,NAIROBI
5053,678592,27894999,Lewis Mbaka,,,NAIROBI TEACHER,NAIROBI,NAIROBI
5054,770812,30407450,Mary Mwangi,,,NAIROBI TEACHER,NAIROBI,NAIROBI
5055,966423,34331706,Pauline Nyaga,,,NAIROBI TEACHER,NAIROBI,NAIROBI
5056,589588,27378288,Peter Ooko,,,NAIROBI TEACHER,NAIROBI,NAIROBI
5057,712723,28359010,Kevin Ayoga,,,NAIROBI TEACHER,NAIROBI,NAIROBI
5058,546328,25402937,Vincent Ochieng,,,NAIROBI TEACHER,NAIROBI,NAIROBI
5059,679884,28413527,Purity Cherono,,,NAIROBI TEACHER,NAIROBI,NAIROBI
5060,955302,32770314,Peris Nyamai,,,NAIROBI TEACHER,NAIROBI,NAIROBI
5061,450656,21713816,Felistus Gamusa,,,NAIROBI TEACHER,NAIROBI,NAIROBI
5062,581941,�,Angeline Chebet Ngerechi,,,NAIROBI TEACHER,NAIROBI,NAIROBI
5063,533390,23852683,Nevil Chemuku,,,NAIROBI TEACHER,NAIROBI,NAIROBI
5064,323954,11059943,Purity Ruguru Nyaga,,,NAIROBI TEACHER,NAIROBI,NAIROBI
5065,113513,28193373,Abraham Ngetich,,,NAIROBI TEACHER,NAIROBI,NAIROBI
5066,�,,JANE MIMKA,,,NAIROBI TEACHER,NAIROBI,NAIROBI
5067,381867,12602440,EMELDA OUNDO,,,NAIROBI TEACHER,NAIROBI,NAIROBI
5068,575317,26566150,MIKE WAFULA,,,NAIROBI TEACHER,NAIROBI,NAIROBI
5069,�,,TIMOTHY LANGO,,,NAIROBI TEACHER,NAIROBI,NAIROBI
5070,723113,30629693,TOBIAS KERARIO,,,NAIROBI TEACHER,NAIROBI,NAIROBI
5071,746017,29260447,ALFRED GITAMO MAGATA,,,NAIROBI TEACHER,NAIROBI,NAIROBI
5072,1022775,32722660,DAVID GETEGA,,,NAIROBI TEACHER,NAIROBI,NAIROBI
5073,868823,10810434,MAURICE MUSINGA,,,NAIROBI TEACHER,NAIROBI,NAIROBI
5074,812797,25471710,GABRIEL WAFULA WEKESA,,,NAIROBI TEACHER,NAIROBI,NAIROBI
5075,571969,,ANNE MUSEMBI,,,NAIROBI TEACHER,NAIROBI,NAIROBI
5076,664365,,CHRYSTABEL NJERU,,,NAIROBI TEACHER,NAIROBI,NAIROBI
5077,650803,,FAITH NGILA,,,NAIROBI TEACHER,NAIROBI,NAIROBI
5078,547357,,SAMUEL MWISA,,,NAIROBI TEACHER,NAIROBI,NAIROBI
5079,819449,,AMOS MWANGI,,,NAIROBI TEACHER,NAIROBI,NAIROBI
5080,701712,,CLINTON SUKURU,,,NAIROBI TEACHER,NAIROBI,NAIROBI
5081,962609,,DOREEN MUGAMBI,,,NAIROBI TEACHER,NAIROBI,NAIROBI
5082,348840,,FIDELINA KARUGA,,,NAIROBI TEACHER,NAIROBI,NAIROBI
5083,779325,30065849,DERN    ONDIM,,,NAIROBI TEACHER,NAIROBI,NAIROBI
5084,571299,27046386,PAMELA   KIMELI,,,NAIROBI TEACHER,NAIROBI,NAIROBI
5085,576740,26089373,CATHERINE KERUBO,,,NAIROBI TEACHER,NAIROBI,NAIROBI
5086,715341,25666055,PHANE  HEADMOND,,,NAIROBI TEACHER,NAIROBI,NAIROBI
5087,762768,319909954,ROZINAH  KEMUTO,,,NAIROBI TEACHER,NAIROBI,NAIROBI
5088,28386553,784820,Nicholas Nasiebonio,,,NAIROBI TEACHER,NAIROBI,NAIROBI
5089,31438162,837611,Phyllis Mukami,,,NAIROBI TEACHER,NAIROBI,NAIROBI
5090,26067659,757939,Michael Keya,,,NAIROBI TEACHER,NAIROBI,NAIROBI
5091,,929910,Collins Wanjala,,,NAIROBI TEACHER,NAIROBI,NAIROBI
5092,35793502,969891,Teresa Kemunto,,,NAIROBI TEACHER,NAIROBI,NAIROBI
5093,36308009,927859,Doreen Cheruiyot,,,NAIROBI TEACHER,NAIROBI,NAIROBI
5094,30093261,964192,Eunice Mugambi,,,NAIROBI TEACHER,NAIROBI,NAIROBI
5095,33577495,841193,Sylvia Moige,,,NAIROBI TEACHER,NAIROBI,NAIROBI
5096,1137589,32753304,LILLIAN NYABOKE,,,NAIROBI TEACHER,NAIROBI,NAIROBI
5097,660494,28115376,CELESTINE ODIWUOR,,,NAIROBI TEACHER,NAIROBI,NAIROBI
5098,537705,25959766,ESTHER NYAKUNDI,,,NAIROBI TEACHER,NAIROBI,NAIROBI
5099,816571,26521349,GEOFFREY KABUGI,,,NAIROBI TEACHER,NAIROBI,NAIROBI
5100,822035,31414940,MAURICE ODHIAMBO,,,NAIROBI TEACHER,NAIROBI,NAIROBI
5101,896727,34185311,LAVENDER OUMA,,,NAIROBI TEACHER,NAIROBI,NAIROBI
5102,524460,24132150,ROSE JOEL,,,NAIROBI TEACHER,NAIROBI,NAIROBI
5103,779184,31841785,RICHARD ONUNGA,,,NAIROBI TEACHER,NAIROBI,NAIROBI
5104,660656,25886348,STEPHEN AHURA,,,NAIROBI TEACHER,NAIROBI,NAIROBI
5105,903275,30321963,ANN MWENDE MUTUA,,,NAIROBI TEACHER,NAIROBI,NAIROBI
5106,939992,33172969,BASIL ODHIAMBO,,,NAIROBI TEACHER,NAIROBI,NAIROBI
5107,768105,29773857,KENNEDY MINSLET,,,NAIROBI TEACHER,NAIROBI,NAIROBI
5108,666449,28455153,DERRICK MALIM,,,NAIROBI TEACHER,NAIROBI,NAIROBI
5109,758664,30377682,SIMON WASWA,,,NAIROBI TEACHER,NAIROBI,NAIROBI
5110,748061,27069662,TOBBY WEKESA,,,NAIROBI TEACHER,NAIROBI,NAIROBI
5111,809758,31438036,MOSES MUVUNE,,,NAIROBI TEACHER,NAIROBI,NAIROBI
5112,625091,,JAMES SHIVINA,,,NAIROBI TEACHER,NAIROBI,NAIROBI
5113,512531,24545272,JANET KAHUHA,,,NAIROBI TEACHER,NAIROBI,NAIROBI
5114,429400,9856110,Margaret Chege,,,NAIROBI TEACHER,NAIROBI,NAIROBI
5115,628758,23538235,Victor Wanga,,,NAIROBI TEACHER,NAIROBI,NAIROBI
5116,592706,28044506,Isaac Obegi,,,NAIROBI TEACHER,NAIROBI,NAIROBI
5117,792367,31719889,Damaris Nyaoko,,,NAIROBI TEACHER,NAIROBI,NAIROBI
5118,828419,28143123,Olang Steve,,,NAIROBI TEACHER,NAIROBI,NAIROBI
5119,983105,32503213,Osen Duncan,,,NAIROBI TEACHER,NAIROBI,NAIROBI
5120,578792,24731111,Jackline Kosgei,,,NAIROBI TEACHER,NAIROBI,NAIROBI
5121,804053,30592317,Bernard Mwasame,,,NAIROBI TEACHER,NAIROBI,NAIROBI
5122,475678,21358486,Justus Kimolo,,,NAIROBI TEACHER,NAIROBI,NAIROBI
5123,889455,32964089,Lucy Akinyi,,,NAIROBI TEACHER,NAIROBI,NAIROBI
5124,1015633,38735364,Mercy Ireri,,,NAIROBI TEACHER,NAIROBI,NAIROBI
5125,616663,26485217,Kenyoru Jeremia,,,NAIROBI TEACHER,NAIROBI,NAIROBI
5126,1129822,34889733,Modrine Vigedi,,,NAIROBI TEACHER,NAIROBI,NAIROBI
5127,818967,32245819,Paul Maliachi,,,NAIROBI TEACHER,NAIROBI,NAIROBI
5128,567820,24108009,MICHAEL OUMA,,,NAIROBI TEACHER,NAIROBI,NAIROBI
5129,482690,22161129,JARED OTWABE,,,NAIROBI TEACHER,NAIROBI,NAIROBI
5130,915372,32423933,ERICK KEBENEI,,,NAIROBI TEACHER,NAIROBI,NAIROBI
5131,989182,35704628,GLADYS KAMAU,,,NAIROBI TEACHER,NAIROBI,NAIROBI
5132,574346,26916317,JOHN WAFULA,,,NAIROBI TEACHER,NAIROBI,NAIROBI
5133,586847,26346891,VICTOR SAGANA,,,NAIROBI TEACHER,NAIROBI,NAIROBI
5134,817675,28257431,CATHERINE KAHUHA,,,NAIROBI TEACHER,NAIROBI,NAIROBI
5135,826445,298669,OPOLLO ZACHARIA,,,NAIROBI TEACHER,NAIROBI,NAIROBI
5136,877057,33886330,IVY CHEGE,,,NAIROBI TEACHER,NAIROBI,NAIROBI
5137,714761,,BENSON MUREITHI,,,NAIROBI TEACHER,NAIROBI,NAIROBI
5138,472849,,GEOFFREY MBUVI,,,NAIROBI TEACHER,NAIROBI,NAIROBI
5139,462464,,JANE KUBUTA,,,NAIROBI TEACHER,NAIROBI,NAIROBI
5140,535774,,KENNETH AJUOGAH,,,NAIROBI TEACHER,NAIROBI,NAIROBI
5141,�,,ZACK MORARA,,,NAIROBI TEACHER,NAIROBI,NAIROBI
5142,669279,,CATHERINE KARIMI,,,NAIROBI TEACHER,NAIROBI,NAIROBI
5143,765263,,CLEOPHAS NYAGA,,,NAIROBI TEACHER,NAIROBI,NAIROBI
5144,778605,,DEBORAH CHEROP RUTTO,,,NAIROBI TEACHER,NAIROBI,NAIROBI
5145,712516,,ESCARIC MWENDE SIMON,,,NAIROBI TEACHER,NAIROBI,NAIROBI
5146,959269,,EVANS SIMIYU,,,NAIROBI TEACHER,NAIROBI,NAIROBI
5147,582202,,GODFREY KARANI WANJALA,,,NAIROBI TEACHER,NAIROBI,NAIROBI
5148,870900,,JAMES WAHOME,,,NAIROBI TEACHER,NAIROBI,NAIROBI
5149,1060336,,MILLICENT MWEKA,,,NAIROBI TEACHER,NAIROBI,NAIROBI
5150,1004881,,MORANGA TOM,,,NAIROBI TEACHER,NAIROBI,NAIROBI
5151,1115179,,PETER MUKHWANA,,,NAIROBI TEACHER,NAIROBI,NAIROBI
5152,844461,,NELSON MANDELA,,,NAIROBI TEACHER,NAIROBI,NAIROBI
5153,971528,,GEOFFREY CHAKA,,,NAIROBI TEACHER,NAIROBI,NAIROBI
5154,711865,,ALFRED NJERU,,,NAIROBI TEACHER,NAIROBI,NAIROBI
5155,660479,,MARY ADHIAMBO,,,NAIROBI TEACHER,NAIROBI,NAIROBI
5156,792290,,ROSE ONYANGO,,,NAIROBI TEACHER,NAIROBI,NAIROBI
5157,699677,27661976,Kelvin Kariuki Mbugua,,,NAIROBI TEACHER,NAIROBI,NAIROBI
5158,671878,28785801,Victorine Shisia,,,NAIROBI TEACHER,NAIROBI,NAIROBI
5159,698363,�,Mutita John Asira,,,NAIROBI TEACHER,NAIROBI,NAIROBI
5160,668834,24415311,Amos Orendo,,,NAIROBI TEACHER,NAIROBI,NAIROBI
5161,826574,26390218,Jotham wamalwa,,,NAIROBI TEACHER,NAIROBI,NAIROBI
5162,769655,25241176,Kevin bosire,,,NAIROBI TEACHER,NAIROBI,NAIROBI
5163,714656,23540583,William mbatia,,,NAIROBI TEACHER,NAIROBI,NAIROBI
5164,565261,25781319,Granton mulala,,,NAIROBI TEACHER,NAIROBI,NAIROBI
5165,1035144,3539117,Justine sagini,,,NAIROBI TEACHER,NAIROBI,NAIROBI
5166,796514,30254580,Job momanyi,,,NAIROBI TEACHER,NAIROBI,NAIROBI
5167,933058,33527626,Grace nekesa,,,NAIROBI TEACHER,NAIROBI,NAIROBI
5168,957994,33626557,Caren simiyu,,,NAIROBI TEACHER,NAIROBI,NAIROBI
5169,1024325,34655896,Felix LUCHEVELELI,,,NAIROBI TEACHER,NAIROBI,NAIROBI
5170,874273,32367273,HARRIET SHIVACHI,,,NAIROBI TEACHER,NAIROBI,NAIROBI
5171,710315,30849684,ONYANGO KEVIN,,,NAIROBI TEACHER,NAIROBI,NAIROBI
5172,954066,34294096,ROBERT ONYANGO,,,NAIROBI TEACHER,NAIROBI,NAIROBI
5173,389176,11538598,Andrew simolo,,,NAIROBI TEACHER,NAIROBI,NAIROBI
5174,1095064,38205598,Jamen Ntayia,,,KAJIADO TEACHER,KAJIADO,RIFT VALLEY
5175,1099195,28665917,Bonface Onyambu,,,KAJIADO TEACHER,KAJIADO,RIFT VALLEY
5176,1110704,34508699,Christine Muruncha,,,KAJIADO TEACHER,KAJIADO,RIFT VALLEY
5177,849322,29370717,Everlyne Kamolo,,,KAJIADO TEACHER,KAJIADO,RIFT VALLEY
5178,566366,23799007,Stephen Metobo Metobo,,,KAJIADO TEACHER,KAJIADO,RIFT VALLEY
5179,851751,33630066,Charity Nkitaria Koinange,,,KAJIADO TEACHER,KAJIADO,RIFT VALLEY
5180,1102851,40105067,Grace Keis Sayanka,,,KAJIADO TEACHER,KAJIADO,RIFT VALLEY
5181,1126096,37653515,Duncan Kirui,,,KAJIADO TEACHER,KAJIADO,RIFT VALLEY
5182,932583,34792662,Joyline Jeptum,,,KAJIADO TEACHER,KAJIADO,RIFT VALLEY
5183,768154,30252430,Lilian Katibi Eshibukho,,,KAJIADO TEACHER,KAJIADO,RIFT VALLEY
5184,1163814,40077554,Rachael Matiyio,,,KAJIADO TEACHER,KAJIADO,RIFT VALLEY
5185,831405,32375959,Geofry Okwomi,,,KAJIADO TEACHER,KAJIADO,RIFT VALLEY
5186,663983,28485370,Benard Ongubo,,,KAJIADO TEACHER,KAJIADO,RIFT VALLEY
5187,861580,29504208,Dancan Masila,,,KAJIADO TEACHER,KAJIADO,RIFT VALLEY
5188,463196,22009811,Susan Wanjiku,,,KAJIADO TEACHER,KAJIADO,RIFT VALLEY
5189,484376,21807363,John Muiruri,,,KAJIADO TEACHER,KAJIADO,RIFT VALLEY
5190,389132,11675764,Beth Nduta,,,KAJIADO TEACHER,KAJIADO,RIFT VALLEY
5191,945298,37333008,Lawrence Mulei,,,KAJIADO TEACHER,KAJIADO,RIFT VALLEY
5192,945990,33589625,Nancy Morara,,,KAJIADO TEACHER,KAJIADO,RIFT VALLEY
5193,1071654,37927869,Aron Cheruiyot,,,KAJIADO TEACHER,KAJIADO,RIFT VALLEY
5194,1030105,36711537,Dennis Kioko,,,KAJIADO TEACHER,KAJIADO,RIFT VALLEY
5195,938137,36417360,Bonnie Turumo,,,KAJIADO TEACHER,KAJIADO,RIFT VALLEY
5196,1017035,34485515,Alex Rono,,,KAJIADO TEACHER,KAJIADO,RIFT VALLEY
5197,868058,29443376,Phiona Odhiambo,,,KAJIADO TEACHER,KAJIADO,RIFT VALLEY
5198,1010754,35099393,Nathaniel Melita,,,KAJIADO TEACHER,KAJIADO,RIFT VALLEY
5199,1076971,38149952,Daniel Koinet,,,KAJIADO TEACHER,KAJIADO,RIFT VALLEY
5200,941565,36603221,Richard Runke,,,KAJIADO TEACHER,KAJIADO,RIFT VALLEY
5201,965047,34867471,Lemoshira Pirias,,,KAJIADO TEACHER,KAJIADO,RIFT VALLEY
5202,988261,36209044,Elijah Memusi,,,KAJIADO TEACHER,KAJIADO,RIFT VALLEY
5203,1062142,42231302,Mercy Siana,,,KAJIADO TEACHER,KAJIADO,RIFT VALLEY
5204,1112631,39077799,Brian  Induswe,,,KAJIADO TEACHER,KAJIADO,RIFT VALLEY
5205,531433,23294986,Jemimah Nyamai,,,KAJIADO TEACHER,KAJIADO,RIFT VALLEY
5206,1004058,36607837,Kevin Mauti,,,KAJIADO TEACHER,KAJIADO,RIFT VALLEY
5207,912808,33100044,Emmanuel Sane,,,KAJIADO TEACHER,KAJIADO,RIFT VALLEY
5208,916286,33438168,Kisimir Olebela,,,KAJIADO TEACHER,KAJIADO,RIFT VALLEY
5209,1163376,39442193,Sarijore Peyion,,,KAJIADO TEACHER,KAJIADO,RIFT VALLEY
5210,1096745,39156582,Ruth Kachumi,,,KAJIADO TEACHER,KAJIADO,RIFT VALLEY
5211,910866,33088897,Joyce Pesi,,,KAJIADO TEACHER,KAJIADO,RIFT VALLEY
5212,988797,34093510,Doreen Mukami,,,KAJIADO TEACHER,KAJIADO,RIFT VALLEY
5213,741686,287881108,Tiges Natengena,,,KAJIADO TEACHER,KAJIADO,RIFT VALLEY
5214,1080006,31894396,Vincent Ngeno,,,KAJIADO TEACHER,KAJIADO,RIFT VALLEY
5215,979890,34356285,Julius Mutungu,,,KAJIADO TEACHER,KAJIADO,RIFT VALLEY
5216,787720,29828195,Eunice Wambui,,,KAJIADO TEACHER,KAJIADO,RIFT VALLEY
5217,827513,32679845,Doris Cheptumo,,,KAJIADO TEACHER,KAJIADO,RIFT VALLEY
5218,959433,22260237,Sammuel Ngugi,,,KAJIADO TEACHER,KAJIADO,RIFT VALLEY
5219,558167,23622360,Susan Mwikali,,,KAJIADO TEACHER,KAJIADO,RIFT VALLEY
5220,744658,29412685,Fredrick Owera,,,KAJIADO TEACHER,KAJIADO,RIFT VALLEY
5221,1045715,34325881,Zipporah Mwenga,,,KAJIADO TEACHER,KAJIADO,RIFT VALLEY
5222,412527,13656226,Jane Mosigisi,,,KAJIADO TEACHER,KAJIADO,RIFT VALLEY
5223,814619,30467826,Naomi Mukiri,,,KAJIADO TEACHER,KAJIADO,RIFT VALLEY
5224,549241,24311695,Christabel Onyango,,,KAJIADO TEACHER,KAJIADO,RIFT VALLEY
5225,819859,32475031,Joel Wekesa,,,KAJIADO TEACHER,KAJIADO,RIFT VALLEY
5226,956211,33325255,Otimo Emmanuel,,,KAJIADO TEACHER,KAJIADO,RIFT VALLEY
5227,588885,26685887,Ongwae Ezra,,,KAJIADO TEACHER,KAJIADO,RIFT VALLEY
5228,862997,33140885,Esther Makena,,,KAJIADO TEACHER,KAJIADO,RIFT VALLEY
5229,486964,23307545,Beth Geoffrey,,,KAJIADO TEACHER,KAJIADO,RIFT VALLEY
5230,556871,2514382,Okemwa Lydiah,,,KAJIADO TEACHER,KAJIADO,RIFT VALLEY
5231,603064,27520925,Christine Amondi,,,KAJIADO TEACHER,KAJIADO,RIFT VALLEY
5232,432717,11791344,Flora Koech,,,KAJIADO TEACHER,KAJIADO,RIFT VALLEY
5233,579384,23697841,Mercy Chepkemoi,,,KAJIADO TEACHER,KAJIADO,RIFT VALLEY
5234,1103879,32311767,Gideon Ntapayia,,,KAJIADO TEACHER,KAJIADO,RIFT VALLEY
5235,922214,32213190,Daniel Leshan,,,KAJIADO TEACHER,KAJIADO,RIFT VALLEY
5236,986442,34395036,Emmah Onyanja,,,KAJIADO TEACHER,KAJIADO,RIFT VALLEY
5237,1117750,38210505,Mary Nashieku,,,KAJIADO TEACHER,KAJIADO,RIFT VALLEY
5238,1003101,33649115,Thomas Onyimbo,,,KAJIADO TEACHER,KAJIADO,RIFT VALLEY
5239,1045195,29874114,Osugo Vincent,,,KAJIADO TEACHER,KAJIADO,RIFT VALLEY
5240,949193,33915076,Tinga Joshua,,,KAJIADO TEACHER,KAJIADO,RIFT VALLEY
5241,1112950,39280626,Caroline Kwamboka,,,KAJIADO TEACHER,KAJIADO,RIFT VALLEY
5242,982028,35846728,John Mutentei,,,KAJIADO TEACHER,KAJIADO,RIFT VALLEY
5243,1009932,32822397,Javan Anunda,,,KAJIADO TEACHER,KAJIADO,RIFT VALLEY
5244,1010722,35969362,Felix Molonket,,,KAJIADO TEACHER,KAJIADO,RIFT VALLEY
5245,909207,33350548,Brenda Wamulwa,,,KAJIADO TEACHER,KAJIADO,RIFT VALLEY
5246,849951,34688030,Alex Mutwiri,,,KAJIADO TEACHER,KAJIADO,RIFT VALLEY
5247,522533,24197323,Timon Tormoi,,,KAJIADO TEACHER,KAJIADO,RIFT VALLEY
5248,670002,28540811,Eugene Odhiamo,,,KAJIADO TEACHER,KAJIADO,RIFT VALLEY
5249,778651,32644227,Zablon Mogeni,,,KAJIADO TEACHER,KAJIADO,RIFT VALLEY
5250,517786,23956032,Isaac Yego,,,KAJIADO TEACHER,KAJIADO,RIFT VALLEY
5251,1110125,39315734,Isaaka Bosire,,,KAJIADO TEACHER,KAJIADO,RIFT VALLEY
5252,1071963,36473726,Lucas Philip,,,KAJIADO TEACHER,KAJIADO,RIFT VALLEY
5253,687984,28866249,Mbithi Mambo,,,KAJIADO TEACHER,KAJIADO,RIFT VALLEY
5254,915758,35343909,Paul Okumu,,,KAJIADO TEACHER,KAJIADO,RIFT VALLEY
5255,1103551,38398084,Nyasaka Hesbon,,,KAJIADO TEACHER,KAJIADO,RIFT VALLEY
5256,988447,34034555,Sospeter Nameyok,,,KAJIADO TEACHER,KAJIADO,RIFT VALLEY
5257,589197,27386976,Timothy Wanzala,,,KAJIADO TEACHER,KAJIADO,RIFT VALLEY
5258,979583,36738818,Charlote Chepkirui,,,KAJIADO TEACHER,KAJIADO,RIFT VALLEY
5259,966427,32344714,Peter Maina,,,KAJIADO TEACHER,KAJIADO,RIFT VALLEY
5260,796987,31595986,Alex Muchemi,,,KAJIADO TEACHER,KAJIADO,RIFT VALLEY
5261,504193,24450562,James Mbagara,,,KAJIADO TEACHER,KAJIADO,RIFT VALLEY
5262,582378,23002817,Joash Kirui,,,KAJIADO TEACHER,KAJIADO,RIFT VALLEY
5263,629034,27724209,Nylla Kimuli,,,KAJIADO TEACHER,KAJIADO,RIFT VALLEY
5264,645669,28051096,Judith Kinyae,,,KAJIADO TEACHER,KAJIADO,RIFT VALLEY
5265,461328,22057895,Lilian Jepchumba,,,KAJIADO TEACHER,KAJIADO,RIFT VALLEY
5266,957752,30592586,Saitoti Senteu,,,KAJIADO TEACHER,KAJIADO,RIFT VALLEY
5267,824963,0724633596,Darvine Adisi,,,KAJIADO TEACHER,KAJIADO,RIFT VALLEY
5268,658188,25689864,Joseph Ndilai,,,KAJIADO TEACHER,KAJIADO,RIFT VALLEY
5269,1077375,29496992,Joseph Kimani,,,KAJIADO TEACHER,KAJIADO,RIFT VALLEY
5270,539144,25907506,Faith Osir,,,KAJIADO TEACHER,KAJIADO,RIFT VALLEY
5271,572335,27432397,Joan Langat,,,KAJIADO TEACHER,KAJIADO,RIFT VALLEY
5272,993817,36439260,Beatrice Chepkirui,,,KAJIADO TEACHER,KAJIADO,RIFT VALLEY
5273,618764,25075953,David Kisali,,,KAJIADO TEACHER,KAJIADO,RIFT VALLEY
5274,938780,33142387,Brian Sisa,,,KAJIADO TEACHER,KAJIADO,RIFT VALLEY
5275,768136,30061766,Peter Ngari,,,KAJIADO TEACHER,KAJIADO,RIFT VALLEY
5276,848968,33639838,Miriam Ndinda Kakumi,,,KAJIADO TEACHER,KAJIADO,RIFT VALLEY
5277,493123,22720246,Hellen Ndambiri,,,KAJIADO TEACHER,KAJIADO,RIFT VALLEY
5278,574876,27054303,Lucy Wenda,,,KAJIADO TEACHER,KAJIADO,RIFT VALLEY
5279,504567,22695873,Elizabeth Nkirote Mugambi,,,KAJIADO TEACHER,KAJIADO,RIFT VALLEY
5280,927993,30438010,Samson Wanjohi Wangari,,,KAJIADO TEACHER,KAJIADO,RIFT VALLEY
5281,707600,28303440,William Kutwa Esikote,,,KAJIADO TEACHER,KAJIADO,RIFT VALLEY
5282,528787,24958124,Martin Saigilu Tiges,,,KAJIADO TEACHER,KAJIADO,RIFT VALLEY
5283,1042225,37038981,Patrick Kariuki,,,KAJIADO TEACHER,KAJIADO,RIFT VALLEY
5284,390487,13323944,Daniel Nyaga,,,KAJIADO TEACHER,KAJIADO,RIFT VALLEY
5285,690456,27458343,Dennis Atoni,,,KAJIADO TEACHER,KAJIADO,RIFT VALLEY
5286,858954,34818540,Faith Chepngetich,,,KAJIADO TEACHER,KAJIADO,RIFT VALLEY
5287,693007,23989749,Olivia Onyango,,,KAJIADO TEACHER,KAJIADO,RIFT VALLEY
5288,403204,13012299,Alphine Langat,,,KAJIADO TEACHER,KAJIADO,RIFT VALLEY
5289,529247,24791430,Dancan Lenairoshi,,,KAJIADO TEACHER,KAJIADO,RIFT VALLEY
5290,1028206,20634263,Ngure Kariuki,,,KAJIADO TEACHER,KAJIADO,RIFT VALLEY
5291,919464,33172759,Cynthia Obondo,,,KAJIADO TEACHER,KAJIADO,RIFT VALLEY
5292,915494,32792536,Mercy Kiarie,,,KAJIADO TEACHER,KAJIADO,RIFT VALLEY
5293,441188,20065364,Monicah Onyancha,,,KAJIADO TEACHER,KAJIADO,RIFT VALLEY
5294,1059174,39521968,Faith Kwamboka Kabati,,,KAJIADO TEACHER,KAJIADO,RIFT VALLEY
5295,830908,29398966,Michael Muthama,,,KAJIADO TEACHER,KAJIADO,RIFT VALLEY
5296,947920,33853109,Edwin Parsaloi,,,KAJIADO TEACHER,KAJIADO,RIFT VALLEY
5297,1027444,32130134,Joanne Samperu,,,KAJIADO TEACHER,KAJIADO,RIFT VALLEY
5298,809061,31382900,Hannah Nyagaki,,,KAJIADO TEACHER,KAJIADO,RIFT VALLEY
5299,815979,30236132,Daniel Munke,,,KAJIADO TEACHER,KAJIADO,RIFT VALLEY
5300,805305,32589372,Faith Malano,,,KAJIADO TEACHER,KAJIADO,RIFT VALLEY
5301,539748,25268846,Carol Mugambi,,,KAJIADO TEACHER,KAJIADO,RIFT VALLEY
5302,869852,21981551,Milka Mosiany,,,KAJIADO TEACHER,KAJIADO,RIFT VALLEY
5303,849032,32829942,Bunsen Okwema,,,KAJIADO TEACHER,KAJIADO,RIFT VALLEY
5304,965750,34573593,Jay Kirisiet,,,KAJIADO TEACHER,KAJIADO,RIFT VALLEY
5305,1055149,32590089,James Mwangi,,,KAJIADO TEACHER,KAJIADO,RIFT VALLEY
5306,1058572,35755071,Francis Mutamberia,,,KAJIADO TEACHER,KAJIADO,RIFT VALLEY
5307,30332945,1019221,Faith Makuge,,,KAJIADO TEACHER,KAJIADO,RIFT VALLEY
5308,1105840,36485469,Silas Mutogo,,,KAJIADO TEACHER,KAJIADO,RIFT VALLEY
5309,891557,32495455,Gideon Mitei,,,KAJIADO TEACHER,KAJIADO,RIFT VALLEY
5310,877456,35003639,Stepen Kamau,,,KAJIADO TEACHER,KAJIADO,RIFT VALLEY
5311,655143,22735994,Purity Wange,,,KAJIADO TEACHER,KAJIADO,RIFT VALLEY
5312,534778,22323265,Geoffrey Lumbasi,,,KAJIADO TEACHER,KAJIADO,RIFT VALLEY
5313,509142,24034641,Ruth Nyakwara,,,KAJIADO TEACHER,KAJIADO,RIFT VALLEY
5314,754331,28560285,Lucy Nyaga,,,KAJIADO TEACHER,KAJIADO,RIFT VALLEY
5315,783347,27447817,Jeremiah Nyatike,,,KAJIADO TEACHER,KAJIADO,RIFT VALLEY
5316,423769,32370095,Evans Ngige Njoroge,,,KAJIADO TEACHER,KAJIADO,RIFT VALLEY
5317,520148,54575340,Kinoti Derrick,,,KAJIADO TEACHER,KAJIADO,RIFT VALLEY
5318,865407,29802235,Kirumba Moses,,,KAJIADO TEACHER,KAJIADO,RIFT VALLEY
5319,638145,2519125,Esther Nunga Kariuki,,,KAJIADO TEACHER,KAJIADO,RIFT VALLEY
5320,724615,30120047,Manyala Milka,,,KAJIADO TEACHER,KAJIADO,RIFT VALLEY
5321,766414,30103750,Albanus Mutiso,,,KAJIADO TEACHER,KAJIADO,RIFT VALLEY
5322,856496,30339270,Mercy Chepkemoi,,,KAJIADO TEACHER,KAJIADO,RIFT VALLEY
5323,786127,31794432,Samson Odero Wasike,,,KAJIADO TEACHER,KAJIADO,RIFT VALLEY
5324,509784,24793244,Naomi Omuyaku,,,KAJIADO TEACHER,KAJIADO,RIFT VALLEY
5325,970223,33821690,Simon Koinari,,,KAJIADO TEACHER,KAJIADO,RIFT VALLEY
5326,530511,23223789,Elector Omamo,,,KAJIADO TEACHER,KAJIADO,RIFT VALLEY
5327,814647,29711471,Rutto Meshack,,,KAJIADO TEACHER,KAJIADO,RIFT VALLEY
5328,712882,28529918,Nyabuto Alfred Nyaimbui,,,KAJIADO TEACHER,KAJIADO,RIFT VALLEY
5329,826762,32370657,Evans Adede,,,KAJIADO TEACHER,KAJIADO,RIFT VALLEY
5330,705077,29208579,Job Museti,,,KAJIADO TEACHER,KAJIADO,RIFT VALLEY
5331,780702,29789107,Onesmus Mutua,,,KAJIADO TEACHER,KAJIADO,RIFT VALLEY
5332,573220,23724921,Mayfair Sarova,,,KAJIADO TEACHER,KAJIADO,RIFT VALLEY
5333,1162403,31771439,Dennis Macharia,,,KAJIADO TEACHER,KAJIADO,RIFT VALLEY
5334,768339,30196366,Benard Macharia,,,KAJIADO TEACHER,KAJIADO,RIFT VALLEY
5335,735042,28508690,Shibaso Isadia Isaac,,,KAJIADO TEACHER,KAJIADO,RIFT VALLEY
5336,582514,22609983,Elijah Chege,,,KAJIADO TEACHER,KAJIADO,RIFT VALLEY
5337,548926,24498329,Japheth Nyandiba,,,KAJIADO TEACHER,KAJIADO,RIFT VALLEY
5338,433919,11668043,Thomas Kimani,,,KAJIADO TEACHER,KAJIADO,RIFT VALLEY
5339,647184,24773999,Morris Obwoge,,,KAJIADO TEACHER,KAJIADO,RIFT VALLEY
5340,536290,23368465,Anneth Oruko,,,KAJIADO TEACHER,KAJIADO,RIFT VALLEY
5341,506961,24193687,Penninah Linan,,,KAJIADO TEACHER,KAJIADO,RIFT VALLEY
5342,645332,25561403,Lucy Mwangi,,,KAJIADO TEACHER,KAJIADO,RIFT VALLEY
5343,667725,28561508,Victoria Muthoni,,,KAJIADO TEACHER,KAJIADO,RIFT VALLEY
5344,546960,24384117,Moses Kiburi Marigi,,,KAJIADO TEACHER,KAJIADO,RIFT VALLEY
5345,693229,27660297,Evans Simidi Olando,,,KAJIADO TEACHER,KAJIADO,RIFT VALLEY
5346,706371,29352902,Laban Kemboi,,,KAJIADO TEACHER,KAJIADO,RIFT VALLEY
5347,442584,133873712,Edwin Mwenda,,,KAJIADO TEACHER,KAJIADO,RIFT VALLEY
5348,503838,24669450,Erick Nyamamba,,,KAJIADO TEACHER,KAJIADO,RIFT VALLEY
5349,576373,23503456,Caroline Jepkoech,,,KAJIADO TEACHER,KAJIADO,RIFT VALLEY
5350,602056,25517849,John Sareri Olkishoo,,,KAJIADO TEACHER,KAJIADO,RIFT VALLEY
5351,486153,22576617,Tabitha Ondieki,,,KAJIADO TEACHER,KAJIADO,RIFT VALLEY
5352,528776,23850921,Peter Njoroge,,,KAJIADO TEACHER,KAJIADO,RIFT VALLEY
5353,723449,29591077,Anthony Bokeya,,,KAJIADO TEACHER,KAJIADO,RIFT VALLEY
5354,1004389,31601380,Maureen Letoya,,,KAJIADO TEACHER,KAJIADO,RIFT VALLEY
5355,1003063,35701578,Paul Oluoch,,,KAJIADO TEACHER,KAJIADO,RIFT VALLEY
5356,952775,35012174,Viola Kendi,,,KAJIADO TEACHER,KAJIADO,RIFT VALLEY
5357,671067,29389294,Phoebe Gicharu,,,KAJIADO TEACHER,KAJIADO,RIFT VALLEY
5358,795754,31994201,Oboyo Euginea Onyancha,,,KAJIADO TEACHER,KAJIADO,RIFT VALLEY
5359,542189,256730114,Samuel Wasike,,,KAJIADO TEACHER,KAJIADO,RIFT VALLEY
5360,888508,33104516,Immeldah Makomere,,,KAJIADO TEACHER,KAJIADO,RIFT VALLEY
5361,461913,22005039,Johannes Ongwae,,,KAJIADO TEACHER,KAJIADO,RIFT VALLEY
5362,723639,25338058,Leah Ogutu,,,KAJIADO TEACHER,KAJIADO,RIFT VALLEY
5363,841415,32964744,Linda Musyimi,,,KAJIADO TEACHER,KAJIADO,RIFT VALLEY
5364,701692,29919759,Carolyne Okemwa,,,KAJIADO TEACHER,KAJIADO,RIFT VALLEY
5365,876793,32935435,Samuel Chahira,,,KAJIADO TEACHER,KAJIADO,RIFT VALLEY
5366,725596,30285041,Raymond Mwendia,,,KAJIADO TEACHER,KAJIADO,RIFT VALLEY
5367,531266,24972603,Susan kiilu ,,,KAJIADO TEACHER,KAJIADO,RIFT VALLEY
5368,593830,24363156,Mercy Nyabuti,,,KAJIADO TEACHER,KAJIADO,RIFT VALLEY
5369,724035,25761571,Patrick kibet,,,KAJIADO TEACHER,KAJIADO,RIFT VALLEY
5370,416301,11300054,Isack Otieno Odero,,,KAJIADO TEACHER,KAJIADO,RIFT VALLEY
5371,861947,32630349,James Aris,,,KAJIADO TEACHER,KAJIADO,RIFT VALLEY
5372,712103,24437664,Monica  Mwangi,,,KAJIADO TEACHER,KAJIADO,RIFT VALLEY
5373,502094,22660055,Vincent Wekesa,,,KAJIADO TEACHER,KAJIADO,RIFT VALLEY
5374,484150,22293747,Alexander Oyaro,,,KAJIADO TEACHER,KAJIADO,RIFT VALLEY
5375,442707,21369796,Ruth Nyandika,,,KAJIADO TEACHER,KAJIADO,RIFT VALLEY
5376,1071296,38330288,Doris Murugi,,,KAJIADO TEACHER,KAJIADO,RIFT VALLEY
5377,704984,29502824,Mungai Margaret,,,KAJIADO TEACHER,KAJIADO,RIFT VALLEY
5378,711742,30043752,Daisy  Gitari,,,KAJIADO TEACHER,KAJIADO,RIFT VALLEY
5379,554797,26994645,Zipporah Njeri,,,KAJIADO TEACHER,KAJIADO,RIFT VALLEY
5380,423157,21528302,Gilbert Mutuma,,,KAJIADO TEACHER,KAJIADO,RIFT VALLEY
5381,43989,20378708,Grace Kiambati,,,KAJIADO TEACHER,KAJIADO,RIFT VALLEY
5382,507863,23764604,Patricia Omolo,,,KAJIADO TEACHER,KAJIADO,RIFT VALLEY
5383,789858,28856106,Phoebe Munyiva,,,KAJIADO TEACHER,KAJIADO,RIFT VALLEY
5384,659495,27697764,Hillary Bet,,,KAJIADO TEACHER,KAJIADO,RIFT VALLEY
5385,1023056,36857377,Purity Melubo,,,KAJIADO TEACHER,KAJIADO,RIFT VALLEY
5386,1105995,39946899,Esther Oltiti,,,KAJIADO TEACHER,KAJIADO,RIFT VALLEY
5387,507638,24514733,Ferdinand Barasa,,,KAJIADO TEACHER,KAJIADO,RIFT VALLEY
5388,545660,0723086346,Antony Kirimi Nkubitu,,,KAJIADO TEACHER,KAJIADO,RIFT VALLEY
5389,967175,34865491,Violet Ongangi,,,KAJIADO TEACHER,KAJIADO,RIFT VALLEY
5390,794964,29668573,wendy Kagendo,,,KAJIADO TEACHER,KAJIADO,RIFT VALLEY
5391,451729,13748460,Vincent Ogembo,,,KAJIADO TEACHER,KAJIADO,RIFT VALLEY
5392,558977,25174978,Monda Teya,,,KAJIADO TEACHER,KAJIADO,RIFT VALLEY
5393,787985,31040953,Enoch Motachwa,,,KAJIADO TEACHER,KAJIADO,RIFT VALLEY
5394,517042,23167605,Khamala Moses Amwayi,,,KAJIADO TEACHER,KAJIADO,RIFT VALLEY
5395,556222,237529991,Maurice Odhiambo,,,KAJIADO TEACHER,KAJIADO,RIFT VALLEY
5396,692425,29394916,John Saidimu,,,KAJIADO TEACHER,KAJIADO,RIFT VALLEY
5397,672647,30185134,Derick Kiptoo,,,KAJIADO TEACHER,KAJIADO,RIFT VALLEY
5398,912808,912808,Emmanuel Sane,,,KAJIADO TEACHER,KAJIADO,RIFT VALLEY
5399,988797,34093510,Doreen Mukami Nyaga,,,KAJIADO TEACHER,KAJIADO,RIFT VALLEY
5400,741686,28781108,Tiges Nateng�na,,,KAJIADO TEACHER,KAJIADO,RIFT VALLEY
5401,985379,32294586,Esther Lato,,,KAJIADO TEACHER,KAJIADO,RIFT VALLEY
5402,725528,29267944,Victor Okemwa,,,KAJIADO TEACHER,KAJIADO,RIFT VALLEY
5403,494721,21418807,Felistus Mwanza,,,KAJIADO TEACHER,KAJIADO,RIFT VALLEY
5404,826762,32370657,Evance Adede,,,KAJIADO TEACHER,KAJIADO,RIFT VALLEY
5405,523930,23698066,Sylvia Mukei,,,KAJIADO TEACHER,KAJIADO,RIFT VALLEY
5406,497261,22514635,Simon Shompole,,,KAJIADO TEACHER,KAJIADO,RIFT VALLEY
5407,716479,29187270,Agnes Irungu,,,KAJIADO TEACHER,KAJIADO,RIFT VALLEY
5408,886171,32425290,Ezekiel Saruni,,,KAJIADO TEACHER,KAJIADO,RIFT VALLEY
5409,395914,11676372,Bernard Wambua,,,KAJIADO TEACHER,KAJIADO,RIFT VALLEY
5410,977021,36417432,Josiah Kitoitoy,,,KAJIADO TEACHER,KAJIADO,RIFT VALLEY
5411,1126045,38776886,Caren Chepkemoi,,,KAJIADO TEACHER,KAJIADO,RIFT VALLEY
5412,1125180,40285330,Livingston Konana,,,KAJIADO TEACHER,KAJIADO,RIFT VALLEY
5413,1043670,34688030,Geofry Ondari,,,KAJIADO TEACHER,KAJIADO,RIFT VALLEY
5414,823299,26602931,Lantei Santamo,,,KAJIADO TEACHER,KAJIADO,RIFT VALLEY
5415,526487,23063286,Richard Lampa,,,KAJIADO TEACHER,KAJIADO,RIFT VALLEY
5416,699088,25215174,Wycliff Sasine,,,KAJIADO TEACHER,KAJIADO,RIFT VALLEY
5417,544882,25117157,Alice Akinyi,,,KAJIADO TEACHER,KAJIADO,RIFT VALLEY
5418,299576,2689250117,Betty Mbaabu,,,KAJIADO TEACHER,KAJIADO,RIFT VALLEY
5419,616817,27154463,Edwin Mongare,,,KAJIADO TEACHER,KAJIADO,RIFT VALLEY
5420,891691,33278240,Davison Kuliembi,,,KAJIADO TEACHER,KAJIADO,RIFT VALLEY
5421,507423,24248681,Mollyne Atieno,,,KAJIADO TEACHER,KAJIADO,RIFT VALLEY
5422,1115259,37838342,Victor Mosoti,,,KAJIADO TEACHER,KAJIADO,RIFT VALLEY
5423,610383,28915393,christine Awuor,,,KAJIADO TEACHER,KAJIADO,RIFT VALLEY
5424,109557,39219271,Margaret Nthule,,,KAJIADO TEACHER,KAJIADO,RIFT VALLEY
5425,1161794,39837076,Msunzaji Brian,,,KAJIADO TEACHER,KAJIADO,RIFT VALLEY
5426,574371,26401287,Lilian Nyawira,,,KAJIADO TEACHER,KAJIADO,RIFT VALLEY
5427,415321,21179515,Isabella Onsombe,,,KAJIADO TEACHER,KAJIADO,RIFT VALLEY
5428,806172,31320500,Awili Jorim,,,KAJIADO TEACHER,KAJIADO,RIFT VALLEY
5429,827185,29387005,Mary Naserian,,,KAJIADO TEACHER,KAJIADO,RIFT VALLEY
5430,1067342,38458677,Allan David,,,KAJIADO TEACHER,KAJIADO,RIFT VALLEY
5431,815568,29336694, Frank Otieno,,,KAJIADO TEACHER,KAJIADO,RIFT VALLEY
5432,549859,23925617,Denis Kimathi,,,KAJIADO TEACHER,KAJIADO,RIFT VALLEY
5433,818229,22824505,Ruth Simiyu,,,KAJIADO TEACHER,KAJIADO,RIFT VALLEY
5434,970672,331031012,Leisanka Kurash,,,KAJIADO TEACHER,KAJIADO,RIFT VALLEY
5435,1104160,35006170,Esther Kiletai,,,KAJIADO TEACHER,KAJIADO,RIFT VALLEY
5436,87844257,31054097,Chris Moyiare,,,KAJIADO TEACHER,KAJIADO,RIFT VALLEY
5437,777379,28307252,Janet Kantet,,,KAJIADO TEACHER,KAJIADO,RIFT VALLEY
5438,937017,33381234,Lornah Seleyian,,,KAJIADO TEACHER,KAJIADO,RIFT VALLEY
5439,927166,29163452,Joshua Githau,,,KAJIADO TEACHER,KAJIADO,RIFT VALLEY
5440,970672,30053189,Daniel Lemayian,,,KAJIADO TEACHER,KAJIADO,RIFT VALLEY
5441,927553,34257172,Rebecca Nashipae,,,KAJIADO TEACHER,KAJIADO,RIFT VALLEY
5442,539144,25907506,Faith Maghas,,,KAJIADO TEACHER,KAJIADO,RIFT VALLEY
5443,967042,34117875,Laban Kirui,,,KAJIADO TEACHER,KAJIADO,RIFT VALLEY
5444,604381,27518793,Martin Koikai,,,KAJIADO TEACHER,KAJIADO,RIFT VALLEY
5445,918936,30399517,Emmanuel Saitoti,,,KAJIADO TEACHER,KAJIADO,RIFT VALLEY
5446,872971,32393815,Nelius Wanjiru,,,KAJIADO TEACHER,KAJIADO,RIFT VALLEY
5447,1110228,33163951,Brian Mark Olibe,,,KAJIADO TEACHER,KAJIADO,RIFT VALLEY
5448,1071662,37390769,Esmeralder Kijo,,,KAJIADO TEACHER,KAJIADO,RIFT VALLEY
5449,930359,33462785,Damackline Makini,,,KAJIADO TEACHER,KAJIADO,RIFT VALLEY
5450,801536,33260911,Paul Hamisi,,,KAJIADO TEACHER,KAJIADO,RIFT VALLEY
5451,947912,35247728,Bonventure Ouma,,,KAJIADO TEACHER,KAJIADO,RIFT VALLEY
5452,949202,27701338,Suleiman Odinga,,,KAJIADO TEACHER,KAJIADO,RIFT VALLEY
5453,903817,32116633,Patrick Mutheka,,,KAJIADO TEACHER,KAJIADO,RIFT VALLEY
5454,1018884,35882042,Nixon Danford,,,KAJIADO TEACHER,KAJIADO,RIFT VALLEY
5455,983724,35864986,Edwin Rotich,,,KAJIADO TEACHER,KAJIADO,RIFT VALLEY
5456,732329,28486038,Beatrice Waithera,,,KAJIADO TEACHER,KAJIADO,RIFT VALLEY
5457,755801,27591884,Gladys Nanok,,,KAJIADO TEACHER,KAJIADO,RIFT VALLEY
5458,939058,34278062,Muema Musau,,,KAJIADO TEACHER,KAJIADO,RIFT VALLEY
5459,1121730,38791627,Allan Nyakundi,,,KAJIADO TEACHER,KAJIADO,RIFT VALLEY
5460,1086538,36944930,Faith Jepkosgei,,,KAJIADO TEACHER,KAJIADO,RIFT VALLEY
5461,889275,28250423,Saningo Mereu,,,KAJIADO TEACHER,KAJIADO,RIFT VALLEY
5462,1030403,38030553,Lenah Kamanga,,,KAJIADO TEACHER,KAJIADO,RIFT VALLEY
5463,910500,31884938,Judith Senewa,,,KAJIADO TEACHER,KAJIADO,RIFT VALLEY
5464,706107,25254770,Josphine Muli,,,KAJIADO TEACHER,KAJIADO,RIFT VALLEY
5465,867008,32177793,june Jepkoech Korir,,,KAJIADO TEACHER,KAJIADO,RIFT VALLEY
5466,10386909,38232006,Daniel Koinange,,,KAJIADO TEACHER,KAJIADO,RIFT VALLEY
5467,917437,34314855,Okoth Naaman Kioko,,,KAJIADO TEACHER,KAJIADO,RIFT VALLEY
5468,769365,30105848,Priscilla Kiawira,,,KAJIADO TEACHER,KAJIADO,RIFT VALLEY
5469,474096,22092341,Adom phoebe,,,KAJIADO TEACHER,KAJIADO,RIFT VALLEY
5470,755837,28095033,Benard Mwangi,,,KAJIADO TEACHER,KAJIADO,RIFT VALLEY
5471,819284,33011925,Eunice Kibet,,,KAJIADO TEACHER,KAJIADO,RIFT VALLEY
5472,1120250,38790662,Evans Kipkemoi,,,KAJIADO TEACHER,KAJIADO,RIFT VALLEY
5473,474637,21738328,Francis Kiamba,,,KAJIADO TEACHER,KAJIADO,RIFT VALLEY
5474,,22058293,RUFUS KIPRONO,,,KAJIADO TEACHER,KAJIADO,RIFT VALLEY
5475,,22286347,MILKA NDUTA,,,KAJIADO TEACHER,KAJIADO,RIFT VALLEY
5476,,33248347,FRIDAH LELEI,,,KAJIADO TEACHER,KAJIADO,RIFT VALLEY
5477,,32608947,DENNIS NYAMWEYA,,,KAJIADO TEACHER,KAJIADO,RIFT VALLEY
5478,477255,,RAHAB WANJIKU MUTHERE,,,KAJIADO JSS,KAJIADO,RIFT VALLEY
5479,485047,22881645,SERAH WAMAITHA KARIUKI,,,KAJIADO JSS,KAJIADO,RIFT VALLEY
5480,488304,22656503,DANIEL KASANGA MUSYOKA,,,KAJIADO JSS,KAJIADO,RIFT VALLEY
5481,513822,22946255,JULIUS NYANG'AU LABAN,,,KAJIADO JSS,KAJIADO,RIFT VALLEY
5482,529621,22890997,BENARD MUTAVUTA,,,KAJIADO JSS,KAJIADO,RIFT VALLEY
5483,530379,21830845,ESTHER MWANG W,,,KAJIADO JSS,KAJIADO,RIFT VALLEY
5484,534852,,MARY NDUKU KILONZI,,,KAJIADO JSS,KAJIADO,RIFT VALLEY
5485,539144,,FAITH MAGHAS,,,KAJIADO JSS,KAJIADO,RIFT VALLEY
5486,541633,26127624,MUTABARI PROTAS KANAKE,,,KAJIADO JSS,KAJIADO,RIFT VALLEY
5487,548506,26282312,DOLPHINE MORAA OSINDE,,,KAJIADO JSS,KAJIADO,RIFT VALLEY
5488,552619,22836547,DANIEL MWANGI  MBUTHIA,,,KAJIADO JSS,KAJIADO,RIFT VALLEY
5489,562613,26179033,GEORGE MOKAYA,,,KAJIADO JSS,KAJIADO,RIFT VALLEY
5490,571299,27046386,PAMELA KIMELI,,,KAJIADO JSS,KAJIADO,RIFT VALLEY
5491,575659,25985288,SHADRACK MAKAU KASIMU,,,KAJIADO JSS,KAJIADO,RIFT VALLEY
5492,582413,,GODFREY NJUGUNA WANYOIKE,,,KAJIADO JSS,KAJIADO,RIFT VALLEY
5493,629382,,SUSAN MUTHONI MWANGI,,,KAJIADO JSS,KAJIADO,RIFT VALLEY
5494,632935,26148317,KIPYEGON BRIAN,,,KAJIADO JSS,KAJIADO,RIFT VALLEY
5495,653179,27929266,KOECH GEOFFREY,,,KAJIADO JSS,KAJIADO,RIFT VALLEY
5496,659048,29948659,WINFRED MBITHE WAEMA,,,KAJIADO JSS,KAJIADO,RIFT VALLEY
5497,659990,28712927,EDNA  CHERONO SIRMA,,,KAJIADO JSS,KAJIADO,RIFT VALLEY
5498,688196,29430755,ZAINAB CHEROP HASSAN,,,KAJIADO JSS,KAJIADO,RIFT VALLEY
5499,695555,27845316,ESTHER NJOKI,,,KAJIADO JSS,KAJIADO,RIFT VALLEY
5500,698115,28324130,OKEYO WCLIFE ONYANGO,,,KAJIADO JSS,KAJIADO,RIFT VALLEY
5501,712227,29126031,LAWI KIPROTICH SONGOK,,,KAJIADO JSS,KAJIADO,RIFT VALLEY
5502,716061,30864675,TABITHA WANJIRU MURIUKI,,,KAJIADO JSS,KAJIADO,RIFT VALLEY
5503,717805,29297811,LEAH NYAMOITA,,,KAJIADO JSS,KAJIADO,RIFT VALLEY
5504,718693,29272587,REBECCA KEMBOI,,,KAJIADO JSS,KAJIADO,RIFT VALLEY
5505,721811,30338138,ALFRED KIPLANGAT,,,KAJIADO JSS,KAJIADO,RIFT VALLEY
5506,723352,28310157,FRANCISCAH JEPTEPKENY LULEY,,,KAJIADO JSS,KAJIADO,RIFT VALLEY
5507,736342,22269898,VINCENT KITONE,,,KAJIADO JSS,KAJIADO,RIFT VALLEY
5508,747890,30364906,JORAM KIPROTICH KEMOI,,,KAJIADO JSS,KAJIADO,RIFT VALLEY
5509,757617,25985411,VERONICA KWAMBOKA OMWANGA,,,KAJIADO JSS,KAJIADO,RIFT VALLEY
5510,768236,31961381,FLORENCE CHIRCHIR,,,KAJIADO JSS,KAJIADO,RIFT VALLEY
5511,778189,32089631,MERCY CHEPCHIRCHIR,,,KAJIADO JSS,KAJIADO,RIFT VALLEY
5512,782084,31441613,JANET NYABARO,,,KAJIADO JSS,KAJIADO,RIFT VALLEY
5513,782318,29917868,LUCY MUTHENGI,,,KAJIADO JSS,KAJIADO,RIFT VALLEY
5514,782527,32281772,STANLEY KEMBOI,,,KAJIADO JSS,KAJIADO,RIFT VALLEY
5515,789174,28684304,ROSELINE ACHIENG,,,KAJIADO JSS,KAJIADO,RIFT VALLEY
5516,805471,31649930,CHELANGAT MERCY,,,KAJIADO JSS,KAJIADO,RIFT VALLEY
5517,810041,31052898,VINCENT BOTA OMBASA,,,KAJIADO JSS,KAJIADO,RIFT VALLEY
5518,812778,31505354,CHEPKOECH ROP,,,KAJIADO JSS,KAJIADO,RIFT VALLEY
5519,814886,30718553,ELIJAH KOSGEIYON KIBOI,,,KAJIADO JSS,KAJIADO,RIFT VALLEY
5520,825188,28808452,0NYANGI'I DUKE SOKOBE,,,KAJIADO JSS,KAJIADO,RIFT VALLEY
5521,826289,34291853,VICTOR KIPRUTO KIRUI,,,KAJIADO JSS,KAJIADO,RIFT VALLEY
5522,829514,34160315,ROP VICTOR,,,KAJIADO JSS,KAJIADO,RIFT VALLEY
5523,835831,31615053,LAWRENCE BETT,,,KAJIADO JSS,KAJIADO,RIFT VALLEY
5524,837404,31525742,HARON KOECH,,,KAJIADO JSS,KAJIADO,RIFT VALLEY
5525,847804,30233347,ENOCK ONSERIO,,,KAJIADO JSS,KAJIADO,RIFT VALLEY
5526,847842,33452708,DEBRAH BIORERI,,,KAJIADO JSS,KAJIADO,RIFT VALLEY
5527,852636,30508705,AMAGOYE DENNIS,,,KAJIADO JSS,KAJIADO,RIFT VALLEY
5528,858686,30668186,MERCY LANGAT,,,KAJIADO JSS,KAJIADO,RIFT VALLEY
5529,874008,33014753,SHARON TOMMO,,,KAJIADO JSS,KAJIADO,RIFT VALLEY
5530,875477,32303574,ENOCK ISHUKA,,,KAJIADO JSS,KAJIADO,RIFT VALLEY
5531,876497,33368935,HELLEN  CHEPKEMOI SERONI,,,KAJIADO JSS,KAJIADO,RIFT VALLEY
5532,877571,33639101,ABEL MARIAKA,,,KAJIADO JSS,KAJIADO,RIFT VALLEY
5533,877990,33216900,HULDER YAKHUMA,,,KAJIADO JSS,KAJIADO,RIFT VALLEY
5534,882139,32998078,INNOCENT MARONGA ONGARO,,,KAJIADO JSS,KAJIADO,RIFT VALLEY
5535,883586,33796295,MIKE KIPROTICH,,,KAJIADO JSS,KAJIADO,RIFT VALLEY
5536,892066,31480397,KENNETH ALWANGA,,,KAJIADO JSS,KAJIADO,RIFT VALLEY
5537,898781,33558018,ROSEMARY CHEBET,,,KAJIADO JSS,KAJIADO,RIFT VALLEY
5538,901471,33740063,CHEBET FAITH,,,KAJIADO JSS,KAJIADO,RIFT VALLEY
5539,911011,29752708,JOAN KANAIZA,,,KAJIADO JSS,KAJIADO,RIFT VALLEY
5540,911368,32034572,BONFACE  ORINA MOMANYI,,,KAJIADO JSS,KAJIADO,RIFT VALLEY
5541,918986,33465485,JUDITH KAGWIRA,,,KAJIADO JSS,KAJIADO,RIFT VALLEY
5542,920390,34709677,SICILY MUMAMA,,,KAJIADO JSS,KAJIADO,RIFT VALLEY
5543,922956,33640491,MOSES GACHOKI,,,KAJIADO JSS,KAJIADO,RIFT VALLEY
5544,928011,34687991,LUCIA KWAMBOKA NYAKUNDI,,,KAJIADO JSS,KAJIADO,RIFT VALLEY
5545,929516,34881685,MICHELL JEPKEMOI,,,KAJIADO JSS,KAJIADO,RIFT VALLEY
5546,936218,33599813,WINNIE SAMBU,,,KAJIADO JSS,KAJIADO,RIFT VALLEY
5547,959326,33409539,RUTH TARUS ,,,KAJIADO JSS,KAJIADO,RIFT VALLEY
5548,961317,33494875,STEPHEN CHEBUCHE,,,KAJIADO JSS,KAJIADO,RIFT VALLEY
5549,962263,33354194,JERUTO SHARON,,,KAJIADO JSS,KAJIADO,RIFT VALLEY
5550,968073,34102766,EMILYNELIUS WANGUI MWANGI,,,KAJIADO JSS,KAJIADO,RIFT VALLEY
5551,971784,36542225,COLLINS KIPKIRUI KORIR,,,KAJIADO JSS,KAJIADO,RIFT VALLEY
5552,973753,24254493,CHEPKEMOI BETTY,,,KAJIADO JSS,KAJIADO,RIFT VALLEY
5553,976204,33054025,DAVID GITHINJI MUGUTU,,,KAJIADO JSS,KAJIADO,RIFT VALLEY
5554,986853,35758298,DAISY CHEROTICH,,,KAJIADO JSS,KAJIADO,RIFT VALLEY
5555,996712,37540379,ERICK CHERUIYOT,,,KAJIADO JSS,KAJIADO,RIFT VALLEY
5556,1013845,36743398,HARON MAKORI,,,KAJIADO JSS,KAJIADO,RIFT VALLEY
5557,1021930,36675154,BERYL KIGET,,,KAJIADO JSS,KAJIADO,RIFT VALLEY
5558,1022274,36308484,MICAH TOWETT,,,KAJIADO JSS,KAJIADO,RIFT VALLEY
5559,1024875,38171519,CHARITY GRACE CHEPTOO,,,KAJIADO JSS,KAJIADO,RIFT VALLEY
5560,1028787,33572739,CHEPKEMOI CAROLINE,,,KAJIADO JSS,KAJIADO,RIFT VALLEY
5561,1030380,36933712,BRIAN OMARI,,,KAJIADO JSS,KAJIADO,RIFT VALLEY
5562,1032007,37255054,DOROTHY JEPCHIRCHIR,,,KAJIADO JSS,KAJIADO,RIFT VALLEY
5563,1034903,34350330,GEDEON MUTUNGE,,,KAJIADO JSS,KAJIADO,RIFT VALLEY
5564,1039378,35194186,REUBEN KINUNGI,,,KAJIADO JSS,KAJIADO,RIFT VALLEY
5565,1040830,35794647,KEVIN OMWOMA MAINA,,,KAJIADO JSS,KAJIADO,RIFT VALLEY
5566,1041990,28710157,JOSPHINE KIPLAGAT,,,KAJIADO JSS,KAJIADO,RIFT VALLEY
5567,1042996,38248845,MILLYCENT CHELANGAT,,,KAJIADO JSS,KAJIADO,RIFT VALLEY
5568,1047337,37454078,DORCAS CHEPKIRUI,,,KAJIADO JSS,KAJIADO,RIFT VALLEY
5569,1050125,37160089,AGGREY KIPKEMOI,,,KAJIADO JSS,KAJIADO,RIFT VALLEY
5570,1053398,31866265,CHEPKIRUI LIDYA KOSKE,,,KAJIADO JSS,KAJIADO,RIFT VALLEY
5571,1057585,34120705,PRISCA NAIKWETU,,,KAJIADO JSS,KAJIADO,RIFT VALLEY
5572,1059219,37063368,TOROITICH HOSEA KAINO,,,KAJIADO JSS,KAJIADO,RIFT VALLEY
5573,1067424,37637743,FRIDAH AKINYI,,,KAJIADO JSS,KAJIADO,RIFT VALLEY
5574,1078606,38125057,FAITH CHEPKORIR,,,KAJIADO JSS,KAJIADO,RIFT VALLEY
5575,1084487,37762270,JOY MUENI,,,KAJIADO JSS,KAJIADO,RIFT VALLEY
5576,1085720,38468753,CHEPKEMOI SHARON,,,KAJIADO JSS,KAJIADO,RIFT VALLEY
5577,1092563,30925737,HELLEN NATEMBEYA,,,KAJIADO JSS,KAJIADO,RIFT VALLEY
5578,1103589,34022344,LUCYWATAKU MUNGAI,,,KAJIADO JSS,KAJIADO,RIFT VALLEY
5579,1104937,38990106,TIMOTHY KIPLETING,,,KAJIADO JSS,KAJIADO,RIFT VALLEY
5580,1109407,40789917,RONALD KIPNGENO NGETICH,,,KAJIADO JSS,KAJIADO,RIFT VALLEY
5581,1114431,39057876,JOY MOKOBI,,,KAJIADO JSS,KAJIADO,RIFT VALLEY
5582,1114980,38798038,DENIS KIMUTAI,,,KAJIADO JSS,KAJIADO,RIFT VALLEY
5583,1137987,38886982,MOSONIK ELIJAH,,,KAJIADO JSS,KAJIADO,RIFT VALLEY
5584,1173625,38040526,PHANUEL CHERUIYOT,,,KAJIADO JSS,KAJIADO,RIFT VALLEY
5585,1180910,39947777,VILLIAN NAMIKOYE ,,,KAJIADO JSS,KAJIADO,RIFT VALLEY
5586,653467,,Mwaniki Marion Mukenyi ,Gatunyu Primary School,,AWARDEE,MURANG�A,CENTRAL
5587,381137,,Maina Alice Wamuyu ,Joytown Special Unit Primary,,AWARDEE,Kiambu,CENTRAL
5588,284551,,Nganga Mary Njeri ,Githunguri D.E.B. Primary School,,AWARDEE,Kiambu,CENTRAL
5589,375795,,Gichuru Charles Maina ,Kagumo Teachers' Training College,,AWARDEE,Nyeri,CENTRAL
5590,394515,,Mbugua Abraham Njuguna ,Aberdare Teachers Training College,,AWARDEE,Nyandarua,CENTRAL
5591,313719,,Macharia Esther Wambui ,Kaganda Secondary School,,AWARDEE,MURANG�A,CENTRAL
5592,305703,,Mwangi Irene Wanjiku ,Kagumo Teachers' Training College,,AWARDEE,Nyeri,CENTRAL
5593,391431,,Macharia Esther Wangari ,Githagara Primary School,,AWARDEE,MURANG�A,CENTRAL
5594,402966,,Mutuku Peninah Nzisa ,Thika Primary School For The Blind,,AWARDEE,Kiambu,CENTRAL
5595,652059,,Mwathi Eunice Wangari ,Chinga Boys Secondary School,,AWARDEE,Nyeri,CENTRAL
5596,699910,,Gacheru Benard Ng'ang'a ,Kanjuri Secondary School,,AWARDEE,Nyeri,CENTRAL
5597,486614,,Muriithi Peter Gitonga ,Kiriko Primary School,,AWARDEE,Nyeri,CENTRAL
5598,606303,,Mbugua Ndutire  ,Mugoiri Girls Secondary School,,AWARDEE,MURANG�A,CENTRAL
5599,402966,,Mutuku Peninah Nzisa ,Thika Primary School For The Blind,,AWARDEE,Kiambu,CENTRAL
5600,506898,,Mwaniki Rahab Njeri ,Kinale Secondary School,,AWARDEE,Kiambu,CENTRAL
5601,713104,,Mbora Ayub Mwangi ,Wandumbi Special Unit,,AWARDEE,Nyeri,CENTRAL
5602,867047,,Njuguna Priscillah Nduta ,Mugoiri Girls Secondary School,,AWARDEE,MURANG�A,CENTRAL
5603,816176,,Wahome Bonface Mwangi ,Baricho Secondary School,,AWARDEE,Kirinyaga,CENTRAL
5604,479570,,Mbugua Hellen Ruguru ,Tumutumu Special Unit,,AWARDEE,Nyeri,CENTRAL
5605,436639,,Murathi Anthony Kimani ,Njiri Secondary  School,,AWARDEE,MURANG�A,CENTRAL
5606,338869,,Mutiso Connie Nthenya ,Kambui School For The Deaf,,AWARDEE,Kiambu,CENTRAL
5607,763270,,Macharia Felix Nderitu ,Kiamutugu Secondary School,,AWARDEE,Kirinyaga,CENTRAL
5608,676983,,Waweru Paul Muchori ,Githunguri High School,,AWARDEE,Kiambu,CENTRAL
5609,876619,,Nyaga Fredrick Gitonga ,Nyoro Primary School,,AWARDEE,Kiambu,CENTRAL
5610,391413,,Wanjohi Monicah Wambui ,Gatimu Special School,,AWARDEE,Nyandarua,CENTRAL
5611,575305,,Wanjiru Mary Wanjiku ,Ihiga Secondary School,,AWARDEE,MURANG�A,CENTRAL
5612,517360,,Njoroge Everline Waitherero ,Manguo Secondary School,,AWARDEE,Kiambu,CENTRAL
5613,1086232,,Kumu Joseph Kinuthia ,Ndaragwa Secondary School,,AWARDEE,Nyandarua,CENTRAL
5614,565038,,Bosuben Haron Kiprono ,Murang'a High School,,AWARDEE,MURANG�A,CENTRAL
5615,733545,,Kageni Susan  ,Mary Leakey Girls Secondary School,,AWARDEE,Kiambu,CENTRAL
5616,703780,,Talam Partrick Kimurgor ,Bishop Gatimu Ngandu Secondary School,,AWARDEE,Nyeri,CENTRAL
5617,935812,,Wangomba Daniel Kamau ,Michore Primary School,,AWARDEE,Nyandarua,CENTRAL
5618,523857,,Ndirangu Esther Wanjiru ,Mawingo Secondary School,,AWARDEE,Nyandarua,CENTRAL
5619,599929,,Thairu Emma Wambere ,Ngandu Boys Primary School,,AWARDEE,MOMBASA,COAST
5620,793828,,Paul Margaret Night ,Mjanaheri Pri,,AWARDEE,Kilifi,COAST
5621,501505,,Muramba Alice Mfache ,Kibarani Pri Sch,,AWARDEE,Kilifi,COAST
5622,256240,,Bowen Mary Jebkemboi ,Azhar-Shariff Primary School,,AWARDEE,MOMBASA,COAST
5623,371521,,Owuondo Elizabeth Atieno ,The Salvation Army Likoni S. F.The Blind,,AWARDEE,MOMBASA,COAST
5624,389218,,Mugo Ann Wambui ,Shanzu Teachers Training College,,AWARDEE,MOMBASA,COAST
5625,474897,,Kiema Peter Muumbi ,Oda Secondary School,,AWARDEE,TANA RIVER,COAST
5626,368015,,Buya Bakari Watto ,Hola Secondary School,,AWARDEE,TANA RIVER,COAST
5627,304146,,Mutiso Matthew Mbinda ,Shimo La Tewa Secondary School,,AWARDEE,MOMBASA,COAST
5628,369739,,Omwega Florence Moraa ,Mapimo Pri Sch,,AWARDEE,KILIFI,COAST
5629,399770,,Mutambuki Michael Kasamba ,St. George's Secondary School,,AWARDEE,KILIFI,COAST
5630,871358,,Mutia Josphat Maluki ,Ndura Mixed Day Secondary School,,AWARDEE,Tana River,COAST
5631,256240,,Bowen Mary Jebkemboi ,Azhar-Shariff Primary School,,AWARDEE,MOMBASA,COAST
5632,514055,,Onesmus Geraldine Mueni ,Ukunda Secondary School,,AWARDEE,KWALE,COAST
5633,845284,,Kangethe Antony Kereira ,The Salvation Army Likoni S. F.The Blind,,AWARDEE,MOMBASA,COAST
5634,659401,,Alawe Miraj Mohamed ,Ndohivyo Sch For The Ment Challanged,,AWARDEE,KWALE,COAST
5635,827396,,Midida Dismas Orimba ,St. George's Secondary School,,AWARDEE,KILIFI,COAST
5636,689175,,Chitema Ray Sune ,Frere Town Secondary School,,AWARDEE,MOMBASA,COAST
5637,979840,,Mwikali Bridgit Donald ,Mama Ngina Girls Secondary School,,AWARDEE,MOMBASA,COAST
5638,1062523,,Waswa Walter Wakhungu ,Mokowe Arid Zone Day And Boarding Primar,,AWARDEE,Lamu,COAST
5639,664803,,Omolloh Cliphnick Okiki ,The S Army Likoni High S For The V Impar,,AWARDEE,MOMBASA,COAST
5640,345735,,Silas Dorothy Muthoni ,Marafa Special Sch For The Phy,,AWARDEE,Kilifi,COAST
5641,463843,,Oduol Phanice Achieng ,Kadzonzo (Moi) Secondary School,,AWARDEE,Kilifi,COAST
5642,483134,,Mwambere Jackline Irina ,Ngami Secondary School,,AWARDEE,TAITA TAVETA,COAST
5643,622710,,Omar Said Khamis ,Frere Town Secondary School,,AWARDEE,MOMBASA,COAST
5644,315137,,Thoya John Kahindi K,Shangweni Mixed Secondary School,,AWARDEE,KILIFI,COAST
5645,484008,,Njiru Robinson Mugendi ,Kiunga Primary School,,AWARDEE,LAMU,COAST
5646,611244,,Zani Amina Madaraka ,Waa Girls Secondary School,,AWARDEE,KWALE,COAST
5647,871508,,Buluku Splinter  ,Takaungu  Secondary School,,AWARDEE,KILIFI,COAST
5648,519255,,Kadenge Alexander  ,Hola Secondary School,,AWARDEE,Tana River,COAST
5649,651244,,Lusina Graphaily  ,Kwale Teachers Training College,,AWARDEE,Kwale,COAST
5650,780117,,Ateka Kendra Omusonga ,Baricho Pri,,AWARDEE,Kilifi,COAST
5651,451630,,Kamua Eddah Wambui D,C.S.O. Chaani Zone - Mombasa,,AWARDEE,TANA RIVER,COAST
5652,556703,,Mwanguwe Philemon Righa ,Miritini Complex High School,,AWARDEE,MOMBASA,COAST
5653,433676,,Chiphogo Rajab Tsuma ,Matuga Girls Secondary School,,AWARDEE,KWALE,COAST
5654,396209,,Muindi Angela Mutheu Mutua,Katangi Special School,,AWARDEE,Machakos,EASTERN
5655,370658,,Nderi Annstella Njoki ,Kinthinthe Primary School,,AWARDEE,Embu,EASTERN
5656,268095,,Nyaga Sarah Mumbi ,St. Luke's Special School For The Deaf,,AWARDEE,EMBU,EASTERN
5657,340899,,Mungatia Josephine Kanario ,Bishop Lawi Imathiu Primary School,,AWARDEE,MERU,EASTERN
5658,335058,,Gichovi Faith Muthoni ,Meru Teachers Training College,,AWARDEE,MERU,EASTERN
5659,351492,,Ndunda Avia Kamene ,Muthetheni Girls Secondary School,,AWARDEE,MACHAKOS,EASTERN
5660,354138,,Murungi Charles Murithi ,St. Joseph Boarding School,,AWARDEE,THARAKA NITHI,EASTERN
5661,359686,,Ndunguli Elizabeth Kamene ,Ikutha Girls Secondary School,,AWARDEE,KITUI,EASTERN
5662,332894,,Simon Michael Nyaga ,St. Luke's Special School For The Deaf,,AWARDEE,EMBU,EASTERN
5663,785677,,Mwanzia Wambua Lawrence ,Kalulini Boys High School,,AWARDEE,MAKUENI,EASTERN
5664,230699,,Musili Nancy  ,Moi  Secondary School,,AWARDEE,MAKUENI,EASTERN
5665,319732,,Njeru Pauline Mutitu ,St. Luke's Special School For The Deaf,,AWARDEE,EMBU,EASTERN
5666,501170,,Mutuku Mathew Mutisya ,St. Austin Matuu Secondary School,,AWARDEE,MACHAKOS,EASTERN
5667,550193,,Munyithya Jeremiah Muli ,St. Charles Lwanga Secondary School,,AWARDEE,KITUI,EASTERN
5668,416535,,Murungu Esther Wawira ,Moi Secondary School - Mbiruri,,AWARDEE,Embu,EASTERN
5669,1026323,,Ibuura David Mwendia ,Ikuu Boys Secondary School,,AWARDEE,THARAKA NITHI,EASTERN
5670,929638,,Mutungi Paul Mwendwa ,Barazani  Girls S.s.,,AWARDEE,Makueni,EASTERN
5671,925857,,Mutua Fidelis Kioko ,Ngalalya Primary School,,AWARDEE,Machakos,EASTERN
5672,408583,,Ali Sama Abdi ,Moyale Special Sch For Mentally Chall,,AWARDEE,MARSABIT,EASTERN
5673,534590,,Mutambu Jannice Nduki ,Kinyambu Special School For Mentally H.,,AWARDEE,MAKUENI,EASTERN
5674,416630,,Mumina Huka  ,Isiolo School For The Deaf,,AWARDEE,ISIOLO,EASTERN
5675,490116,,Righa Hilliard Peter Kiwaza,Nguumo Girls Secondary School,,AWARDEE,Makueni,EASTERN
5676,647655,,Mwende Annrose Doreen ,Matinyani D.e.b. Pri School,,AWARDEE,Kitui,EASTERN
5677,678660,,Nzivo George Mwololo ,Kathonzweni Secondary School,,AWARDEE,Makueni,EASTERN
5678,685776,,Mutuku Emmaculate Mbula ,Athi River Secondary School,,AWARDEE,Machakos ,EASTERN
5679,495323,,Musumbi Francisca Pheles ,Kasina Pri Sch,,AWARDEE,Kitui,EASTERN
5680,406641,,Nabea Monicah Kawira ,Magumoni Girls Secondary School,,AWARDEE,THARAKA NITHI,EASTERN
5681,340899,,Mungatia Josephine Kanario ,Bishop Lawi Imathiu Primary School,,AWARDEE,MERU,EASTERN
5682,384251,,Njiru Monicah Ikamba ,St. Luke's Special School For The Deaf,,AWARDEE,EMBU,EASTERN
5683,572467,,Sila Shalom Maweu ,St. Francis Misyani Girls High School,,AWARDEE,MACHAKOS,EASTERN
5684,579550,,Kimwatu Philip Anlove ,Matungulu Girls Secondary School,,AWARDEE,MACHAKOS,EASTERN
5685,384251,,Njiru Monicah Ikamba ,St. Luke's Special School For The Deaf,,AWARDEE,EMBU,EASTERN
5686,854672,,Huho Mary Nduta ,Salama Primary School,,AWARDEE,Nairobi,NAIROBI
5687,353932,,Gichana Hellen Kemunto ,Mukuru Community Centre Pry School,,AWARDEE,Nairobi,NAIROBI
5688,850137,,Thuo Elijah Kamau ,Kilimani Primary School,,AWARDEE,Nairobi,NAIROBI
5689,388457,,Munala Eshery  ,Pumwani Girls Day Secondary School,,AWARDEE,Nairobi,NAIROBI
5690,376177,,Wekesa Juvenalis  ,Kawangware Primary School,,AWARDEE,Nairobi,NAIROBI
5691,353033,,Mwangi Assumpta Njambi ,St. Georges Girls Secondary School,,AWARDEE,Nairobi,NAIROBI
5692,505072,,Odhiambo Washington Alvans ,River Bank Primary School,,AWARDEE,Nairobi,NAIROBI
5693,353681,,Eyangan Salome Papusi ,Tree Side Special School,,AWARDEE,Nairobi,NAIROBI
5694,497535,,Mwangi Beatrice Nduta ,Garden Estate Secondary School,,AWARDEE,Nairobi,NAIROBI
5695,551105,,Julius Stella Miriko ,Embakasi Garrison Secondary School,,AWARDEE,Nairobi,NAIROBI
5696,341955,,Mbugua John Francis ,Our Lady Of Mercy Special Unit,,AWARDEE,Nairobi,NAIROBI
5697,767866,,Awino Juliet Melissah ,Lavington Girls Secondary School,,AWARDEE,Nairobi,NAIROBI
5698,304439,,Osino Beatrice Atieno ,Karen 'C' Secondary School,,AWARDEE,Nairobi,NAIROBI
5699,961330,,Okeyo Joseph Otieno ,Umoja Estate Primary School,,AWARDEE,Nairobi,NAIROBI
5700,892294,,Wafula Emmanuel Sapaya ,Moi Forces Academy,,AWARDEE,Nairobi,NAIROBI
5701,699861,,Obare Areba Silas ,Riruta H.G.M. Primary School,,AWARDEE,Nairobi,NAIROBI
5702,968658,,Wanyonyi Stephen  ,Toi Primary School,,AWARDEE,Nairobi,NAIROBI
5703,728512,,Kogie Sephen Ngugi ,Dagoreti North Primary School,,AWARDEE,Nairobi,NAIROBI
5704,510739,,Kibara Anne Wangithi ,Ngundu Primary School,,AWARDEE,Nairobi,NAIROBI
5705,601871,,Ogello Calvin Yada ,Our Lady Of Fatima Secondary School,,AWARDEE,Nairobi,NAIROBI
5706,629052,,Mogire David Nyamwaro ,Dr. Aggrey Primary School,,AWARDEE,Nairobi,NAIROBI
5707,286531,,Okaro Anne Cecilia Atieno,Umoja Estate Primary School,,AWARDEE,Nairobi,NAIROBI
5708,309607,,Njiri Samuel  ,Starehe Boys Centre,,AWARDEE,Nairobi,NAIROBI
5709,695352,,Kamau Virginia Wanjira ,Lavington Primary School,,AWARDEE,Nairobi,NAIROBI
5710,672328,,Malisa Janet Katisi ,Jamhuri Primary School,,AWARDEE,Nairobi,NAIROBI
5711,641500,,Kariuki Maureen Nyawira ,Kifaru Primary School,,AWARDEE,Nairobi,NAIROBI
5712,444384,,Namunyu Adam Khaemba ,Valley Bridge Primary School,,AWARDEE,Nairobi,NAIROBI
5713,541714,,Mosongo Elijah Mosoti ,Garden Estate Secondary School,,AWARDEE,Nairobi,NAIROBI
5714,786526,,Achola Stacecy Adhiambo ,Mukuru Community Centre Pry School,,AWARDEE,Nairobi,NAIROBI
5715,449363,,Billow Mohamed Adan ,Duse Primary School,,AWARDEE,Mandera,North Eastern
5716,524917,,Hussein Hothan Ibrahim ,Khadija Girls Day Secondary School,,AWARDEE,Mandera,North Eastern
5717,590446,,Mathias Lorna Virgil ,Bula Iftin Primary School,,AWARDEE,GARISSA,North Eastern
5718,180544,,Abdikadir Hassan Hassan ,Township Primary School,,AWARDEE,WAJIR,North Eastern
5719,480400,,Jellow Mohamed Muhumed ,Wajir Girls Primary School,,AWARDEE,WAJIR,North Eastern
5720,375221,,Ibrahim Adan Hussein ,Sheikh Ali High School,,AWARDEE,Mandera,North Eastern
5721,598382,,Ibrahim Ismail Abdirashid ,Senior Chief Adano Girls Day Secondary,,AWARDEE,WAJIR,North Eastern
5722,331516,,Abdi Surow Ahmed ,Jogabaru Primary School,,AWARDEE,WAJIR,North Eastern
5723,368260,,Ismail Hassan Kunow ,Ileys Mixed Day Secondary School,,AWARDEE,WAJIR,North Eastern
5724,760864,,Okumu Pauline Akoth ,Chalalaqa Primary School,,AWARDEE,WAJIR,North Eastern
5725,581035,,Edin Ali Hassan ,Banisa Girls Secondary School,,AWARDEE,Mandera,North Eastern
5726,465574,,Digale Abdi Aden ,Najah Primary School,,AWARDEE,GARISSA,North Eastern
5727,883663,,Omar Suleiman Abdifatah ,Sabunley Secondary School,,AWARDEE,WAJIR,North Eastern
5728,751723,,Mustafa Ismail Mohamud ,Kalkalcha Primary School,,AWARDEE,WAJIR,North Eastern
5729,369081,,Abdikhalif Hassan Ibrahim ,Takaba Day Secondary School,,AWARDEE,Mandera,North Eastern
5730,1136148,,Ali Abdi Abdullahi ,Senior Chief Adano Girls Day Secondary,,AWARDEE,WAJIR,North Eastern
5731,935177,,Ali Samir Hassan ,Sabunley Secondary School,,AWARDEE,WAJIR,North Eastern
5732,829530,,Mwirigi Phineas Miriti ,County High School,,AWARDEE,GARISSA,North Eastern
5733,605763,,Omar Abdi Omar ,Bute Mixed Day Secondary School,,AWARDEE,WAJIR,North Eastern
5734,581035,,Edin Ali Hassan ,Banisa Girls Secondary School,,AWARDEE,Mandera,North Eastern
5735,920908,,Hussein Ahmed Hassan ,Bula Iftin Primary School,,AWARDEE,GARISSA,North Eastern
5736,751723,,Mustafa Ismail Mohamud ,Kalkalcha Primary School,,AWARDEE,WAJIR,North Eastern
5737,936193,,Mwendwa Micheal Mwasi ,Wajir Primary School,,AWARDEE,WAJIR,North Eastern
5738,1101436,,Turane Adan Abdirahman ,Kalkalcha Primary School,,AWARDEE,WAJIR,North Eastern
5739,813895,,Galgallo Guyo Waqo ,Tarbaj Teachers Training College,,AWARDEE,WAJIR,North Eastern
5740,918896,,Mohamed Tarik Gaal ,Bukuma Mixed Day Nursery & Primary Sch.,,AWARDEE,WAJIR,North Eastern
5741,1150373,,Shukri Adan Kerow ,Alfowzan Primary School,,AWARDEE,Mandera,North Eastern
5742,756734,,Lumiti Fanuel Imungu ,Wajir Primary School,,AWARDEE,WAJIR,North Eastern
5743,420156,,Dure Mohammed Osman ,Yathrib Primary School,,AWARDEE,GARISSA,North Eastern
5744,918491,,Martin Robby Keensley ,County High School,,AWARDEE,GARISSA,North Eastern
5745,598382,,Ibrahim Ismail Abdirashid ,Senior Chief Adano Girls Day Secondary,,AWARDEE,WAJIR,North Eastern
5746,994258,,Abdi Farhan Mohammed ,Khalalio Primary School,,AWARDEE,Mandera,North Eastern
5747,771018,,Garane Ismael Aden ,N.e.p. Girls Secondary School,,AWARDEE,GARISSA,North Eastern
5748,433317,,Cheburet Dinah Jeptarus ,Kapsoya Pri Sch,,AWARDEE,UASIN GISHU,NORTH RIFT
5749,907206,,Nawoi Raphael Echakan ,Lokiriama Pri Sch,,AWARDEE,TURKANA,NORTH RIFT
5750,361701,,Chebet Nelly Jeserem ,Kerbut Pri Sch,,AWARDEE,ELGEYO MARAKWET,NORTH RIFT
5751,336242,,Chepkok Phylis Jepkosgei ,Loreto Matunda Secondary School,,AWARDEE,UASIN GISHU,NORTH RIFT
5752,271361,,Cheboiwo Rose Jebet ,Kimumu Pri Sch,,AWARDEE,UASIN GISHU,NORTH RIFT
5753,262849,,Chebet John Gilbert ,Tenderwa Primary School,,AWARDEE,ELGEYO MARAKWET,NORTH RIFT
5754,441706,,Akute Charles Etabo ,Napeikar Pri Sch,,AWARDEE,TURKANA,NORTH RIFT
5755,435261,,Tomno Rosemary Jepkemoi ,Metkei  S.s.,,AWARDEE,ELGEYO MARAKWET,NORTH RIFT
5756,365602,,Kiprop Jerono  ,Emining Day & Boarding Spec Sch For V.I,,AWARDEE,BARINGO,NORTH RIFT
5757,394977,,Nandako Jamas  ,Propoi Girls Secondary School,,AWARDEE,West Pokot,NORTH RIFT
5758,436011,,Aoko Millicent Agolla ,St. Columbans School For The Deaf,,AWARDEE,TRANS NZOIA,NORTH RIFT
5759,568930,,Barsulai Viola Jemutai ,Kamariny Pri Sch,,AWARDEE,ELGEYO MARAKWET,NORTH RIFT
5760,369026,,Kaptingei Esther  ,Kerotet  S.s.,,AWARDEE,UASIN GISHU,NORTH RIFT
5761,498262,,Melisa Patricia  ,Lessos Pry,,AWARDEE,TRANS NZOIA,NORTH RIFT
5762,527139,,Limoh Boniface K ,Kimuron Secondary School,,AWARDEE,ELGEYO MARAKWET,NORTH RIFT
5763,711236,,Mutai Jeremiah Kipruto ,Kapsaos Secondary School,,AWARDEE,UASIN GISHU,NORTH RIFT
5764,838364,,Wamalwa Kennedy Wafula ,Kinyoro Pri Sch,,AWARDEE,TRANS NZOIA,NORTH RIFT
5765,770664,,Rugut Vivian Chepng'eno ,Hututu Friends Primary School,,AWARDEE,TRANS NZOIA,NORTH RIFT
5766,965909,,Jarus Salim Kiprop ,Chagaiya Primary School,,AWARDEE,UASIN GISHU,NORTH RIFT
5767,499061,,Mabusi Nicholas Nyongesa ,St. Joseph's Boys  High School,,AWARDEE,TRANS NZOIA,NORTH RIFT
5768,377788,,Chemwolo Gladys Jerotich ,Kipsaina Pri Sch,,AWARDEE,ELGEYO MARAKWET,NORTH RIFT
5769,572741,,Thadeus Kipruto  ,Eldoret Union Pri Sch,,AWARDEE,UASIN GISHU,NORTH RIFT
5770,681243,,Opio Elly Khamanywa ,Uhuru Girls High School,,AWARDEE,TURKANA,NORTH RIFT
5771,732156,,Kirior Hillary Kipkemei ,Tambach High School,,AWARDEE,ELGEYO MARAKWET,NORTH RIFT
5772,334166,,Mugalo Effie Mugalo ,AGC Tipet Girls Secondary School,,AWARDEE,West Pokot,NORTH RIFT
5773,465697,,Lomorukai Pauline Locheria ,Nadapal Mixed   Boarding  Pri Sch,,AWARDEE,TURKANA,NORTH RIFT
5774,410893,,Chesire Moses  ,Kobil Pri Sch,,AWARDEE,ELGEYO MARAKWET,NORTH RIFT
5775,831530,,Cheberi Victor Kiprono ,Singore Girls Secondary School,,AWARDEE,ELGEYO MARAKWET,NORTH RIFT
5776,471679,,Onunda James Okoth ,Kiptingo Pri Sch,,AWARDEE,ELGEYO MARAKWET,NORTH RIFT
5777,531119,,Mudanya Patrick Masia ,Katikit Mixed Boarding Primary School,,AWARDEE,BARINGO,NORTH RIFT
5778,783158,,Okoth Edwin Onyango ,St. Francis Secondary School For V.I.,,AWARDEE,West Pokot,NORTH RIFT
5779,401110,,Liyosi Alice Mirenja ,Timaa Pri Sch,,AWARDEE,TRANS NZOIA,NORTH RIFT
5780,543546,,Wakhungu Patrick Mamai ,St. Antony's Boys High School,,AWARDEE,TRANS NZOIA,NORTH RIFT
5781,662602,,Okulo Emily Atieno ,Ndere Boys Boarding Pri,,AWARDEE,Siaya,NYANZA
5782,538052,,Ochieng Kenneth Omondi ,Magacha Pri Sch,,AWARDEE,Migori,NYANZA
5783,522728,,Oyugi Rose Damaris Akoth,Tamu Primary School,,AWARDEE,Kisumu,NYANZA
5784,243791,,Vitalis Lawrence Oduor ,Chemelil Factory Primary School,,AWARDEE,Kisumu,NYANZA
5785,166101,,Francisca Hawala,C.S.O -Southern(retired),,AWARDEE,Kisumu,NYANZA
5786,416736,,Shitubi Fredrick Shikuku ,Ken Obura Secondary School,,AWARDEE,Kisumu,NYANZA
5787,344977,,Ambalo Rowlands Oduor ,Kuja Primary School For The Deaf,,AWARDEE,Migori,NYANZA
5788,738557,,Okech Jasper Evans ,Kadika  S.s.,,AWARDEE,Migori,NYANZA
5789,455788,,Omondi Benjamin Osok ,St. Alloys Ojolla Primary School,,AWARDEE,Kisumu,NYANZA
5790,808095,,Buluma Ingrid Nabwire ,Oruba Girls Secondary School,,AWARDEE,Migori,NYANZA
5791,478908,,Dolla Evans Odhiambo ,Kondele Pri Sch,,AWARDEE,Kisumu,NYANZA
5792,425181,,Ndinya Caroline Jumaodero ,Homa Bay Pri Sch,,AWARDEE,Homa-Bay,NYANZA
5793,524660,,Ojowi Josephat Ogollah ,Ngere Secondary School,,AWARDEE,Kisumu,NYANZA
5794,460118,,Mayagi Francis N ,Nyankongo Primary School,,AWARDEE,Kisii,NYANZA
5795,495056,,Kisulu Elly Nyabondo ,Got Kokech Pri Sch,,AWARDEE,Homa-Bay,NYANZA
5796,810856,,Owaga Elijah Juma ,Chianda High School,,AWARDEE,Siaya,NYANZA
5797,1046624,,Suna Boaz Okoth ,Lwanda-magwar,,AWARDEE,Migori,NYANZA
5798,572994,,Winyo Danielle  ,Agoro Sare High School,,AWARDEE,Homa-Bay,NYANZA
5799,379136,,Banana Risper Kanini ,Kipkebe Pri Sch,,AWARDEE,Nyamira,NYANZA
5800,553542,,Nsato Scolastica Marwa ,Kebaroti Mixed Secondary School,,AWARDEE,Migori,NYANZA
5801,755799,,Omondi Lucas Otieno ,Ng'eny Sch For The Hearing Impared,,AWARDEE,Kisumu,NYANZA
5802,558736,,Mito Erick Onyango ,Maranda  S.s.,,AWARDEE,Siaya,NYANZA
5803,577382,,Kibet Solomon Maiyo ,Kiabonyoru Girls Secondary School,,AWARDEE,Nyamira,NYANZA
5804,581009,,Geke Robin Nyaata ,Moi Gesusu High School,,AWARDEE,Kisii,NYANZA
5805,387843,,Bonyo Benard Odhiambo ,Kolwal Mixed Secondary School,,AWARDEE,Migori,NYANZA
5806,670693,,Mony Elias Juma ,Kibos Special School For The Blind,,AWARDEE,Kisumu,NYANZA
5807,383123,,Nyarenchi Cosmas N ,Nyakome Friends Special Sch For Hearin I,,AWARDEE,Kisii,NYANZA
5808,490694,,Aduho Michael Hadulo ,Tatro Primary School,,AWARDEE,Siaya,NYANZA
5809,612745,,Owino Mary Goretty Auma,Nyamonye Girls Secondary School,,AWARDEE,Siaya,NYANZA
5810,474707,,Omote Charles Ondabu ,Kiogo SDA Mixed Day Secondary School,,AWARDEE,Kisii,NYANZA
5811,473967,,Obonyo Vitalis Ochieng' ,Mbaga Mixed S.s,,AWARDEE,Siaya,NYANZA
5812,542922,,Omwa Robert Ouko ,Seme Teachers College,,AWARDEE,Kisumu,NYANZA
5813,456028,,Banda Everline Achieng' ,Kadie Pri Sch,,AWARDEE,Homa-Bay,NYANZA
5814,797600,,Samwella Lekilelei Ntupunywa ,Maralal Deb Primary School,,AWARDEE,SAMBURU,SOUTH RIFT
5815,406448,,Lelenguiya Nicoletta Tilas ,Seneiya Special School Samburu,,AWARDEE,SAMBURU,SOUTH RIFT
5816,539479,,Chepkoech Janeth  ,Kapchepkoro Primary School,,AWARDEE,BOMET,SOUTH RIFT
5817,285932,,Ndirangu Peter Ndonga ,Doldol Mixed Secondary School,,AWARDEE,LAIKIPIA,SOUTH RIFT
5818,306360,,Maritim Zeddy Chepkoech ,Sosiot Secondary School,,AWARDEE,KERICHO,SOUTH RIFT
5819,503856,,Zubedi Suleiman Abdalla ,Kericho Ttc,,AWARDEE,KERICHO,SOUTH RIFT
5820,373992,,Ismail Abdikadir  ,Mwangaza Muslim Mixed Day Sec Sch,,AWARDEE,SAMBURU,SOUTH RIFT
5821,445559,,Losike Rose Ngishwae ,Kisima Girls Secondar School,,AWARDEE,SAMBURU,SOUTH RIFT
5822,476123,,Achieng Victoria  ,St. Mary's Primary School,,AWARDEE,NAROK,SOUTH RIFT
5823,615656,,Lenguris Roseline Julieta ,Suguta Marmar Prim School,,AWARDEE,SAMBURU,SOUTH RIFT
5824,587752,,Lolchuragi Pamela  ,Naror-woru Pri Sch,,AWARDEE,SAMBURU,SOUTH RIFT
5825,555718,,Wanjala Peter Namasaka ,Ngong Township Primary School,,AWARDEE,KAJIADO,SOUTH RIFT
5826,437359,,Siele Michael Kibet ,Kimonio Primary School,,AWARDEE,NAKURU,SOUTH RIFT
5827,1046200,,Rotich Brenda Cheptoo ,Buttik High School,,AWARDEE,KERICHO,SOUTH RIFT
5828,938298,,Rotich Nicholas  ,Monire Primary School,,AWARDEE,BOMET,SOUTH RIFT
5829,671206,,Lekura Moses Dapash ,Emurua Dikirr Secondary School,,AWARDEE,NAROK,SOUTH RIFT
5830,913723,,Koech Collins Kibet ,Nakuru  High  Sch.,,AWARDEE,NAKURU,SOUTH RIFT
5831,1002710,,Mutegi Eric Mugendi ,Ilbissil Township Primary School,,AWARDEE,KAJIADO,SOUTH RIFT
5832,788178,,Nyamweya Janet Nyaboke ,Ngala Secondary School For The Deaf,,AWARDEE,NAKURU,SOUTH RIFT
5833,358557,,Kimani Pauline Wangechi ,Ngala Secondary School For The Deaf,,AWARDEE,NAKURU,SOUTH RIFT
5834,553153,,Mutai Daniel  ,Chebanyiny Primary School,,AWARDEE,BOMET,SOUTH RIFT
5835,473257,,Mwai Peter Bushnell ,Mwariki Pri Sch,,AWARDEE,NAKURU,SOUTH RIFT
5836,655580,,Langat Peter Cheruiyot ,Wei Pri Sch,,AWARDEE,NAKURU,SOUTH RIFT
5837,821827,,Kirui Gideon Kimutai ,Kabianga High School,,AWARDEE,KERICHO,SOUTH RIFT
5838,476123,,Achieng Victoria  ,St. Mary's Primary School,,AWARDEE,NAROK,SOUTH RIFT
5839,1030504,,Shikholo Christabel Odembi ,Kiamaina Primary School,,AWARDEE,NAKURU,SOUTH RIFT
5840,656694,,Malobah Fenwick Cyril ,Menengai Secondary School,,AWARDEE,NAKURU,SOUTH RIFT
5841,591698,,Bett Dennis Kiprono ,Mawe Mixed Day Secondary School,,AWARDEE,NAKURU,SOUTH RIFT
5842,650473,,Koech Benard Kipkorir ,Kiptewit Boys High School,,AWARDEE,KERICHO,SOUTH RIFT
5843,681067,,Dominic Orina Ming'ate ,Kugerwet Primary School,,AWARDEE,BOMET,SOUTH RIFT
5844,942754,,Ekomwa Peter  ,Natiti Pry,,AWARDEE,SAMBURU,SOUTH RIFT
5845,684967,,Nderitu Mirugi Richard ,Utumishi Academy Secondary School,,AWARDEE,NAKURU,SOUTH RIFT
5846,869825,,Kipkemoi Victor Kurgat ,Kabianga High School,,AWARDEE,KERICHO,SOUTH RIFT
5847,339693,,Afandi Anne Kadambi ,St. Anne's Primary School,,AWARDEE,Kakamega,Western
5848,741344,,Owour Mary-Erronie Ayoo,Sinoko Primary,,AWARDEE,Bungoma,Western
5849,306319,,Kodongo Gabriel Omollo ,Kakamega  High Sch.,,AWARDEE,Kakamega,Western
5850,247243,,Awuor Lilian  ,Bukolwe Primary School,,AWARDEE,Kakamega,Western
5851,276918,,Echessa Peter Arembe C,St. Monicah Lubao Secondary School,,AWARDEE,Kakamega,Western
5852,305878,,Ingado Judith  ,Bunyore Girls Secondary School,,AWARDEE,Vihiga,Western
5853,304358,,Okama Tabitha Elizabeth ,Kolanya Girls Secondary School,,AWARDEE,Busia,Western
5854,336589,,Itubo Jackline Judith ,St. Monicas Chakol Secondary School,,AWARDEE,Busia,Western
5855,877878,,Boit Samuel Kiboi ,Onyunyur Pri  Sch,,AWARDEE,Busia,Western
5856,537377,,Wanyonyi Antony Wanjala ,Nalondo C.B.M Sp. Unit For The Physi Han,,AWARDEE,Bungoma,Western
5857,585718,,Wambulwa Anne Ayieko ,Bungoma D.e.b Pri Sch,,AWARDEE,Bungoma,Western
5858,529150,,Uluma Jackson  ,Bumala AC Secondary School,,AWARDEE,Busia,Western
5859,677551,,Simiyu Godfrey Wabomba ,Moi Kamusinga  A.c. Girls,,AWARDEE,Bungoma,Western
5860,732298,,Tarbei Abraham Kipkorir ,Essunza Primary School,,AWARDEE,Vihiga ,Western
5861,976371,,Ongor Jeremiah Eugine ,Kolanya Boys Secondary School,,AWARDEE,Busia,Western
5862,496175,,Masaria Lowland Kavirore ,Vihiga  S.S.,,AWARDEE,Vihiga,Western
5863,405053,,Lodenyo Joyce Ngina ,Friends School For The Deaf,,AWARDEE,Vihiga,Western
5864,242796,,Oduor Sella Atieno ,C.S.O. Butere West Zone - Kakamega,,AWARDEE,Kakamega,Western
5865,649683,,Oyoya Michael Kala ,Tigoi Girls' Secondary School,,AWARDEE,Vihiga,Western
5866,543382,,Wanyama Evans Wafula ,Lugale Pri Sch,,AWARDEE,Busia,Western
5867,1021486,,Luchu Harriet Nafula ,Bunyore Teachers Training College,,AWARDEE,Vihiga,Western
5868,442974,,Terem Sarah Subet Monoo,Kamuneru C.P.K. Primary School,,AWARDEE,Bungoma,Western
5869,577717,,Simiyu Denis Sinyeleli ,Kibichori F.y.m Pri,,AWARDEE,Bungoma,Western
5870,515599,,Kimakwa Godfrey  ,Kaimosi Girls Secondary,,AWARDEE,Vihiga ,Western
5871,507288,,Muramba Godfrey  ,Bukati Pri Sch,,AWARDEE,Busia,Western
5872,580616,,Papah Jonam Indeke Oprong,St. Paul's Amukura Secondary,,AWARDEE,Busia,Western
5873,794495,,Atsali Joshua Maliatso ,Ibinda  Pri  Sch,,AWARDEE,Kakamega,Western
5874,542234,,Simiyu Kizito Wafula ,Cardinal  Otunga Girls  S. S.,,AWARDEE,Bungoma,Western
5875,335353,,Judith Okanda Athieno,St. Cecilia Nangina Girls High School,,AWARDEE,Busia,Western
5876,356786,,Francis Mutunga Mutua,Makueni Boys High School,,AWARDEE,Makueni,Eastern
5877,352921,,Eunice Maeke Mwikali,Kaaga Girls High School,,AWARDEE,Meru,Eastern
5878,349893,,Ben Ouma Akech,Mwandango Secondary School,,AWARDEE,Taita Taveta,Coast
5879,388529,,Veronica Nyaguthii Mwai,Kamahuha Girls High School,,AWARDEE,Muranga,Central
5880,769792,,Earlson Mkoje Efumbi,Friends School-Kamusinga,,AWARDEE,Bungoma,Western
5881,878325,,Joseph Ndambuki Keli,Kengoge Boys High School,,AWARDEE,Embu,Eastern
5882,686190,,Boniface Ndeleva Mboya,Kisasi Secondary School,,AWARDEE,Kitui,Eastern
5883,825283,,Joseph Omollo Otieno,Kitobo Mixed Day Secondary School,,AWARDEE,Taita Taveta,Coast
5884,388264,,George Kinyua Mwaniki,Njoro Boys Secondary School,,AWARDEE,Nakuru,Rift Valley
5885,442781,,Lucy Wambui Gitonga,Gitonga Lucy Wambui,,AWARDEE,Kiambu,Central
5886,80044,10008187,Dr. Dorothy Owuor Jonyo,TSC CD,,NAROK COUNTY ATTENDEE,NAROK,Rift Valley
5887,1990170316,8310650,Peter M. Magiri,CDE MOE,,NAROK COUNTY ATTENDEE,NAROK,Rift Valley
5888,430152,21651077,Joseph K. Mutai,KEPPSHA Chair Narok County,,NAROK COUNTY ATTENDEE,NAROK,Rift Valley
5889,671206,27122642,Moses L. Dapash,Awardee,,NAROK COUNTY ATTENDEE,NAROK,Rift Valley
5890,476123,12930138,Sr. Victoria Achieng,Awardee,,NAROK COUNTY ATTENDEE,NAROK,Rift Valley
5891,1000435,23758106,Robert Kipkorir,Driver,,NAROK COUNTY ATTENDEE,NAROK,Rift Valley
5892,900808,8351595,James Mwangi Gichure,Sub County Director Narok Central,,NAROK COUNTY ATTENDEE,NAROK,Rift Valley
5893,578956,2877953,Patrick Nteeyia,CSO Loita Zone,,NAROK COUNTY ATTENDEE,NAROK,Rift Valley
5894,420202,12804228,Dr.Parmale George  T. Kuluo,Awardee,,NAROK COUNTY ATTENDEE,NAROK,Rift Valley
5895,,,Mr. Gabriel Mathenge,Director Operations,,WTD - COMMITTEE,NAIROBI HQ,NAIROBI
5896,,,Mr. Ibrahim Mumin,Director (Administrative Services),,WTD - COMMITTEE,NAIROBI HQ,NAIROBI
5897,,,Mr Samuel Marigat,Ag. Director (Staffing),,WTD - COMMITTEE,NAIROBI HQ,NAIROBI
5898,,,Dr. Reuben Nthamburi,Director (Teacher Professional Management),,WTD - COMMITTEE,NAIROBI HQ,NAIROBI
5899,,,Mr. Bonface Okumu,Operations,,WTD - COMMITTEE,NAIROBI HQ,NAIROBI
5900,,,Mr Joseph Karoli Kiige,CD Kiambu,,WTD - COMMITTEE,NAIROBI HQ,NAIROBI
5901,,,Ms. Aileen Ntinyari,Operations,,WTD - COMMITTEE,NAIROBI HQ,NAIROBI
5902,,,Ms. Susan Mwangi,Operations,,WTD - COMMITTEE,NAIROBI HQ,NAIROBI
5903,,,Ms. Monica Kinuthia,Operations,,WTD - COMMITTEE,NAIROBI HQ,NAIROBI
5904,,,Mr. Morgan Buyiekha,Operations,,WTD - COMMITTEE,NAIROBI HQ,NAIROBI
5905,,,Ms. Pauline Mumbi,Operations,,WTD - COMMITTEE,NAIROBI HQ,NAIROBI
5906,,,Mr. Moses Mutinda,Operations,,WTD - COMMITTEE,NAIROBI HQ,NAIROBI
5907,,,Mr. Mark Omoding,Operations,,WTD - COMMITTEE,NAIROBI HQ,NAIROBI
5908,,,Ms. Dorothy Kiende,Operations,,WTD - COMMITTEE,NAIROBI HQ,NAIROBI
5909,,,Ms. Lilian Mutiso,Operations,,WTD - COMMITTEE,NAIROBI HQ,NAIROBI
5910,,,Ms Jennifer Thuita,Operations,,WTD - COMMITTEE,NAIROBI HQ,NAIROBI
5911,,,Mr. Anthony Njagi,Operations,,WTD - COMMITTEE,NAIROBI HQ,NAIROBI
5912,,,Ms Sarah Muthua,Operations,,WTD - COMMITTEE,NAIROBI HQ,NAIROBI
5913,,,Ms Lilian Wang'ombe,Operations,,WTD - COMMITTEE,NAIROBI HQ,NAIROBI
5914,,,Ms Jane Gitau,Operations,,WTD - COMMITTEE,NAIROBI HQ,NAIROBI
5915,,,George Odawo,Finance & Accounts,,WTD - COMMITTEE,NAIROBI HQ,NAIROBI
5916,,,Nancy Koech,Finance & Accounts,,WTD - COMMITTEE,NAIROBI HQ,NAIROBI
5917,,,Doris Kathambi,Finance & Accounts,,WTD - COMMITTEE,NAIROBI HQ,NAIROBI
5918,,,Isaac Ochieng,LL & IR,,WTD - COMMITTEE,NAIROBI HQ,NAIROBI
5919,,,Elizabeth Maeke,SCMS,,WTD - COMMITTEE,NAIROBI HQ,NAIROBI
5920,,,Lucy M. Mugambi,Teacher Discipline Management,,WTD - COMMITTEE,NAIROBI HQ,NAIROBI
5921,,,Dennis Sirere,ICT,,WTD - COMMITTEE,NAIROBI HQ,NAIROBI
5922,,,Joyce Mukuha,ICT,,WTD - COMMITTEE,NAIROBI HQ,NAIROBI
5923,,,Ms Jane Kaari,HRM & D,,WTD - COMMITTEE,NAIROBI HQ,NAIROBI
5924,,,Elijah Katolo,Internal Audit,,WTD - COMMITTEE,NAIROBI HQ,NAIROBI
5925,,,Catherine Kertich,Teacher Professional Management,,WTD - COMMITTEE,NAIROBI HQ,NAIROBI
5926,,,Catherine Marete,Staffing,,WTD - COMMITTEE,NAIROBI HQ,NAIROBI
5927,,,Mollet Sango,HRM & D,,WTD - COMMITTEE,NAIROBI HQ,NAIROBI
5928,,,Jane Mutua,Administrative Services,,WTD - COMMITTEE,NAIROBI HQ,NAIROBI
5929,,,Florence Kamama,Administrative Services,,WTD - COMMITTEE,NAIROBI HQ,NAIROBI
5930,,,Addah Memo,Administrative Services,,WTD - COMMITTEE,NAIROBI HQ,NAIROBI
5931,,,Kelvin Mutava,Administrative Services,,WTD - COMMITTEE,NAIROBI HQ,NAIROBI
5932,,,Duncan Kangor,Administrative Services,,WTD - COMMITTEE,NAIROBI HQ,NAIROBI
5933,,,Ms Lucy Mputhia,Administrative Services,,WTD - COMMITTEE,NAIROBI HQ,NAIROBI
5934,,,Mr Moses Mandu,Administrative Services,,WTD - COMMITTEE,NAIROBI HQ,NAIROBI
5935,,,Ms Dorice Khaemba,School Equipmet Production Unit,,WTD - COMMITTEE,NAIROBI HQ,NAIROBI
5936,,,Ms Ann Mumbi,CEMASTEA,,WTD - COMMITTEE,NAIROBI HQ,NAIROBI
5937,,,Mr Hesbo Otieno  ,KNUT,,WTD - COMMITTEE,NAIROBI HQ,NAIROBI
5938,,,Mr Idris Ibrahim,KNUT,,WTD - COMMITTEE,NAIROBI HQ,NAIROBI
5939,,,Ms Rebecca Otieno,KEPSHA/KECSHA,,WTD - COMMITTEE,NAIROBI HQ,NAIROBI
5940,,,Ms Caroline Sila,KEPSHA/KECSHA,,WTD - COMMITTEE,NAIROBI HQ,NAIROBI
5941,,,Ms Irene Ng'etich,KESSHA,,WTD - COMMITTEE,NAIROBI HQ,NAIROBI
5942,,,Mr Godfrey Muema,KPSA,,WTD - COMMITTEE,NAIROBI HQ,NAIROBI
5943,,,Mr Joseph Githinji ,KNEC,,WTD - COMMITTEE,NAIROBI HQ,NAIROBI
5944,,,Mr Tony Onani Magwanga,KNATCOM,,WTD - COMMITTEE,NAIROBI HQ,NAIROBI
5945,,,Mr Aggrey O. Waliaro,Special Schools Heads Association of Kenya,,WTD - COMMITTEE,NAIROBI HQ,NAIROBI
5946,,,Mr Richard Thomi,Kenya Education Manangement Institute,,WTD - COMMITTEE,NAIROBI HQ,NAIROBI
5947,,,Mr. Stephen Kimotho,KUPPET,,WTD - COMMITTEE,NAIROBI HQ,NAIROBI
5948,,,Dr. Faith Gichovi ,Kenya Teachers Colleges Principals Association,,WTD - COMMITTEE,NAIROBI HQ,NAIROBI
5949,,,Mr. Johsto Ochuma,KICD,,WTD - COMMITTEE,NAIROBI HQ,NAIROBI
5950,,,Violet Mundia,MOE,,WTD - COMMITTEE,NAIROBI HQ,NAIROBI
5951,,,Ms. Grace Wanjiru,KISE,,WTD - COMMITTEE,NAIROBI HQ,NAIROBI
5952,335753,9705945,Reuben Mugwuku Nthamburi,Director - Teacher Professional Management,,DIRECTORS HQ,NAIROBI HQ,NAIROBI
5953,1000649,23406935,Chrisantose Ogony Odhiambo,Director - HRM&D,,DIRECTORS HQ,NAIROBI HQ,NAIROBI
5954,305494,8893583,Cheptumo Ayabei ,Director - Finance & Accounts,,DIRECTORS HQ,NAIROBI HQ,NAIROBI
5955,900748,23056810,Benjamin Mainga Mweu,Director - Internal Audit,,DIRECTORS HQ,NAIROBI HQ,NAIROBI
5956,700555,22381812,Cavin Anyuor Odhiambo,"Director - Legal, Labour & Industrial Relations",,DIRECTORS HQ,NAIROBI HQ,NAIROBI
5957,1000408,21393776,Cyrus Kihuha Kamau,Director - ICT,,DIRECTORS HQ,NAIROBI HQ,NAIROBI
5958,227139,6411098,Adow Bardad Mohamed,Senior Deputy Director - Teacher Management,,REGIONAL DIRECTOR,RIFT VALLEY REGION,Rift Valley
5959,310514,9996020,Esther Chemisto Musani,Senior Deputy Director - Teacher Management,,REGIONAL DIRECTOR,NYANZA REGION,NYANZA
5960,322194,9638255,Victoria Muoka Mumbua,Senior Deputy Director - Teacher Management,,REGIONAL DIRECTOR,CENTRAL REGION,Central
5961,326803,10028261,Abdi Abukar Hassan,Senior Deputy Director - Teacher Management,,REGIONAL DIRECTOR,EASTERN REGION,Eastern
5962,351952,10844821,Lilian Wachira Nyambura,Senior Deputy Director - Teacher Management,,REGIONAL DIRECTOR,COAST REGION,Coast
5963,358151,9787863,John Nzuvu Ilia Nzioka,Senior Deputy Director - Teacher Management,,REGIONAL DIRECTOR,WESTERN REGION,Western
5964,358590,10744049,Samuel Marigat Kipkoech,Senior Deputy Director - Teacher Management,,DIRECTORS HQ,NAIROBI HQ,NAIROBI
5965,363627,9732391,Stephen Ajanga Yida,Senior Deputy Director - Teacher Management,,REGIONAL DIRECTOR,NORTH EASTERN REGION,NORTH Eastern
5966,,,Miriam Jebet Kosgei,County Director BARINGO,0722475175,COUNTY DIRECTOR,BARINGO,
5967,,,Daniel Kioko Kiumi,County Director BOMET,0714836238,COUNTY DIRECTOR,BOMET,
5968,,,Dr. William K. Yator,County Director BUNGOMA,0721262863,COUNTY DIRECTOR,BUNGOMA,
5969,,,Jackson Ong'eto Atuti,County Director BUSIA,0711801920,COUNTY DIRECTOR,BUSIA,
5970,,,Evans Wainaina Mbugua,County Director EMBU,0721715565,COUNTY DIRECTOR,EMBU,
5971,,,Lesayo Depson Megiri,County Director GARISSA,0720254046,COUNTY DIRECTOR,GARISSA,
5972,,,Milton Oyugi Dera,County Director HOMA BAY,0722235673,COUNTY DIRECTOR,HOMA BAY,
5973,,,Mark Muma Arbelle,County Director ISIOLO,0722712588,COUNTY DIRECTOR,ISIOLO,
5974,,,Sokotian Rosemary Lentoijoni,County Director KAJIADO,0722984643,COUNTY DIRECTOR,KAJIADO,
5975,,,Erick Magak,County Director KAKAMEGA,0724846466,COUNTY DIRECTOR,KAKAMEGA,
5976,,,Caroline Resi Nandi,County Director KERICHO,0722656359,COUNTY DIRECTOR,KERICHO,
5977,,,Joseph Karori Kiige,County Director KIAMBU,0722424207,COUNTY DIRECTOR,KIAMBU,
5978,,,Cecilia Ndanu Mutia,County Director KILIFI,0722262739,COUNTY DIRECTOR,KILIFI,
5979,,,Catherine Kamawira Lenairoshi,County Director KIRINYAGA,0722618833,COUNTY DIRECTOR,KIRINYAGA,
5980,,,Joseph Atwoto Ombofu,County Director KISII,0721522879,COUNTY DIRECTOR,KISII,
5981,,,Fredrick Muthuka Mwaniki,County Director KISUMU,0721470372,COUNTY DIRECTOR,KISUMU,
5982,,,Margaret Nyambura Kamau,County Director KITUI,0721391296,COUNTY DIRECTOR,KITUI,
5983,,,Evelyn Ndunge Kinaka,County Director KWALE,0721803338,COUNTY DIRECTOR,KWALE,
5984,,,Wilson Kibor Koros,County Director LAIKIPIA,0722234850,COUNTY DIRECTOR,LAIKIPIA,
5985,,,Ali Hussein Abdi,County Director LAMU,0720287278,COUNTY DIRECTOR,LAMU,
5986,,,Jimal Ahmed Ali,County Director MACHAKOS,0720671879,COUNTY DIRECTOR,MACHAKOS,
5987,,,John Paul Wepoghe,County Director MAKUENI,0721631187,COUNTY DIRECTOR,MAKUENI,
5988,,,Hassan Alinoor Issack,County Director MARSABIT,0722625424,COUNTY DIRECTOR,MARSABIT,
5989,,,Regina A. Opondo,County Director MERU,0729268822,COUNTY DIRECTOR,MERU,
5990,,,Jean Rayline Otwani,County Director MIGORI,0710798190,COUNTY DIRECTOR,MIGORI,
5991,,,Anne Wawuda Mwawughanga,County Director MOMBASA,0722283533,COUNTY DIRECTOR,MOMBASA,
5992,,,Margaret Kinyanjui,County Director MURANG'A,0721845245,COUNTY DIRECTOR,MURANG'A,
5993,,,Dr. Samuel K. Marigat (Regional Director),Regional Director NAIROBI,0722346816,COUNTY DIRECTOR,NAIROBI,
5994,,,Geoffrey C. Matasero,County Director NAKURU,0724225088,COUNTY DIRECTOR,NAKURU,
5995,,,Dr. Dorothy Akinyi Owuor,County Director NAROK,0722683966,COUNTY DIRECTOR,NAROK,
5996,,,Mutegi Lewis,County Director NYAMIRA,0721217404,COUNTY DIRECTOR,NYAMIRA,
5997,,,David Mwaniki Obed,County Director NYANDARUA,0721820298,COUNTY DIRECTOR,NYANDARUA,
5998,,,Joseph Japhat Kariuki,County Director NYERI,0721482421,COUNTY DIRECTOR,NYERI,
5999,,,Solomon Bailon Leseewa,County Director SAMBURU,0720925992,COUNTY DIRECTOR,SAMBURU,
6000,,,David Gutu,County Director SIAYA,0722951859,COUNTY DIRECTOR,SIAYA,
6001,,,Shee Shally Shee,County Director TAITA TAVETA,0715601432,COUNTY DIRECTOR,TAITA TAVETA,
6002,,,Emmy Kiget Cherono,County Director THARAKA NITHI,0722753196,COUNTY DIRECTOR,THARAKA NITHI,
6003,,,Peter Mutuku Muasya,County Director TRANS-NZOIA,0728028631,COUNTY DIRECTOR,TRANS-NZOIA,
6004,,,Sammy Lokidongoi Loitakol,County Director TURKANA,0720296596,COUNTY DIRECTOR,TURKANA,
6005,,,Francis Saina Ketter,County Director UASIN GISHU,0715542972,COUNTY DIRECTOR,UASIN GISHU,
6006,,,Evelyn Chemjor Jemator,County Director VIHIGA,0723828271,COUNTY DIRECTOR,VIHIGA,
6007,,,Mohamed Gabow Madey,County Director WAJIR,0727984896,COUNTY DIRECTOR,WAJIR,
6008,,,Robert Kipkorir Rutto,County Director WEST POKOT,0716202690,COUNTY DIRECTOR,WEST POKOT,
6009,,,Dr. John Aleke,Deputy County Director NANDI,0722237802,COUNTY DIRECTOR,NANDI,
6010,,,Dr. Truphosa Chepkosgei Korir,Deputy County Director ELGEYO MARAKWET,0721979231,COUNTY DIRECTOR,ELGEYO MARAKWET,
6011,,,Mohamed Aden Issack,Deputy County Director MANDERA,0720451953,COUNTY DIRECTOR,MANDERA,
6012,,,Solomon Wafubwa,Deputy County Director SIAYA,0720449124,COUNTY DIRECTOR,SIAYA,
6013,352858,,Andrew N Mwathi,Senior Deputy Director - Teacher Professional Management,720709022,SDD HQ,NAIROBI HQ,NAIROBI
6014,372407,,Catherine Gatwiri Marete,Senior Deputy Director - Teacher Management,713072317,SDD HQ,NAIROBI HQ,NAIROBI
6015,356773,,Esther Wambeti Njiru,Senior Deputy Director - Teacher Discipline Management,722735272,SDD HQ,NAIROBI HQ,NAIROBI
6016,900746,,Lawrence Oganga Oimo,Senior Deputy Director - Supply Chain Management Services,724680306,SDD HQ,NAIROBI HQ,NAIROBI
6017,358735,,Boniface Tabu Okumu,Senior Deputy Director - Operations,721866053,SDD HQ,NAIROBI HQ,NAIROBI
6018,800960,,Allan Mukoto Sitima,"Senior Deputy Director - Legal, Labour & Industrial Relations",722751210,SDD HQ,NAIROBI HQ,NAIROBI
6019,1000717,,Elkana Kiptum Kimeli,Senior Deputy Director - Internal Audit,725411409,SDD HQ,NAIROBI HQ,NAIROBI
6020,900749,,Gilbert Gilbert Yegon,Senior Deputy Director - ICT,724758155,SDD HQ,NAIROBI HQ,NAIROBI
6021,1000725,,Sylvia Santilan Lenaiyarra,Senior Deputy Director - HRM&D,722494083,SDD HQ,NAIROBI HQ,NAIROBI
6022,800932,,Franklin Kiprono Choge,Senior Deputy Director - Finance & Accounts,725532657,SDD HQ,NAIROBI HQ,NAIROBI
6023,900715,,William Waweru Maina,Senior Deputy Director - Finance & Accounts,722274022,SDD HQ,NAIROBI HQ,NAIROBI
6024,348741,,Lucy Muthoni Mbabu Mugambi,Senior Deputy Director - Administrative Services,721510042,SDD HQ,NAIROBI HQ,NAIROBI
6025,322908,,Kennedy Briskley Otieno,Deputy Director - Teacher Professional Management,724349948,DD HQ,NAIROBI HQ,NAIROBI
6026,441005,,Peter C Peter,Deputy Director - Teacher Professional Management,722323869,DD HQ,NAIROBI HQ,NAIROBI
6027,321865,,Jane Ruguru Irambu,Deputy Director - Teacher Management,722475163,DD HQ,NAIROBI HQ,NAIROBI
6028,335378,,Elijah Aruba Ogoti Omwega,Deputy Director - Teacher Management,727661253,DD HQ,NAIROBI HQ,NAIROBI
6029,348938,,Fredrick Matheri Nganga,Deputy Director - Teacher Management,724404025,DD HQ,NAIROBI HQ,NAIROBI
6030,372174,,David Kimani Mukui,Deputy Director - Teacher Discipline Management,704983683,DD HQ,NAIROBI HQ,NAIROBI
6031,374145,,Mary Kola Kalinga,Deputy Director - Teacher Discipline Management,727897411,DD HQ,NAIROBI HQ,NAIROBI
6032,387097,,Catherine Catherine Morogo,Deputy Director - Teacher Discipline Management,722613075,DD HQ,NAIROBI HQ,NAIROBI
6033,900454,,Elizabeth Katumbi Maeke,Deputy Director - Supply Chain Management Services,720617911,DD HQ,NAIROBI HQ,NAIROBI
6034,373039,,Tom Odero Akal,Deputy Director - Staffing,722557627,DD HQ,NAIROBI HQ,NAIROBI
6035,373085,,Peter Mwangi Njeru,Deputy Director - Staffing,722376454,DD HQ,NAIROBI HQ,NAIROBI
6036,389342,,Fatuma Mursal Abdi,Deputy Director - Staffing,724562533,DD HQ,NAIROBI HQ,NAIROBI
6037,1000738,,Nashon Ogumbo Mango,Deputy Director - Security services,706304891,DD HQ,NAIROBI HQ,NAIROBI
6038,1000716,,Godfrey Onyango Oding,Deputy Director - Risk Management,718599956,DD HQ,NAIROBI HQ,NAIROBI
6039,900705,,George Onyango Okech,Deputy Director - Records Management,725276622,DD HQ,NAIROBI HQ,NAIROBI
6040,800054,,Clement Wanjage Kabuti,Deputy Director - PPRI & Data,722486482,DD HQ,NAIROBI HQ,NAIROBI
6041,900722,,Flora Lydia Manyasa,Deputy Director - Legal Services,716804141,DD HQ,NAIROBI HQ,NAIROBI
6042,1000723,,Jared Nyarangi Gekombe,Deputy Director - Labour & Industrial Relations,706864446,DD HQ,NAIROBI HQ,NAIROBI
6043,1000726,,Anthony Mutua Kamunchuluhi,Deputy Director - Internal Audit,721314069,DD HQ,NAIROBI HQ,NAIROBI
6044,600279,,Nkonge Nkonge Kagwiria,Deputy Director - Internal Audit,722468742,DD HQ,NAIROBI HQ,NAIROBI
6045,1000721,,Ezekiel Kakayi Asera,Deputy Director - ICT - Systems and Innovation,721258026,DD HQ,NAIROBI HQ,NAIROBI
6046,900716,,Ephraim Ogola Musanya,Deputy Director - ICT - Infrastructure & Support,722331860,DD HQ,NAIROBI HQ,NAIROBI
6047,1000718,,Anthony Muriithi Njagi,Deputy Director - HRM,721367994,DD HQ,NAIROBI HQ,NAIROBI
6048,600505,,Ericah Jepkemoi Rutto Kipsoisoi,Deputy Director - HRM,722795435,DD HQ,NAIROBI HQ,NAIROBI
6049,700297,,Mollet Atieno Maureen Sango,Deputy Director - HRM,721730051,DD HQ,NAIROBI HQ,NAIROBI
6050,243217,,Mary Mwende Kyarungu Kakutwi,Deputy Director - HRD,722524870,DD HQ,NAIROBI HQ,NAIROBI
6051,900741,,George Munene Gichonjo,Deputy Director - Finance,724897556,DD HQ,NAIROBI HQ,NAIROBI
6052,700960,,George Oduor Okinda,Deputy Director - Administration,720819881,DD HQ,NAIROBI HQ,NAIROBI
6053,305208,,Raymond Njue Muriithi,Deputy Director - Administration,729243615,DD HQ,NAIROBI HQ,NAIROBI
6054,322365,,Paul Njuguna Njung'e,Deputy Director - Administration,728877044,DD HQ,NAIROBI HQ,NAIROBI
6055,348870,,Jane Katinda Mutua,Deputy Director - Administration,711583393,DD HQ,NAIROBI HQ,NAIROBI
6056,900501,,Patrick Ruirii Mwai,Deputy Director - Administration,721834032,DD HQ,NAIROBI HQ,NAIROBI
6057,312736,,Catherine Mkaburi Warui,Assistant Director - Teacher Professional Management,722340722,AD HQ,NAIROBI HQ,NAIROBI
6058,347961,,Tom Mboya Okaya,Assistant Director - Teacher Professional Management,713011064,AD HQ,NAIROBI HQ,NAIROBI
6059,347507,,Geoffrey Odera Etyang,Assistant Director - Teacher Professional Management,710598387,AD HQ,NAIROBI HQ,NAIROBI
6060,352984,,David Likunda Nganyi,Assistant Director - Teacher Professional Management,722731589,AD HQ,NAIROBI HQ,NAIROBI
6061,372773,,Lydia Cherop Chemayiek,Assistant Director - Teacher Professional Management,713750661,AD HQ,NAIROBI HQ,NAIROBI
6062,379957,,Charles Charles Kimaru,Assistant Director - Teacher Professional Management,722341673,AD HQ,NAIROBI HQ,NAIROBI
6063,388155,,Irene Dama Kadenge,Assistant Director - Teacher Professional Management,726856734,AD HQ,NAIROBI HQ,NAIROBI
6064,388812,,Stivian Toroitich Cheserek,Assistant Director - Teacher Professional Management,725740002,AD HQ,NAIROBI HQ,NAIROBI
6065,410616,,Issa Yarrow Abdille,Assistant Director - Teacher Professional Management,721792414,AD HQ,NAIROBI HQ,NAIROBI
6066,282127,,James Kimani Mmauta,Assistant Director - Teacher Management,721287805,AD HQ,NAIROBI HQ,NAIROBI
6067,296975,,Kezia Jeptanui Saoli,Assistant Director - Teacher Management,722319379,AD HQ,NAIROBI HQ,NAIROBI
6068,310307,,Esther Esther Onduso,Assistant Director - Teacher Management,708259720,AD HQ,NAIROBI HQ,NAIROBI
6069,350238,,Catherine Gathoni Wachira,Assistant Director - Teacher Management,720944538,AD HQ,NAIROBI HQ,NAIROBI
6070,349562,,Beatrice Londenyi Dagaye,Assistant Director - Teacher Management,725215266,AD HQ,NAIROBI HQ,NAIROBI
6071,361416,,George Okotsi Oyinda,Assistant Director - Teacher Management,718606455,AD HQ,NAIROBI HQ,NAIROBI
6072,359529,,Ruth Achieng Ayall,Assistant Director - Teacher Management,725482624,AD HQ,NAIROBI HQ,NAIROBI
6073,359257,,Douglas Maeke Mainga,Assistant Director - Teacher Management,712766299,AD HQ,NAIROBI HQ,NAIROBI
6074,357214,,Mary Millicent Odhiambo,Assistant Director - Teacher Management,721280968,AD HQ,NAIROBI HQ,NAIROBI
6075,364289,,Robert Kioko Muathe,Assistant Director - Teacher Management,700171818,AD HQ,NAIROBI HQ,NAIROBI
6076,373982,,Betty Cherono Soy,Assistant Director - Teacher Management,722355387,AD HQ,NAIROBI HQ,NAIROBI
6077,375285,,Doris Adhiambo Obondo,Assistant Director - Teacher Management,722667394,AD HQ,NAIROBI HQ,NAIROBI
6078,375328,,Faith Karambu Kithiaya,Assistant Director - Teacher Management,722734799,AD HQ,NAIROBI HQ,NAIROBI
6079,388545,,Robert Muiga Mwaniki,Assistant Director - Teacher Management,726125404,AD HQ,NAIROBI HQ,NAIROBI
6080,387353,,Francis Kanyari Kanyoro,Assistant Director - Teacher Management,720230185,AD HQ,NAIROBI HQ,NAIROBI
6081,406561,,Esther Petronila Buyiekha,Assistant Director - Teacher Management,722930102,AD HQ,NAIROBI HQ,NAIROBI
6082,442524,,Moses Moses Mandu,Assistant Director - Teacher Management,722913806,AD HQ,NAIROBI HQ,NAIROBI
6083,322144,,Monica Keziah Mugure,Assistant Director - Teacher Discipline Management,721288452,AD HQ,NAIROBI HQ,NAIROBI
6084,334718,,Hellen Nabututu Chirure,Assistant Director - Teacher Discipline Management,711748479,AD HQ,NAIROBI HQ,NAIROBI
6085,389062,,Kipkogei Mengich Kutol,Assistant Director - Teacher Discipline Management,722656716,AD HQ,NAIROBI HQ,NAIROBI
6086,303358,,Gladys Moraa Mogoba,Assistant Director - Staffing,724622340,AD HQ,NAIROBI HQ,NAIROBI
6087,322225,,Peter Kanyoni Mutugu,Assistant Director - Staffing,728685381,AD HQ,NAIROBI HQ,NAIROBI
6088,325444,,Patrick Njau Gichia,Assistant Director - Staffing,721352908,AD HQ,NAIROBI HQ,NAIROBI
6089,335739,,Luke Odwa Nyawade,Assistant Director - Staffing,726254658,AD HQ,NAIROBI HQ,NAIROBI
6090,347792,,Nichodemus Kyalo Mbaluku,Assistant Director - Staffing,724267589,AD HQ,NAIROBI HQ,NAIROBI
6091,350596,,Julius Muchomba Kiunga,Assistant Director - Staffing,726813889,AD HQ,NAIROBI HQ,NAIROBI
6092,348204,,Peninah Ayako Abwalaba,Assistant Director - Staffing,711877466,AD HQ,NAIROBI HQ,NAIROBI
6093,362881,,Ruth Tonje Kiplalon,Assistant Director - Staffing,722429803,AD HQ,NAIROBI HQ,NAIROBI
6094,356781,,Ignatius Gitari Nyamu,Assistant Director - Staffing,720340611,AD HQ,NAIROBI HQ,NAIROBI
6095,358232,,George Maurice Abungu Ochieng,Assistant Director - Staffing,721354438,AD HQ,NAIROBI HQ,NAIROBI
6096,358773,,Tasma Charles Odhiambo,Assistant Director - Staffing,721259229,AD HQ,NAIROBI HQ,NAIROBI
6097,350969,,Susan Wambui Mwangi,Assistant Director - Staffing,724852682,AD HQ,NAIROBI HQ,NAIROBI
6098,372254,,Aileen Aileen Ntinyari,Assistant Director - Staffing,722508185,AD HQ,NAIROBI HQ,NAIROBI
6099,1000719,,Andrew Namunyu Otiti,Assistant Director - Security Services,721497028,AD HQ,NAIROBI HQ,NAIROBI
6100,388068,,Isaac Barasa Batoya,"Assistant Director - Research, Innovation & Data",727954033,AD HQ,NAIROBI HQ,NAIROBI
6101,600299,,Elizabeth Nzangi Kavisi,Assistant Director - Records Management,728629088,AD HQ,NAIROBI HQ,NAIROBI
6102,600782,,Alex Kipchirchir Kibinduk,Assistant Director - Records Management,722313012,AD HQ,NAIROBI HQ,NAIROBI
6103,700888,,Jennifer Nyambura G Thuita,Assistant Director - Public Relations,722351806,AD HQ,NAIROBI HQ,NAIROBI
6104,900162,,Gilbert Nzomo Kyatha,Assistant Director - Policy & Planning,712232665,AD HQ,NAIROBI HQ,NAIROBI
6105,800171,,Lilian Wangui Kinyua,Assistant Director - Office Administrator,710322603,AD HQ,NAIROBI HQ,NAIROBI
6106,500499,,Susan Wakonyo Mwangi,Assistant Director - Office Administrator,722406174,AD HQ,NAIROBI HQ,NAIROBI
6107,600835,,Nancy Nancy Ngina,Assistant Director - Office Administrator,720212182,AD HQ,NAIROBI HQ,NAIROBI
6108,900930,,Patrick Owino Mulaku,Assistant Director - Legal Services,720075173,AD HQ,NAIROBI HQ,NAIROBI
6109,900933,,Isaac Ochieng' Odhiambo,Assistant Director - Legal Services,718987402,AD HQ,NAIROBI HQ,NAIROBI
6110,700849,,Wilfrida Moraa Momanyi Bichanga,Assistant Director - Internal Audit - Information Systems,722459504,AD HQ,NAIROBI HQ,NAIROBI
6111,700402,,Grace Akech Okello,Assistant Director - Internal Audit,254283755,AD HQ,NAIROBI HQ,NAIROBI
6112,700709,,Everlyne Jebet Keitany,Assistant Director - ICT - Systems & Innovation,722864986,AD HQ,NAIROBI HQ,NAIROBI
6113,700222,,Benjamin Magira Githinji,Assistant Director - ICT - Infrastructure & Support,725821672,AD HQ,NAIROBI HQ,NAIROBI
6114,700384,,Samuel Mwenda Kithinji,Assistant Director - ICT - Information Security,722234920,AD HQ,NAIROBI HQ,NAIROBI
6115,600230,,Jennifer Waithira Ndege,Assistant Director - HRM,722251145,AD HQ,NAIROBI HQ,NAIROBI
6116,600527,,Judith Atieno Evelyne Oruko,Assistant Director - HRM,721226064,AD HQ,NAIROBI HQ,NAIROBI
6117,600754,,Jane Kaari Njeru,Assistant Director - HRM,722725896,AD HQ,NAIROBI HQ,NAIROBI
6118,600902,,Jane Kemunto Mose,Assistant Director - HRM,726829455,AD HQ,NAIROBI HQ,NAIROBI
6119,700260,,Juliet Wambeti Nyagah,Assistant Director - HRM,733835609,AD HQ,NAIROBI HQ,NAIROBI
6120,700687,,Isaac Lelei Ronoh,Assistant Director - HRM,720846778,AD HQ,NAIROBI HQ,NAIROBI
6121,800208,,Caroline Masiyoi Saigilu,Assistant Director - HRM,720843907,AD HQ,NAIROBI HQ,NAIROBI
6122,600779,,Said Chege Gabre,Assistant Director - Finance,721702154,AD HQ,NAIROBI HQ,NAIROBI
6123,377303,,Wilson Kiplagat Kigen,Assistant Director - Finance,722689738,AD HQ,NAIROBI HQ,NAIROBI
6124,1000722,,Purity Wambui Mwangi,Assistant Director - Facility Management,711179066,AD HQ,NAIROBI HQ,NAIROBI
6125,700727,,Joanne Joanne Onyonke,Assistant Director - Counsellor,725876707,AD HQ,NAIROBI HQ,NAIROBI
6126,800309,,Lillian Kavindu Mutiso,Assistant Director - Corporate Affairs,721704252,AD HQ,NAIROBI HQ,NAIROBI
6127,187380,,Julie Stella Ogoye,Assistant Director - Administrative Services,720788449,AD HQ,NAIROBI HQ,NAIROBI
6128,600144,,Lucy Kainyu Mputhia,Assistant Director - Administrative Services,722787183,AD HQ,NAIROBI HQ,NAIROBI
6129,600124,,Keziah Waithira Mwangi,Assistant Director - Administrative Services,722247977,AD HQ,NAIROBI HQ,NAIROBI
6130,322202,,Asumpter Kavute Muthami Mutisya,Assistant Director - Administrative Services,718767214,AD HQ,NAIROBI HQ,NAIROBI
6131,372403,,Florence Lisa Chelimo,Assistant Director - Administrative Services,713131495,AD HQ,NAIROBI HQ,NAIROBI
6132,700015,,Irene Gatwiri Mutua,Assistant Director - Administrative Services,722947489,AD HQ,NAIROBI HQ,NAIROBI
6133,700180,,Peter Munyoki Mati,Assistant Director - Administrative Services,722811943,AD HQ,NAIROBI HQ,NAIROBI
6134,700616,,Elizabeth Ndanu Toma,Assistant Director - Administrative Services,722444845,AD HQ,NAIROBI HQ,NAIROBI
6135,700801,,Sheila Jematia Dal Maiyo,Assistant Director - Administrative Services,720811881,AD HQ,NAIROBI HQ,NAIROBI
6136,800015,,Leona Nyangate Omariba,Assistant Director - Administrative Services,796459445,AD HQ,NAIROBI HQ,NAIROBI
6137,800326,,Annerita Itubo Imalu,Assistant Director - Administrative Services,728841492,AD HQ,NAIROBI HQ,NAIROBI
6138,800255,,Nancy Mumbi Kihara,Assistant Director - Administrative Services,710413763,AD HQ,NAIROBI HQ,NAIROBI
6139,800875,,Jamaa Ibrahim Mohammed,Assistant Director - Administrative Services,725742315,AD HQ,NAIROBI HQ,NAIROBI
6140,500473,,John John Karanja,Assistant Director - Accounts,721289148,AD HQ,NAIROBI HQ,NAIROBI
6141,600479,,George Onyango Odawo,Assistant Director - Accounts,729571541,AD HQ,NAIROBI HQ,NAIROBI
6142,600935,,Fredrick Njoroge Waithaka,Assistant Director - Accounts,718044757,AD HQ,NAIROBI HQ,NAIROBI
6143,600937,,Sarah Cherono Chepchirchir,Assistant Director - Accounts,721865645,AD HQ,NAIROBI HQ,NAIROBI
6144,800019,,Jaquelyne Kigasha Njoroge,Assistant Director - Accounts,722322577,AD HQ,NAIROBI HQ,NAIROBI
6145,900856,30491626,  ,,,,,
